[2025-12-31 14:52:47] production.ERROR: require(D:\Smart Damage Assessment System\backend\routes/auth.php): Failed to open stream: No such file or directory {"exception":"[object] (ErrorException(code: 0): require(D:\\Smart Damage Assessment System\\backend\\routes/auth.php): Failed to open stream: No such file or directory at D:\\Smart Damage Assessment System\\backend\\routes\\web.php:18)
[stacktrace]
#0 D:\\Smart Damage Assessment System\\backend\\vendor\\laravel\\framework\\src\\Illuminate\\Foundation\\Bootstrap\\HandleExceptions.php(258): Illuminate\\Foundation\\Bootstrap\\HandleExceptions->handleError(2, 'require(D:\\\\Smar...', 'D:\\\\Smart Damage...', 18)
#1 D:\\Smart Damage Assessment System\\backend\\routes\\web.php(18): Illuminate\\Foundation\\Bootstrap\\HandleExceptions->Illuminate\\Foundation\\Bootstrap\\{closure}(2, 'require(D:\\\\Smar...', 'D:\\\\Smart Damage...', 18)
#2 D:\\Smart Damage Assessment System\\backend\\routes\\web.php(18): require('D:\\\\Smart Damage...')
#3 D:\\Smart Damage Assessment System\\backend\\vendor\\laravel\\framework\\src\\Illuminate\\Routing\\RouteFileRegistrar.php(35): require('D:\\\\Smart Damage...')
#4 D:\\Smart Damage Assessment System\\backend\\vendor\\laravel\\framework\\src\\Illuminate\\Routing\\Router.php(513): Illuminate\\Routing\\RouteFileRegistrar->register('D:\\\\Smart Damage...')
#5 D:\\Smart Damage Assessment System\\backend\\vendor\\laravel\\framework\\src\\Illuminate\\Routing\\Router.php(467): Illuminate\\Routing\\Router->loadRoutes('D:\\\\Smart Damage...')
#6 D:\\Smart Damage Assessment System\\backend\\vendor\\laravel\\framework\\src\\Illuminate\\Routing\\RouteRegistrar.php(207): Illuminate\\Routing\\Router->group(Array, 'D:\\\\Smart Damage...')
#7 D:\\Smart Damage Assessment System\\backend\\vendor\\laravel\\framework\\src\\Illuminate\\Foundation\\Configuration\\ApplicationBuilder.php(248): Illuminate\\Routing\\RouteRegistrar->group('D:\\\\Smart Damage...')
#8 D:\\Smart Damage Assessment System\\backend\\vendor\\laravel\\framework\\src\\Illuminate\\Container\\BoundMethod.php(36): Illuminate\\Foundation\\Configuration\\ApplicationBuilder->Illuminate\\Foundation\\Configuration\\{closure}()
#9 D:\\Smart Damage Assessment System\\backend\\vendor\\laravel\\framework\\src\\Illuminate\\Container\\Util.php(43): Illuminate\\Container\\BoundMethod::Illuminate\\Container\\{closure}()
#10 D:\\Smart Damage Assessment System\\backend\\vendor\\laravel\\framework\\src\\Illuminate\\Container\\BoundMethod.php(83): Illuminate\\Container\\Util::unwrapIfClosure(Object(Closure))
#11 D:\\Smart Damage Assessment System\\backend\\vendor\\laravel\\framework\\src\\Illuminate\\Container\\BoundMethod.php(35): Illuminate\\Container\\BoundMethod::callBoundMethod(Object(Illuminate\\Foundation\\Application), Object(Closure), Object(Closure))
#12 D:\\Smart Damage Assessment System\\backend\\vendor\\laravel\\framework\\src\\Illuminate\\Container\\Container.php(696): Illuminate\\Container\\BoundMethod::call(Object(Illuminate\\Foundation\\Application), Object(Closure), Array, NULL)
#13 D:\\Smart Damage Assessment System\\backend\\vendor\\laravel\\framework\\src\\Illuminate\\Foundation\\Support\\Providers\\RouteServiceProvider.php(162): Illuminate\\Container\\Container->call(Object(Closure))
#14 D:\\Smart Damage Assessment System\\backend\\vendor\\laravel\\framework\\src\\Illuminate\\Foundation\\Support\\Providers\\RouteServiceProvider.php(59): Illuminate\\Foundation\\Support\\Providers\\RouteServiceProvider->loadRoutes()
#15 D:\\Smart Damage Assessment System\\backend\\vendor\\laravel\\framework\\src\\Illuminate\\Container\\BoundMethod.php(36): Illuminate\\Foundation\\Support\\Providers\\RouteServiceProvider->Illuminate\\Foundation\\Support\\Providers\\{closure}()
#16 D:\\Smart Damage Assessment System\\backend\\vendor\\laravel\\framework\\src\\Illuminate\\Container\\Util.php(43): Illuminate\\Container\\BoundMethod::Illuminate\\Container\\{closure}()
#17 D:\\Smart Damage Assessment System\\backend\\vendor\\laravel\\framework\\src\\Illuminate\\Container\\BoundMethod.php(83): Illuminate\\Container\\Util::unwrapIfClosure(Object(Closure))
#18 D:\\Smart Damage Assessment System\\backend\\vendor\\laravel\\framework\\src\\Illuminate\\Container\\BoundMethod.php(35): Illuminate\\Container\\BoundMethod::callBoundMethod(Object(Illuminate\\Foundation\\Application), Object(Closure), Object(Closure))
#19 D:\\Smart Damage Assessment System\\backend\\vendor\\laravel\\framework\\src\\Illuminate\\Container\\Container.php(696): Illuminate\\Container\\BoundMethod::call(Object(Illuminate\\Foundation\\Application), Object(Closure), Array, NULL)
#20 D:\\Smart Damage Assessment System\\backend\\vendor\\laravel\\framework\\src\\Illuminate\\Support\\ServiceProvider.php(144): Illuminate\\Container\\Container->call(Object(Closure))
#21 D:\\Smart Damage Assessment System\\backend\\vendor\\laravel\\framework\\src\\Illuminate\\Foundation\\Application.php(1154): Illuminate\\Support\\ServiceProvider->callBootedCallbacks()
#22 D:\\Smart Damage Assessment System\\backend\\vendor\\laravel\\framework\\src\\Illuminate\\Foundation\\Application.php(1132): Illuminate\\Foundation\\Application->bootProvider(Object(Illuminate\\Foundation\\Support\\Providers\\RouteServiceProvider))
#23 [internal function]: Illuminate\\Foundation\\Application->Illuminate\\Foundation\\{closure}(Object(Illuminate\\Foundation\\Support\\Providers\\RouteServiceProvider), 'Illuminate\\\\Foun...')
#24 D:\\Smart Damage Assessment System\\backend\\vendor\\laravel\\framework\\src\\Illuminate\\Foundation\\Application.php(1131): array_walk(Array, Object(Closure))
#25 D:\\Smart Damage Assessment System\\backend\\vendor\\laravel\\framework\\src\\Illuminate\\Foundation\\Bootstrap\\BootProviders.php(17): Illuminate\\Foundation\\Application->boot()
#26 D:\\Smart Damage Assessment System\\backend\\vendor\\laravel\\framework\\src\\Illuminate\\Foundation\\Application.php(342): Illuminate\\Foundation\\Bootstrap\\BootProviders->bootstrap(Object(Illuminate\\Foundation\\Application))
#27 D:\\Smart Damage Assessment System\\backend\\vendor\\laravel\\framework\\src\\Illuminate\\Foundation\\Console\\Kernel.php(474): Illuminate\\Foundation\\Application->bootstrapWith(Array)
#28 D:\\Smart Damage Assessment System\\backend\\vendor\\laravel\\framework\\src\\Illuminate\\Foundation\\Console\\Kernel.php(196): Illuminate\\Foundation\\Console\\Kernel->bootstrap()
#29 D:\\Smart Damage Assessment System\\backend\\artisan(35): Illuminate\\Foundation\\Console\\Kernel->handle(Object(Symfony\\Component\\Console\\Input\\ArgvInput), Object(Symfony\\Component\\Console\\Output\\ConsoleOutput))
#30 {main}
"} 
[2025-12-31 14:54:26] production.ERROR: file_get_contents(D:\Smart Damage Assessment System\backend\.env): Failed to open stream: No such file or directory {"exception":"[object] (ErrorException(code: 0): file_get_contents(D:\\Smart Damage Assessment System\\backend\\.env): Failed to open stream: No such file or directory at D:\\Smart Damage Assessment System\\backend\\vendor\\laravel\\framework\\src\\Illuminate\\Foundation\\Console\\KeyGenerateCommand.php:100)
[stacktrace]
#0 D:\\Smart Damage Assessment System\\backend\\vendor\\laravel\\framework\\src\\Illuminate\\Foundation\\Bootstrap\\HandleExceptions.php(258): Illuminate\\Foundation\\Bootstrap\\HandleExceptions->handleError(2, 'file_get_conten...', 'D:\\\\Smart Damage...', 100)
#1 [internal function]: Illuminate\\Foundation\\Bootstrap\\HandleExceptions->Illuminate\\Foundation\\Bootstrap\\{closure}(2, 'file_get_conten...', 'D:\\\\Smart Damage...', 100)
#2 D:\\Smart Damage Assessment System\\backend\\vendor\\laravel\\framework\\src\\Illuminate\\Foundation\\Console\\KeyGenerateCommand.php(100): file_get_contents('D:\\\\Smart Damage...')
#3 D:\\Smart Damage Assessment System\\backend\\vendor\\laravel\\framework\\src\\Illuminate\\Foundation\\Console\\KeyGenerateCommand.php(82): Illuminate\\Foundation\\Console\\KeyGenerateCommand->writeNewEnvironmentFileWith('base64:eNj1LsXC...')
#4 D:\\Smart Damage Assessment System\\backend\\vendor\\laravel\\framework\\src\\Illuminate\\Foundation\\Console\\KeyGenerateCommand.php(47): Illuminate\\Foundation\\Console\\KeyGenerateCommand->setKeyInEnvironmentFile('base64:eNj1LsXC...')
#5 D:\\Smart Damage Assessment System\\backend\\vendor\\laravel\\framework\\src\\Illuminate\\Container\\BoundMethod.php(36): Illuminate\\Foundation\\Console\\KeyGenerateCommand->handle()
#6 D:\\Smart Damage Assessment System\\backend\\vendor\\laravel\\framework\\src\\Illuminate\\Container\\Util.php(43): Illuminate\\Container\\BoundMethod::Illuminate\\Container\\{closure}()
#7 D:\\Smart Damage Assessment System\\backend\\vendor\\laravel\\framework\\src\\Illuminate\\Container\\BoundMethod.php(95): Illuminate\\Container\\Util::unwrapIfClosure(Object(Closure))
#8 D:\\Smart Damage Assessment System\\backend\\vendor\\laravel\\framework\\src\\Illuminate\\Container\\BoundMethod.php(35): Illuminate\\Container\\BoundMethod::callBoundMethod(Object(Illuminate\\Foundation\\Application), Array, Object(Closure))
#9 D:\\Smart Damage Assessment System\\backend\\vendor\\laravel\\framework\\src\\Illuminate\\Container\\Container.php(696): Illuminate\\Container\\BoundMethod::call(Object(Illuminate\\Foundation\\Application), Array, Array, NULL)
#10 D:\\Smart Damage Assessment System\\backend\\vendor\\laravel\\framework\\src\\Illuminate\\Console\\Command.php(213): Illuminate\\Container\\Container->call(Array)
#11 D:\\Smart Damage Assessment System\\backend\\vendor\\symfony\\console\\Command\\Command.php(341): Illuminate\\Console\\Command->execute(Object(Symfony\\Component\\Console\\Input\\ArgvInput), Object(Illuminate\\Console\\OutputStyle))
#12 D:\\Smart Damage Assessment System\\backend\\vendor\\laravel\\framework\\src\\Illuminate\\Console\\Command.php(182): Symfony\\Component\\Console\\Command\\Command->run(Object(Symfony\\Component\\Console\\Input\\ArgvInput), Object(Illuminate\\Console\\OutputStyle))
#13 D:\\Smart Damage Assessment System\\backend\\vendor\\symfony\\console\\Application.php(1102): Illuminate\\Console\\Command->run(Object(Symfony\\Component\\Console\\Input\\ArgvInput), Object(Symfony\\Component\\Console\\Output\\ConsoleOutput))
#14 D:\\Smart Damage Assessment System\\backend\\vendor\\symfony\\console\\Application.php(356): Symfony\\Component\\Console\\Application->doRunCommand(Object(Illuminate\\Foundation\\Console\\KeyGenerateCommand), Object(Symfony\\Component\\Console\\Input\\ArgvInput), Object(Symfony\\Component\\Console\\Output\\ConsoleOutput))
#15 D:\\Smart Damage Assessment System\\backend\\vendor\\symfony\\console\\Application.php(195): Symfony\\Component\\Console\\Application->doRun(Object(Symfony\\Component\\Console\\Input\\ArgvInput), Object(Symfony\\Component\\Console\\Output\\ConsoleOutput))
#16 D:\\Smart Damage Assessment System\\backend\\vendor\\laravel\\framework\\src\\Illuminate\\Foundation\\Console\\Kernel.php(198): Symfony\\Component\\Console\\Application->run(Object(Symfony\\Component\\Console\\Input\\ArgvInput), Object(Symfony\\Component\\Console\\Output\\ConsoleOutput))
#17 D:\\Smart Damage Assessment System\\backend\\artisan(35): Illuminate\\Foundation\\Console\\Kernel->handle(Object(Symfony\\Component\\Console\\Input\\ArgvInput), Object(Symfony\\Component\\Console\\Output\\ConsoleOutput))
#18 {main}
"} 
[2026-01-15 12:40:03] local.ERROR: file_get_contents(D:\Smart Damage Assessment System\backend\resources\views/welcome.blade.php): Failed to open stream: No such file or directory {"exception":"[object] (ErrorException(code: 0): file_get_contents(D:\\Smart Damage Assessment System\\backend\\resources\\views/welcome.blade.php): Failed to open stream: No such file or directory at D:\\Smart Damage Assessment System\\backend\\vendor\\laravel\\breeze\\src\\Console\\InstallCommand.php:329)
[stacktrace]
#0 D:\\Smart Damage Assessment System\\backend\\vendor\\laravel\\framework\\src\\Illuminate\\Foundation\\Bootstrap\\HandleExceptions.php(258): Illuminate\\Foundation\\Bootstrap\\HandleExceptions->handleError(2, 'file_get_conten...', 'D:\\\\Smart Damage...', 329)
#1 [internal function]: Illuminate\\Foundation\\Bootstrap\\HandleExceptions->Illuminate\\Foundation\\Bootstrap\\{closure}(2, 'file_get_conten...', 'D:\\\\Smart Damage...', 329)
#2 D:\\Smart Damage Assessment System\\backend\\vendor\\laravel\\breeze\\src\\Console\\InstallCommand.php(329): file_get_contents('D:\\\\Smart Damage...')
#3 D:\\Smart Damage Assessment System\\backend\\vendor\\laravel\\breeze\\src\\Console\\InstallsBladeStack.php(63): Laravel\\Breeze\\Console\\InstallCommand->replaceInFile('/home', '/dashboard', 'D:\\\\Smart Damage...')
#4 D:\\Smart Damage Assessment System\\backend\\vendor\\laravel\\breeze\\src\\Console\\InstallCommand.php(61): Laravel\\Breeze\\Console\\InstallCommand->installBladeStack()
#5 D:\\Smart Damage Assessment System\\backend\\vendor\\laravel\\framework\\src\\Illuminate\\Container\\BoundMethod.php(36): Laravel\\Breeze\\Console\\InstallCommand->handle()
#6 D:\\Smart Damage Assessment System\\backend\\vendor\\laravel\\framework\\src\\Illuminate\\Container\\Util.php(43): Illuminate\\Container\\BoundMethod::Illuminate\\Container\\{closure}()
#7 D:\\Smart Damage Assessment System\\backend\\vendor\\laravel\\framework\\src\\Illuminate\\Container\\BoundMethod.php(95): Illuminate\\Container\\Util::unwrapIfClosure(Object(Closure))
#8 D:\\Smart Damage Assessment System\\backend\\vendor\\laravel\\framework\\src\\Illuminate\\Container\\BoundMethod.php(35): Illuminate\\Container\\BoundMethod::callBoundMethod(Object(Illuminate\\Foundation\\Application), Array, Object(Closure))
#9 D:\\Smart Damage Assessment System\\backend\\vendor\\laravel\\framework\\src\\Illuminate\\Container\\Container.php(696): Illuminate\\Container\\BoundMethod::call(Object(Illuminate\\Foundation\\Application), Array, Array, NULL)
#10 D:\\Smart Damage Assessment System\\backend\\vendor\\laravel\\framework\\src\\Illuminate\\Console\\Command.php(213): Illuminate\\Container\\Container->call(Array)
#11 D:\\Smart Damage Assessment System\\backend\\vendor\\symfony\\console\\Command\\Command.php(341): Illuminate\\Console\\Command->execute(Object(Symfony\\Component\\Console\\Input\\ArgvInput), Object(Illuminate\\Console\\OutputStyle))
#12 D:\\Smart Damage Assessment System\\backend\\vendor\\laravel\\framework\\src\\Illuminate\\Console\\Command.php(182): Symfony\\Component\\Console\\Command\\Command->run(Object(Symfony\\Component\\Console\\Input\\ArgvInput), Object(Illuminate\\Console\\OutputStyle))
#13 D:\\Smart Damage Assessment System\\backend\\vendor\\symfony\\console\\Application.php(1102): Illuminate\\Console\\Command->run(Object(Symfony\\Component\\Console\\Input\\ArgvInput), Object(Symfony\\Component\\Console\\Output\\ConsoleOutput))
#14 D:\\Smart Damage Assessment System\\backend\\vendor\\symfony\\console\\Application.php(356): Symfony\\Component\\Console\\Application->doRunCommand(Object(Laravel\\Breeze\\Console\\InstallCommand), Object(Symfony\\Component\\Console\\Input\\ArgvInput), Object(Symfony\\Component\\Console\\Output\\ConsoleOutput))
#15 D:\\Smart Damage Assessment System\\backend\\vendor\\symfony\\console\\Application.php(195): Symfony\\Component\\Console\\Application->doRun(Object(Symfony\\Component\\Console\\Input\\ArgvInput), Object(Symfony\\Component\\Console\\Output\\ConsoleOutput))
#16 D:\\Smart Damage Assessment System\\backend\\vendor\\laravel\\framework\\src\\Illuminate\\Foundation\\Console\\Kernel.php(198): Symfony\\Component\\Console\\Application->run(Object(Symfony\\Component\\Console\\Input\\ArgvInput), Object(Symfony\\Component\\Console\\Output\\ConsoleOutput))
#17 D:\\Smart Damage Assessment System\\backend\\artisan(35): Illuminate\\Foundation\\Console\\Kernel->handle(Object(Symfony\\Component\\Console\\Input\\ArgvInput), Object(Symfony\\Component\\Console\\Output\\ConsoleOutput))
#18 {main}
"} 
[2026-01-15 12:54:46] local.ERROR: View [welcome] not found. {"exception":"[object] (InvalidArgumentException(code: 0): View [welcome] not found. at D:\\Smart Damage Assessment System\\backend\\vendor\\laravel\\framework\\src\\Illuminate\\View\\FileViewFinder.php:139)
[stacktrace]
#0 D:\\Smart Damage Assessment System\\backend\\vendor\\laravel\\framework\\src\\Illuminate\\View\\FileViewFinder.php(79): Illuminate\\View\\FileViewFinder->findInPaths('welcome', Array)
#1 D:\\Smart Damage Assessment System\\backend\\vendor\\laravel\\framework\\src\\Illuminate\\View\\Factory.php(151): Illuminate\\View\\FileViewFinder->find('welcome')
#2 D:\\Smart Damage Assessment System\\backend\\vendor\\laravel\\framework\\src\\Illuminate\\Foundation\\helpers.php(1062): Illuminate\\View\\Factory->make('welcome', Array, Array)
#3 D:\\Smart Damage Assessment System\\backend\\routes\\web.php(7): view('welcome')
#4 D:\\Smart Damage Assessment System\\backend\\vendor\\laravel\\framework\\src\\Illuminate\\Routing\\CallableDispatcher.php(40): Illuminate\\Routing\\RouteFileRegistrar->{closure}()
#5 D:\\Smart Damage Assessment System\\backend\\vendor\\laravel\\framework\\src\\Illuminate\\Routing\\Route.php(244): Illuminate\\Routing\\CallableDispatcher->dispatch(Object(Illuminate\\Routing\\Route), Object(Closure))
#6 D:\\Smart Damage Assessment System\\backend\\vendor\\laravel\\framework\\src\\Illuminate\\Routing\\Route.php(215): Illuminate\\Routing\\Route->runCallable()
#7 D:\\Smart Damage Assessment System\\backend\\vendor\\laravel\\framework\\src\\Illuminate\\Routing\\Router.php(808): Illuminate\\Routing\\Route->run()
#8 D:\\Smart Damage Assessment System\\backend\\vendor\\laravel\\framework\\src\\Illuminate\\Pipeline\\Pipeline.php(170): Illuminate\\Routing\\Router->Illuminate\\Routing\\{closure}(Object(Illuminate\\Http\\Request))
#9 D:\\Smart Damage Assessment System\\backend\\vendor\\laravel\\framework\\src\\Illuminate\\Routing\\Middleware\\SubstituteBindings.php(51): Illuminate\\Pipeline\\Pipeline->Illuminate\\Pipeline\\{closure}(Object(Illuminate\\Http\\Request))
#10 D:\\Smart Damage Assessment System\\backend\\vendor\\laravel\\framework\\src\\Illuminate\\Pipeline\\Pipeline.php(209): Illuminate\\Routing\\Middleware\\SubstituteBindings->handle(Object(Illuminate\\Http\\Request), Object(Closure))
#11 D:\\Smart Damage Assessment System\\backend\\vendor\\laravel\\framework\\src\\Illuminate\\Foundation\\Http\\Middleware\\VerifyCsrfToken.php(88): Illuminate\\Pipeline\\Pipeline->Illuminate\\Pipeline\\{closure}(Object(Illuminate\\Http\\Request))
#12 D:\\Smart Damage Assessment System\\backend\\vendor\\laravel\\framework\\src\\Illuminate\\Pipeline\\Pipeline.php(209): Illuminate\\Foundation\\Http\\Middleware\\VerifyCsrfToken->handle(Object(Illuminate\\Http\\Request), Object(Closure))
#13 D:\\Smart Damage Assessment System\\backend\\vendor\\laravel\\framework\\src\\Illuminate\\View\\Middleware\\ShareErrorsFromSession.php(49): Illuminate\\Pipeline\\Pipeline->Illuminate\\Pipeline\\{closure}(Object(Illuminate\\Http\\Request))
#14 D:\\Smart Damage Assessment System\\backend\\vendor\\laravel\\framework\\src\\Illuminate\\Pipeline\\Pipeline.php(209): Illuminate\\View\\Middleware\\ShareErrorsFromSession->handle(Object(Illuminate\\Http\\Request), Object(Closure))
#15 D:\\Smart Damage Assessment System\\backend\\vendor\\laravel\\framework\\src\\Illuminate\\Session\\Middleware\\StartSession.php(121): Illuminate\\Pipeline\\Pipeline->Illuminate\\Pipeline\\{closure}(Object(Illuminate\\Http\\Request))
#16 D:\\Smart Damage Assessment System\\backend\\vendor\\laravel\\framework\\src\\Illuminate\\Session\\Middleware\\StartSession.php(64): Illuminate\\Session\\Middleware\\StartSession->handleStatefulRequest(Object(Illuminate\\Http\\Request), Object(Illuminate\\Session\\Store), Object(Closure))
#17 D:\\Smart Damage Assessment System\\backend\\vendor\\laravel\\framework\\src\\Illuminate\\Pipeline\\Pipeline.php(209): Illuminate\\Session\\Middleware\\StartSession->handle(Object(Illuminate\\Http\\Request), Object(Closure))
#18 D:\\Smart Damage Assessment System\\backend\\vendor\\laravel\\framework\\src\\Illuminate\\Cookie\\Middleware\\AddQueuedCookiesToResponse.php(37): Illuminate\\Pipeline\\Pipeline->Illuminate\\Pipeline\\{closure}(Object(Illuminate\\Http\\Request))
#19 D:\\Smart Damage Assessment System\\backend\\vendor\\laravel\\framework\\src\\Illuminate\\Pipeline\\Pipeline.php(209): Illuminate\\Cookie\\Middleware\\AddQueuedCookiesToResponse->handle(Object(Illuminate\\Http\\Request), Object(Closure))
#20 D:\\Smart Damage Assessment System\\backend\\vendor\\laravel\\framework\\src\\Illuminate\\Cookie\\Middleware\\EncryptCookies.php(75): Illuminate\\Pipeline\\Pipeline->Illuminate\\Pipeline\\{closure}(Object(Illuminate\\Http\\Request))
#21 D:\\Smart Damage Assessment System\\backend\\vendor\\laravel\\framework\\src\\Illuminate\\Pipeline\\Pipeline.php(209): Illuminate\\Cookie\\Middleware\\EncryptCookies->handle(Object(Illuminate\\Http\\Request), Object(Closure))
#22 D:\\Smart Damage Assessment System\\backend\\vendor\\laravel\\framework\\src\\Illuminate\\Pipeline\\Pipeline.php(127): Illuminate\\Pipeline\\Pipeline->Illuminate\\Pipeline\\{closure}(Object(Illuminate\\Http\\Request))
#23 D:\\Smart Damage Assessment System\\backend\\vendor\\laravel\\framework\\src\\Illuminate\\Routing\\Router.php(807): Illuminate\\Pipeline\\Pipeline->then(Object(Closure))
#24 D:\\Smart Damage Assessment System\\backend\\vendor\\laravel\\framework\\src\\Illuminate\\Routing\\Router.php(786): Illuminate\\Routing\\Router->runRouteWithinStack(Object(Illuminate\\Routing\\Route), Object(Illuminate\\Http\\Request))
#25 D:\\Smart Damage Assessment System\\backend\\vendor\\laravel\\framework\\src\\Illuminate\\Routing\\Router.php(750): Illuminate\\Routing\\Router->runRoute(Object(Illuminate\\Http\\Request), Object(Illuminate\\Routing\\Route))
#26 D:\\Smart Damage Assessment System\\backend\\vendor\\laravel\\framework\\src\\Illuminate\\Routing\\Router.php(739): Illuminate\\Routing\\Router->dispatchToRoute(Object(Illuminate\\Http\\Request))
#27 D:\\Smart Damage Assessment System\\backend\\vendor\\laravel\\framework\\src\\Illuminate\\Foundation\\Http\\Kernel.php(201): Illuminate\\Routing\\Router->dispatch(Object(Illuminate\\Http\\Request))
#28 D:\\Smart Damage Assessment System\\backend\\vendor\\laravel\\framework\\src\\Illuminate\\Pipeline\\Pipeline.php(170): Illuminate\\Foundation\\Http\\Kernel->Illuminate\\Foundation\\Http\\{closure}(Object(Illuminate\\Http\\Request))
#29 D:\\Smart Damage Assessment System\\backend\\vendor\\laravel\\framework\\src\\Illuminate\\Foundation\\Http\\Middleware\\TransformsRequest.php(21): Illuminate\\Pipeline\\Pipeline->Illuminate\\Pipeline\\{closure}(Object(Illuminate\\Http\\Request))
#30 D:\\Smart Damage Assessment System\\backend\\vendor\\laravel\\framework\\src\\Illuminate\\Foundation\\Http\\Middleware\\ConvertEmptyStringsToNull.php(31): Illuminate\\Foundation\\Http\\Middleware\\TransformsRequest->handle(Object(Illuminate\\Http\\Request), Object(Closure))
#31 D:\\Smart Damage Assessment System\\backend\\vendor\\laravel\\framework\\src\\Illuminate\\Pipeline\\Pipeline.php(209): Illuminate\\Foundation\\Http\\Middleware\\ConvertEmptyStringsToNull->handle(Object(Illuminate\\Http\\Request), Object(Closure))
#32 D:\\Smart Damage Assessment System\\backend\\vendor\\laravel\\framework\\src\\Illuminate\\Foundation\\Http\\Middleware\\TransformsRequest.php(21): Illuminate\\Pipeline\\Pipeline->Illuminate\\Pipeline\\{closure}(Object(Illuminate\\Http\\Request))
#33 D:\\Smart Damage Assessment System\\backend\\vendor\\laravel\\framework\\src\\Illuminate\\Foundation\\Http\\Middleware\\TrimStrings.php(51): Illuminate\\Foundation\\Http\\Middleware\\TransformsRequest->handle(Object(Illuminate\\Http\\Request), Object(Closure))
#34 D:\\Smart Damage Assessment System\\backend\\vendor\\laravel\\framework\\src\\Illuminate\\Pipeline\\Pipeline.php(209): Illuminate\\Foundation\\Http\\Middleware\\TrimStrings->handle(Object(Illuminate\\Http\\Request), Object(Closure))
#35 D:\\Smart Damage Assessment System\\backend\\vendor\\laravel\\framework\\src\\Illuminate\\Http\\Middleware\\ValidatePostSize.php(27): Illuminate\\Pipeline\\Pipeline->Illuminate\\Pipeline\\{closure}(Object(Illuminate\\Http\\Request))
#36 D:\\Smart Damage Assessment System\\backend\\vendor\\laravel\\framework\\src\\Illuminate\\Pipeline\\Pipeline.php(209): Illuminate\\Http\\Middleware\\ValidatePostSize->handle(Object(Illuminate\\Http\\Request), Object(Closure))
#37 D:\\Smart Damage Assessment System\\backend\\vendor\\laravel\\framework\\src\\Illuminate\\Foundation\\Http\\Middleware\\PreventRequestsDuringMaintenance.php(110): Illuminate\\Pipeline\\Pipeline->Illuminate\\Pipeline\\{closure}(Object(Illuminate\\Http\\Request))
#38 D:\\Smart Damage Assessment System\\backend\\vendor\\laravel\\framework\\src\\Illuminate\\Pipeline\\Pipeline.php(209): Illuminate\\Foundation\\Http\\Middleware\\PreventRequestsDuringMaintenance->handle(Object(Illuminate\\Http\\Request), Object(Closure))
#39 D:\\Smart Damage Assessment System\\backend\\vendor\\laravel\\framework\\src\\Illuminate\\Http\\Middleware\\HandleCors.php(49): Illuminate\\Pipeline\\Pipeline->Illuminate\\Pipeline\\{closure}(Object(Illuminate\\Http\\Request))
#40 D:\\Smart Damage Assessment System\\backend\\vendor\\laravel\\framework\\src\\Illuminate\\Pipeline\\Pipeline.php(209): Illuminate\\Http\\Middleware\\HandleCors->handle(Object(Illuminate\\Http\\Request), Object(Closure))
#41 D:\\Smart Damage Assessment System\\backend\\vendor\\laravel\\framework\\src\\Illuminate\\Http\\Middleware\\TrustProxies.php(58): Illuminate\\Pipeline\\Pipeline->Illuminate\\Pipeline\\{closure}(Object(Illuminate\\Http\\Request))
#42 D:\\Smart Damage Assessment System\\backend\\vendor\\laravel\\framework\\src\\Illuminate\\Pipeline\\Pipeline.php(209): Illuminate\\Http\\Middleware\\TrustProxies->handle(Object(Illuminate\\Http\\Request), Object(Closure))
#43 D:\\Smart Damage Assessment System\\backend\\vendor\\laravel\\framework\\src\\Illuminate\\Foundation\\Http\\Middleware\\InvokeDeferredCallbacks.php(22): Illuminate\\Pipeline\\Pipeline->Illuminate\\Pipeline\\{closure}(Object(Illuminate\\Http\\Request))
#44 D:\\Smart Damage Assessment System\\backend\\vendor\\laravel\\framework\\src\\Illuminate\\Pipeline\\Pipeline.php(209): Illuminate\\Foundation\\Http\\Middleware\\InvokeDeferredCallbacks->handle(Object(Illuminate\\Http\\Request), Object(Closure))
#45 D:\\Smart Damage Assessment System\\backend\\vendor\\laravel\\framework\\src\\Illuminate\\Pipeline\\Pipeline.php(127): Illuminate\\Pipeline\\Pipeline->Illuminate\\Pipeline\\{closure}(Object(Illuminate\\Http\\Request))
#46 D:\\Smart Damage Assessment System\\backend\\vendor\\laravel\\framework\\src\\Illuminate\\Foundation\\Http\\Kernel.php(176): Illuminate\\Pipeline\\Pipeline->then(Object(Closure))
#47 D:\\Smart Damage Assessment System\\backend\\vendor\\laravel\\framework\\src\\Illuminate\\Foundation\\Http\\Kernel.php(145): Illuminate\\Foundation\\Http\\Kernel->sendRequestThroughRouter(Object(Illuminate\\Http\\Request))
#48 D:\\Smart Damage Assessment System\\backend\\public\\index.php(17): Illuminate\\Foundation\\Http\\Kernel->handle(Object(Illuminate\\Http\\Request))
#49 D:\\Smart Damage Assessment System\\backend\\vendor\\laravel\\framework\\src\\Illuminate\\Foundation\\resources\\server.php(23): require_once('D:\\\\Smart Damage...')
#50 {main}
"} 
[2026-01-15 12:54:48] local.ERROR: View [welcome] not found. {"exception":"[object] (InvalidArgumentException(code: 0): View [welcome] not found. at D:\\Smart Damage Assessment System\\backend\\vendor\\laravel\\framework\\src\\Illuminate\\View\\FileViewFinder.php:139)
[stacktrace]
#0 D:\\Smart Damage Assessment System\\backend\\vendor\\laravel\\framework\\src\\Illuminate\\View\\FileViewFinder.php(79): Illuminate\\View\\FileViewFinder->findInPaths('welcome', Array)
#1 D:\\Smart Damage Assessment System\\backend\\vendor\\laravel\\framework\\src\\Illuminate\\View\\Factory.php(151): Illuminate\\View\\FileViewFinder->find('welcome')
#2 D:\\Smart Damage Assessment System\\backend\\vendor\\laravel\\framework\\src\\Illuminate\\Foundation\\helpers.php(1062): Illuminate\\View\\Factory->make('welcome', Array, Array)
#3 D:\\Smart Damage Assessment System\\backend\\routes\\web.php(7): view('welcome')
#4 D:\\Smart Damage Assessment System\\backend\\vendor\\laravel\\framework\\src\\Illuminate\\Routing\\CallableDispatcher.php(40): Illuminate\\Routing\\RouteFileRegistrar->{closure}()
#5 D:\\Smart Damage Assessment System\\backend\\vendor\\laravel\\framework\\src\\Illuminate\\Routing\\Route.php(244): Illuminate\\Routing\\CallableDispatcher->dispatch(Object(Illuminate\\Routing\\Route), Object(Closure))
#6 D:\\Smart Damage Assessment System\\backend\\vendor\\laravel\\framework\\src\\Illuminate\\Routing\\Route.php(215): Illuminate\\Routing\\Route->runCallable()
#7 D:\\Smart Damage Assessment System\\backend\\vendor\\laravel\\framework\\src\\Illuminate\\Routing\\Router.php(808): Illuminate\\Routing\\Route->run()
#8 D:\\Smart Damage Assessment System\\backend\\vendor\\laravel\\framework\\src\\Illuminate\\Pipeline\\Pipeline.php(170): Illuminate\\Routing\\Router->Illuminate\\Routing\\{closure}(Object(Illuminate\\Http\\Request))
#9 D:\\Smart Damage Assessment System\\backend\\vendor\\laravel\\framework\\src\\Illuminate\\Routing\\Middleware\\SubstituteBindings.php(51): Illuminate\\Pipeline\\Pipeline->Illuminate\\Pipeline\\{closure}(Object(Illuminate\\Http\\Request))
#10 D:\\Smart Damage Assessment System\\backend\\vendor\\laravel\\framework\\src\\Illuminate\\Pipeline\\Pipeline.php(209): Illuminate\\Routing\\Middleware\\SubstituteBindings->handle(Object(Illuminate\\Http\\Request), Object(Closure))
#11 D:\\Smart Damage Assessment System\\backend\\vendor\\laravel\\framework\\src\\Illuminate\\Foundation\\Http\\Middleware\\VerifyCsrfToken.php(88): Illuminate\\Pipeline\\Pipeline->Illuminate\\Pipeline\\{closure}(Object(Illuminate\\Http\\Request))
#12 D:\\Smart Damage Assessment System\\backend\\vendor\\laravel\\framework\\src\\Illuminate\\Pipeline\\Pipeline.php(209): Illuminate\\Foundation\\Http\\Middleware\\VerifyCsrfToken->handle(Object(Illuminate\\Http\\Request), Object(Closure))
#13 D:\\Smart Damage Assessment System\\backend\\vendor\\laravel\\framework\\src\\Illuminate\\View\\Middleware\\ShareErrorsFromSession.php(49): Illuminate\\Pipeline\\Pipeline->Illuminate\\Pipeline\\{closure}(Object(Illuminate\\Http\\Request))
#14 D:\\Smart Damage Assessment System\\backend\\vendor\\laravel\\framework\\src\\Illuminate\\Pipeline\\Pipeline.php(209): Illuminate\\View\\Middleware\\ShareErrorsFromSession->handle(Object(Illuminate\\Http\\Request), Object(Closure))
#15 D:\\Smart Damage Assessment System\\backend\\vendor\\laravel\\framework\\src\\Illuminate\\Session\\Middleware\\StartSession.php(121): Illuminate\\Pipeline\\Pipeline->Illuminate\\Pipeline\\{closure}(Object(Illuminate\\Http\\Request))
#16 D:\\Smart Damage Assessment System\\backend\\vendor\\laravel\\framework\\src\\Illuminate\\Session\\Middleware\\StartSession.php(64): Illuminate\\Session\\Middleware\\StartSession->handleStatefulRequest(Object(Illuminate\\Http\\Request), Object(Illuminate\\Session\\Store), Object(Closure))
#17 D:\\Smart Damage Assessment System\\backend\\vendor\\laravel\\framework\\src\\Illuminate\\Pipeline\\Pipeline.php(209): Illuminate\\Session\\Middleware\\StartSession->handle(Object(Illuminate\\Http\\Request), Object(Closure))
#18 D:\\Smart Damage Assessment System\\backend\\vendor\\laravel\\framework\\src\\Illuminate\\Cookie\\Middleware\\AddQueuedCookiesToResponse.php(37): Illuminate\\Pipeline\\Pipeline->Illuminate\\Pipeline\\{closure}(Object(Illuminate\\Http\\Request))
#19 D:\\Smart Damage Assessment System\\backend\\vendor\\laravel\\framework\\src\\Illuminate\\Pipeline\\Pipeline.php(209): Illuminate\\Cookie\\Middleware\\AddQueuedCookiesToResponse->handle(Object(Illuminate\\Http\\Request), Object(Closure))
#20 D:\\Smart Damage Assessment System\\backend\\vendor\\laravel\\framework\\src\\Illuminate\\Cookie\\Middleware\\EncryptCookies.php(75): Illuminate\\Pipeline\\Pipeline->Illuminate\\Pipeline\\{closure}(Object(Illuminate\\Http\\Request))
#21 D:\\Smart Damage Assessment System\\backend\\vendor\\laravel\\framework\\src\\Illuminate\\Pipeline\\Pipeline.php(209): Illuminate\\Cookie\\Middleware\\EncryptCookies->handle(Object(Illuminate\\Http\\Request), Object(Closure))
#22 D:\\Smart Damage Assessment System\\backend\\vendor\\laravel\\framework\\src\\Illuminate\\Pipeline\\Pipeline.php(127): Illuminate\\Pipeline\\Pipeline->Illuminate\\Pipeline\\{closure}(Object(Illuminate\\Http\\Request))
#23 D:\\Smart Damage Assessment System\\backend\\vendor\\laravel\\framework\\src\\Illuminate\\Routing\\Router.php(807): Illuminate\\Pipeline\\Pipeline->then(Object(Closure))
#24 D:\\Smart Damage Assessment System\\backend\\vendor\\laravel\\framework\\src\\Illuminate\\Routing\\Router.php(786): Illuminate\\Routing\\Router->runRouteWithinStack(Object(Illuminate\\Routing\\Route), Object(Illuminate\\Http\\Request))
#25 D:\\Smart Damage Assessment System\\backend\\vendor\\laravel\\framework\\src\\Illuminate\\Routing\\Router.php(750): Illuminate\\Routing\\Router->runRoute(Object(Illuminate\\Http\\Request), Object(Illuminate\\Routing\\Route))
#26 D:\\Smart Damage Assessment System\\backend\\vendor\\laravel\\framework\\src\\Illuminate\\Routing\\Router.php(739): Illuminate\\Routing\\Router->dispatchToRoute(Object(Illuminate\\Http\\Request))
#27 D:\\Smart Damage Assessment System\\backend\\vendor\\laravel\\framework\\src\\Illuminate\\Foundation\\Http\\Kernel.php(201): Illuminate\\Routing\\Router->dispatch(Object(Illuminate\\Http\\Request))
#28 D:\\Smart Damage Assessment System\\backend\\vendor\\laravel\\framework\\src\\Illuminate\\Pipeline\\Pipeline.php(170): Illuminate\\Foundation\\Http\\Kernel->Illuminate\\Foundation\\Http\\{closure}(Object(Illuminate\\Http\\Request))
#29 D:\\Smart Damage Assessment System\\backend\\vendor\\laravel\\framework\\src\\Illuminate\\Foundation\\Http\\Middleware\\TransformsRequest.php(21): Illuminate\\Pipeline\\Pipeline->Illuminate\\Pipeline\\{closure}(Object(Illuminate\\Http\\Request))
#30 D:\\Smart Damage Assessment System\\backend\\vendor\\laravel\\framework\\src\\Illuminate\\Foundation\\Http\\Middleware\\ConvertEmptyStringsToNull.php(31): Illuminate\\Foundation\\Http\\Middleware\\TransformsRequest->handle(Object(Illuminate\\Http\\Request), Object(Closure))
#31 D:\\Smart Damage Assessment System\\backend\\vendor\\laravel\\framework\\src\\Illuminate\\Pipeline\\Pipeline.php(209): Illuminate\\Foundation\\Http\\Middleware\\ConvertEmptyStringsToNull->handle(Object(Illuminate\\Http\\Request), Object(Closure))
#32 D:\\Smart Damage Assessment System\\backend\\vendor\\laravel\\framework\\src\\Illuminate\\Foundation\\Http\\Middleware\\TransformsRequest.php(21): Illuminate\\Pipeline\\Pipeline->Illuminate\\Pipeline\\{closure}(Object(Illuminate\\Http\\Request))
#33 D:\\Smart Damage Assessment System\\backend\\vendor\\laravel\\framework\\src\\Illuminate\\Foundation\\Http\\Middleware\\TrimStrings.php(51): Illuminate\\Foundation\\Http\\Middleware\\TransformsRequest->handle(Object(Illuminate\\Http\\Request), Object(Closure))
#34 D:\\Smart Damage Assessment System\\backend\\vendor\\laravel\\framework\\src\\Illuminate\\Pipeline\\Pipeline.php(209): Illuminate\\Foundation\\Http\\Middleware\\TrimStrings->handle(Object(Illuminate\\Http\\Request), Object(Closure))
#35 D:\\Smart Damage Assessment System\\backend\\vendor\\laravel\\framework\\src\\Illuminate\\Http\\Middleware\\ValidatePostSize.php(27): Illuminate\\Pipeline\\Pipeline->Illuminate\\Pipeline\\{closure}(Object(Illuminate\\Http\\Request))
#36 D:\\Smart Damage Assessment System\\backend\\vendor\\laravel\\framework\\src\\Illuminate\\Pipeline\\Pipeline.php(209): Illuminate\\Http\\Middleware\\ValidatePostSize->handle(Object(Illuminate\\Http\\Request), Object(Closure))
#37 D:\\Smart Damage Assessment System\\backend\\vendor\\laravel\\framework\\src\\Illuminate\\Foundation\\Http\\Middleware\\PreventRequestsDuringMaintenance.php(110): Illuminate\\Pipeline\\Pipeline->Illuminate\\Pipeline\\{closure}(Object(Illuminate\\Http\\Request))
#38 D:\\Smart Damage Assessment System\\backend\\vendor\\laravel\\framework\\src\\Illuminate\\Pipeline\\Pipeline.php(209): Illuminate\\Foundation\\Http\\Middleware\\PreventRequestsDuringMaintenance->handle(Object(Illuminate\\Http\\Request), Object(Closure))
#39 D:\\Smart Damage Assessment System\\backend\\vendor\\laravel\\framework\\src\\Illuminate\\Http\\Middleware\\HandleCors.php(49): Illuminate\\Pipeline\\Pipeline->Illuminate\\Pipeline\\{closure}(Object(Illuminate\\Http\\Request))
#40 D:\\Smart Damage Assessment System\\backend\\vendor\\laravel\\framework\\src\\Illuminate\\Pipeline\\Pipeline.php(209): Illuminate\\Http\\Middleware\\HandleCors->handle(Object(Illuminate\\Http\\Request), Object(Closure))
#41 D:\\Smart Damage Assessment System\\backend\\vendor\\laravel\\framework\\src\\Illuminate\\Http\\Middleware\\TrustProxies.php(58): Illuminate\\Pipeline\\Pipeline->Illuminate\\Pipeline\\{closure}(Object(Illuminate\\Http\\Request))
#42 D:\\Smart Damage Assessment System\\backend\\vendor\\laravel\\framework\\src\\Illuminate\\Pipeline\\Pipeline.php(209): Illuminate\\Http\\Middleware\\TrustProxies->handle(Object(Illuminate\\Http\\Request), Object(Closure))
#43 D:\\Smart Damage Assessment System\\backend\\vendor\\laravel\\framework\\src\\Illuminate\\Foundation\\Http\\Middleware\\InvokeDeferredCallbacks.php(22): Illuminate\\Pipeline\\Pipeline->Illuminate\\Pipeline\\{closure}(Object(Illuminate\\Http\\Request))
#44 D:\\Smart Damage Assessment System\\backend\\vendor\\laravel\\framework\\src\\Illuminate\\Pipeline\\Pipeline.php(209): Illuminate\\Foundation\\Http\\Middleware\\InvokeDeferredCallbacks->handle(Object(Illuminate\\Http\\Request), Object(Closure))
#45 D:\\Smart Damage Assessment System\\backend\\vendor\\laravel\\framework\\src\\Illuminate\\Pipeline\\Pipeline.php(127): Illuminate\\Pipeline\\Pipeline->Illuminate\\Pipeline\\{closure}(Object(Illuminate\\Http\\Request))
#46 D:\\Smart Damage Assessment System\\backend\\vendor\\laravel\\framework\\src\\Illuminate\\Foundation\\Http\\Kernel.php(176): Illuminate\\Pipeline\\Pipeline->then(Object(Closure))
#47 D:\\Smart Damage Assessment System\\backend\\vendor\\laravel\\framework\\src\\Illuminate\\Foundation\\Http\\Kernel.php(145): Illuminate\\Foundation\\Http\\Kernel->sendRequestThroughRouter(Object(Illuminate\\Http\\Request))
#48 D:\\Smart Damage Assessment System\\backend\\public\\index.php(17): Illuminate\\Foundation\\Http\\Kernel->handle(Object(Illuminate\\Http\\Request))
#49 D:\\Smart Damage Assessment System\\backend\\vendor\\laravel\\framework\\src\\Illuminate\\Foundation\\resources\\server.php(23): require_once('D:\\\\Smart Damage...')
#50 {main}
"} 
[2026-01-15 12:54:48] local.ERROR: View [welcome] not found. {"exception":"[object] (InvalidArgumentException(code: 0): View [welcome] not found. at D:\\Smart Damage Assessment System\\backend\\vendor\\laravel\\framework\\src\\Illuminate\\View\\FileViewFinder.php:139)
[stacktrace]
#0 D:\\Smart Damage Assessment System\\backend\\vendor\\laravel\\framework\\src\\Illuminate\\View\\FileViewFinder.php(79): Illuminate\\View\\FileViewFinder->findInPaths('welcome', Array)
#1 D:\\Smart Damage Assessment System\\backend\\vendor\\laravel\\framework\\src\\Illuminate\\View\\Factory.php(151): Illuminate\\View\\FileViewFinder->find('welcome')
#2 D:\\Smart Damage Assessment System\\backend\\vendor\\laravel\\framework\\src\\Illuminate\\Foundation\\helpers.php(1062): Illuminate\\View\\Factory->make('welcome', Array, Array)
#3 D:\\Smart Damage Assessment System\\backend\\routes\\web.php(7): view('welcome')
#4 D:\\Smart Damage Assessment System\\backend\\vendor\\laravel\\framework\\src\\Illuminate\\Routing\\CallableDispatcher.php(40): Illuminate\\Routing\\RouteFileRegistrar->{closure}()
#5 D:\\Smart Damage Assessment System\\backend\\vendor\\laravel\\framework\\src\\Illuminate\\Routing\\Route.php(244): Illuminate\\Routing\\CallableDispatcher->dispatch(Object(Illuminate\\Routing\\Route), Object(Closure))
#6 D:\\Smart Damage Assessment System\\backend\\vendor\\laravel\\framework\\src\\Illuminate\\Routing\\Route.php(215): Illuminate\\Routing\\Route->runCallable()
#7 D:\\Smart Damage Assessment System\\backend\\vendor\\laravel\\framework\\src\\Illuminate\\Routing\\Router.php(808): Illuminate\\Routing\\Route->run()
#8 D:\\Smart Damage Assessment System\\backend\\vendor\\laravel\\framework\\src\\Illuminate\\Pipeline\\Pipeline.php(170): Illuminate\\Routing\\Router->Illuminate\\Routing\\{closure}(Object(Illuminate\\Http\\Request))
#9 D:\\Smart Damage Assessment System\\backend\\vendor\\laravel\\framework\\src\\Illuminate\\Routing\\Middleware\\SubstituteBindings.php(51): Illuminate\\Pipeline\\Pipeline->Illuminate\\Pipeline\\{closure}(Object(Illuminate\\Http\\Request))
#10 D:\\Smart Damage Assessment System\\backend\\vendor\\laravel\\framework\\src\\Illuminate\\Pipeline\\Pipeline.php(209): Illuminate\\Routing\\Middleware\\SubstituteBindings->handle(Object(Illuminate\\Http\\Request), Object(Closure))
#11 D:\\Smart Damage Assessment System\\backend\\vendor\\laravel\\framework\\src\\Illuminate\\Foundation\\Http\\Middleware\\VerifyCsrfToken.php(88): Illuminate\\Pipeline\\Pipeline->Illuminate\\Pipeline\\{closure}(Object(Illuminate\\Http\\Request))
#12 D:\\Smart Damage Assessment System\\backend\\vendor\\laravel\\framework\\src\\Illuminate\\Pipeline\\Pipeline.php(209): Illuminate\\Foundation\\Http\\Middleware\\VerifyCsrfToken->handle(Object(Illuminate\\Http\\Request), Object(Closure))
#13 D:\\Smart Damage Assessment System\\backend\\vendor\\laravel\\framework\\src\\Illuminate\\View\\Middleware\\ShareErrorsFromSession.php(49): Illuminate\\Pipeline\\Pipeline->Illuminate\\Pipeline\\{closure}(Object(Illuminate\\Http\\Request))
#14 D:\\Smart Damage Assessment System\\backend\\vendor\\laravel\\framework\\src\\Illuminate\\Pipeline\\Pipeline.php(209): Illuminate\\View\\Middleware\\ShareErrorsFromSession->handle(Object(Illuminate\\Http\\Request), Object(Closure))
#15 D:\\Smart Damage Assessment System\\backend\\vendor\\laravel\\framework\\src\\Illuminate\\Session\\Middleware\\StartSession.php(121): Illuminate\\Pipeline\\Pipeline->Illuminate\\Pipeline\\{closure}(Object(Illuminate\\Http\\Request))
#16 D:\\Smart Damage Assessment System\\backend\\vendor\\laravel\\framework\\src\\Illuminate\\Session\\Middleware\\StartSession.php(64): Illuminate\\Session\\Middleware\\StartSession->handleStatefulRequest(Object(Illuminate\\Http\\Request), Object(Illuminate\\Session\\Store), Object(Closure))
#17 D:\\Smart Damage Assessment System\\backend\\vendor\\laravel\\framework\\src\\Illuminate\\Pipeline\\Pipeline.php(209): Illuminate\\Session\\Middleware\\StartSession->handle(Object(Illuminate\\Http\\Request), Object(Closure))
#18 D:\\Smart Damage Assessment System\\backend\\vendor\\laravel\\framework\\src\\Illuminate\\Cookie\\Middleware\\AddQueuedCookiesToResponse.php(37): Illuminate\\Pipeline\\Pipeline->Illuminate\\Pipeline\\{closure}(Object(Illuminate\\Http\\Request))
#19 D:\\Smart Damage Assessment System\\backend\\vendor\\laravel\\framework\\src\\Illuminate\\Pipeline\\Pipeline.php(209): Illuminate\\Cookie\\Middleware\\AddQueuedCookiesToResponse->handle(Object(Illuminate\\Http\\Request), Object(Closure))
#20 D:\\Smart Damage Assessment System\\backend\\vendor\\laravel\\framework\\src\\Illuminate\\Cookie\\Middleware\\EncryptCookies.php(75): Illuminate\\Pipeline\\Pipeline->Illuminate\\Pipeline\\{closure}(Object(Illuminate\\Http\\Request))
#21 D:\\Smart Damage Assessment System\\backend\\vendor\\laravel\\framework\\src\\Illuminate\\Pipeline\\Pipeline.php(209): Illuminate\\Cookie\\Middleware\\EncryptCookies->handle(Object(Illuminate\\Http\\Request), Object(Closure))
#22 D:\\Smart Damage Assessment System\\backend\\vendor\\laravel\\framework\\src\\Illuminate\\Pipeline\\Pipeline.php(127): Illuminate\\Pipeline\\Pipeline->Illuminate\\Pipeline\\{closure}(Object(Illuminate\\Http\\Request))
#23 D:\\Smart Damage Assessment System\\backend\\vendor\\laravel\\framework\\src\\Illuminate\\Routing\\Router.php(807): Illuminate\\Pipeline\\Pipeline->then(Object(Closure))
#24 D:\\Smart Damage Assessment System\\backend\\vendor\\laravel\\framework\\src\\Illuminate\\Routing\\Router.php(786): Illuminate\\Routing\\Router->runRouteWithinStack(Object(Illuminate\\Routing\\Route), Object(Illuminate\\Http\\Request))
#25 D:\\Smart Damage Assessment System\\backend\\vendor\\laravel\\framework\\src\\Illuminate\\Routing\\Router.php(750): Illuminate\\Routing\\Router->runRoute(Object(Illuminate\\Http\\Request), Object(Illuminate\\Routing\\Route))
#26 D:\\Smart Damage Assessment System\\backend\\vendor\\laravel\\framework\\src\\Illuminate\\Routing\\Router.php(739): Illuminate\\Routing\\Router->dispatchToRoute(Object(Illuminate\\Http\\Request))
#27 D:\\Smart Damage Assessment System\\backend\\vendor\\laravel\\framework\\src\\Illuminate\\Foundation\\Http\\Kernel.php(201): Illuminate\\Routing\\Router->dispatch(Object(Illuminate\\Http\\Request))
#28 D:\\Smart Damage Assessment System\\backend\\vendor\\laravel\\framework\\src\\Illuminate\\Pipeline\\Pipeline.php(170): Illuminate\\Foundation\\Http\\Kernel->Illuminate\\Foundation\\Http\\{closure}(Object(Illuminate\\Http\\Request))
#29 D:\\Smart Damage Assessment System\\backend\\vendor\\laravel\\framework\\src\\Illuminate\\Foundation\\Http\\Middleware\\TransformsRequest.php(21): Illuminate\\Pipeline\\Pipeline->Illuminate\\Pipeline\\{closure}(Object(Illuminate\\Http\\Request))
#30 D:\\Smart Damage Assessment System\\backend\\vendor\\laravel\\framework\\src\\Illuminate\\Foundation\\Http\\Middleware\\ConvertEmptyStringsToNull.php(31): Illuminate\\Foundation\\Http\\Middleware\\TransformsRequest->handle(Object(Illuminate\\Http\\Request), Object(Closure))
#31 D:\\Smart Damage Assessment System\\backend\\vendor\\laravel\\framework\\src\\Illuminate\\Pipeline\\Pipeline.php(209): Illuminate\\Foundation\\Http\\Middleware\\ConvertEmptyStringsToNull->handle(Object(Illuminate\\Http\\Request), Object(Closure))
#32 D:\\Smart Damage Assessment System\\backend\\vendor\\laravel\\framework\\src\\Illuminate\\Foundation\\Http\\Middleware\\TransformsRequest.php(21): Illuminate\\Pipeline\\Pipeline->Illuminate\\Pipeline\\{closure}(Object(Illuminate\\Http\\Request))
#33 D:\\Smart Damage Assessment System\\backend\\vendor\\laravel\\framework\\src\\Illuminate\\Foundation\\Http\\Middleware\\TrimStrings.php(51): Illuminate\\Foundation\\Http\\Middleware\\TransformsRequest->handle(Object(Illuminate\\Http\\Request), Object(Closure))
#34 D:\\Smart Damage Assessment System\\backend\\vendor\\laravel\\framework\\src\\Illuminate\\Pipeline\\Pipeline.php(209): Illuminate\\Foundation\\Http\\Middleware\\TrimStrings->handle(Object(Illuminate\\Http\\Request), Object(Closure))
#35 D:\\Smart Damage Assessment System\\backend\\vendor\\laravel\\framework\\src\\Illuminate\\Http\\Middleware\\ValidatePostSize.php(27): Illuminate\\Pipeline\\Pipeline->Illuminate\\Pipeline\\{closure}(Object(Illuminate\\Http\\Request))
#36 D:\\Smart Damage Assessment System\\backend\\vendor\\laravel\\framework\\src\\Illuminate\\Pipeline\\Pipeline.php(209): Illuminate\\Http\\Middleware\\ValidatePostSize->handle(Object(Illuminate\\Http\\Request), Object(Closure))
#37 D:\\Smart Damage Assessment System\\backend\\vendor\\laravel\\framework\\src\\Illuminate\\Foundation\\Http\\Middleware\\PreventRequestsDuringMaintenance.php(110): Illuminate\\Pipeline\\Pipeline->Illuminate\\Pipeline\\{closure}(Object(Illuminate\\Http\\Request))
#38 D:\\Smart Damage Assessment System\\backend\\vendor\\laravel\\framework\\src\\Illuminate\\Pipeline\\Pipeline.php(209): Illuminate\\Foundation\\Http\\Middleware\\PreventRequestsDuringMaintenance->handle(Object(Illuminate\\Http\\Request), Object(Closure))
#39 D:\\Smart Damage Assessment System\\backend\\vendor\\laravel\\framework\\src\\Illuminate\\Http\\Middleware\\HandleCors.php(49): Illuminate\\Pipeline\\Pipeline->Illuminate\\Pipeline\\{closure}(Object(Illuminate\\Http\\Request))
#40 D:\\Smart Damage Assessment System\\backend\\vendor\\laravel\\framework\\src\\Illuminate\\Pipeline\\Pipeline.php(209): Illuminate\\Http\\Middleware\\HandleCors->handle(Object(Illuminate\\Http\\Request), Object(Closure))
#41 D:\\Smart Damage Assessment System\\backend\\vendor\\laravel\\framework\\src\\Illuminate\\Http\\Middleware\\TrustProxies.php(58): Illuminate\\Pipeline\\Pipeline->Illuminate\\Pipeline\\{closure}(Object(Illuminate\\Http\\Request))
#42 D:\\Smart Damage Assessment System\\backend\\vendor\\laravel\\framework\\src\\Illuminate\\Pipeline\\Pipeline.php(209): Illuminate\\Http\\Middleware\\TrustProxies->handle(Object(Illuminate\\Http\\Request), Object(Closure))
#43 D:\\Smart Damage Assessment System\\backend\\vendor\\laravel\\framework\\src\\Illuminate\\Foundation\\Http\\Middleware\\InvokeDeferredCallbacks.php(22): Illuminate\\Pipeline\\Pipeline->Illuminate\\Pipeline\\{closure}(Object(Illuminate\\Http\\Request))
#44 D:\\Smart Damage Assessment System\\backend\\vendor\\laravel\\framework\\src\\Illuminate\\Pipeline\\Pipeline.php(209): Illuminate\\Foundation\\Http\\Middleware\\InvokeDeferredCallbacks->handle(Object(Illuminate\\Http\\Request), Object(Closure))
#45 D:\\Smart Damage Assessment System\\backend\\vendor\\laravel\\framework\\src\\Illuminate\\Pipeline\\Pipeline.php(127): Illuminate\\Pipeline\\Pipeline->Illuminate\\Pipeline\\{closure}(Object(Illuminate\\Http\\Request))
#46 D:\\Smart Damage Assessment System\\backend\\vendor\\laravel\\framework\\src\\Illuminate\\Foundation\\Http\\Kernel.php(176): Illuminate\\Pipeline\\Pipeline->then(Object(Closure))
#47 D:\\Smart Damage Assessment System\\backend\\vendor\\laravel\\framework\\src\\Illuminate\\Foundation\\Http\\Kernel.php(145): Illuminate\\Foundation\\Http\\Kernel->sendRequestThroughRouter(Object(Illuminate\\Http\\Request))
#48 D:\\Smart Damage Assessment System\\backend\\public\\index.php(17): Illuminate\\Foundation\\Http\\Kernel->handle(Object(Illuminate\\Http\\Request))
#49 D:\\Smart Damage Assessment System\\backend\\vendor\\laravel\\framework\\src\\Illuminate\\Foundation\\resources\\server.php(23): require_once('D:\\\\Smart Damage...')
#50 {main}
"} 
[2026-01-15 12:54:49] local.ERROR: View [welcome] not found. {"exception":"[object] (InvalidArgumentException(code: 0): View [welcome] not found. at D:\\Smart Damage Assessment System\\backend\\vendor\\laravel\\framework\\src\\Illuminate\\View\\FileViewFinder.php:139)
[stacktrace]
#0 D:\\Smart Damage Assessment System\\backend\\vendor\\laravel\\framework\\src\\Illuminate\\View\\FileViewFinder.php(79): Illuminate\\View\\FileViewFinder->findInPaths('welcome', Array)
#1 D:\\Smart Damage Assessment System\\backend\\vendor\\laravel\\framework\\src\\Illuminate\\View\\Factory.php(151): Illuminate\\View\\FileViewFinder->find('welcome')
#2 D:\\Smart Damage Assessment System\\backend\\vendor\\laravel\\framework\\src\\Illuminate\\Foundation\\helpers.php(1062): Illuminate\\View\\Factory->make('welcome', Array, Array)
#3 D:\\Smart Damage Assessment System\\backend\\routes\\web.php(7): view('welcome')
#4 D:\\Smart Damage Assessment System\\backend\\vendor\\laravel\\framework\\src\\Illuminate\\Routing\\CallableDispatcher.php(40): Illuminate\\Routing\\RouteFileRegistrar->{closure}()
#5 D:\\Smart Damage Assessment System\\backend\\vendor\\laravel\\framework\\src\\Illuminate\\Routing\\Route.php(244): Illuminate\\Routing\\CallableDispatcher->dispatch(Object(Illuminate\\Routing\\Route), Object(Closure))
#6 D:\\Smart Damage Assessment System\\backend\\vendor\\laravel\\framework\\src\\Illuminate\\Routing\\Route.php(215): Illuminate\\Routing\\Route->runCallable()
#7 D:\\Smart Damage Assessment System\\backend\\vendor\\laravel\\framework\\src\\Illuminate\\Routing\\Router.php(808): Illuminate\\Routing\\Route->run()
#8 D:\\Smart Damage Assessment System\\backend\\vendor\\laravel\\framework\\src\\Illuminate\\Pipeline\\Pipeline.php(170): Illuminate\\Routing\\Router->Illuminate\\Routing\\{closure}(Object(Illuminate\\Http\\Request))
#9 D:\\Smart Damage Assessment System\\backend\\vendor\\laravel\\framework\\src\\Illuminate\\Routing\\Middleware\\SubstituteBindings.php(51): Illuminate\\Pipeline\\Pipeline->Illuminate\\Pipeline\\{closure}(Object(Illuminate\\Http\\Request))
#10 D:\\Smart Damage Assessment System\\backend\\vendor\\laravel\\framework\\src\\Illuminate\\Pipeline\\Pipeline.php(209): Illuminate\\Routing\\Middleware\\SubstituteBindings->handle(Object(Illuminate\\Http\\Request), Object(Closure))
#11 D:\\Smart Damage Assessment System\\backend\\vendor\\laravel\\framework\\src\\Illuminate\\Foundation\\Http\\Middleware\\VerifyCsrfToken.php(88): Illuminate\\Pipeline\\Pipeline->Illuminate\\Pipeline\\{closure}(Object(Illuminate\\Http\\Request))
#12 D:\\Smart Damage Assessment System\\backend\\vendor\\laravel\\framework\\src\\Illuminate\\Pipeline\\Pipeline.php(209): Illuminate\\Foundation\\Http\\Middleware\\VerifyCsrfToken->handle(Object(Illuminate\\Http\\Request), Object(Closure))
#13 D:\\Smart Damage Assessment System\\backend\\vendor\\laravel\\framework\\src\\Illuminate\\View\\Middleware\\ShareErrorsFromSession.php(49): Illuminate\\Pipeline\\Pipeline->Illuminate\\Pipeline\\{closure}(Object(Illuminate\\Http\\Request))
#14 D:\\Smart Damage Assessment System\\backend\\vendor\\laravel\\framework\\src\\Illuminate\\Pipeline\\Pipeline.php(209): Illuminate\\View\\Middleware\\ShareErrorsFromSession->handle(Object(Illuminate\\Http\\Request), Object(Closure))
#15 D:\\Smart Damage Assessment System\\backend\\vendor\\laravel\\framework\\src\\Illuminate\\Session\\Middleware\\StartSession.php(121): Illuminate\\Pipeline\\Pipeline->Illuminate\\Pipeline\\{closure}(Object(Illuminate\\Http\\Request))
#16 D:\\Smart Damage Assessment System\\backend\\vendor\\laravel\\framework\\src\\Illuminate\\Session\\Middleware\\StartSession.php(64): Illuminate\\Session\\Middleware\\StartSession->handleStatefulRequest(Object(Illuminate\\Http\\Request), Object(Illuminate\\Session\\Store), Object(Closure))
#17 D:\\Smart Damage Assessment System\\backend\\vendor\\laravel\\framework\\src\\Illuminate\\Pipeline\\Pipeline.php(209): Illuminate\\Session\\Middleware\\StartSession->handle(Object(Illuminate\\Http\\Request), Object(Closure))
#18 D:\\Smart Damage Assessment System\\backend\\vendor\\laravel\\framework\\src\\Illuminate\\Cookie\\Middleware\\AddQueuedCookiesToResponse.php(37): Illuminate\\Pipeline\\Pipeline->Illuminate\\Pipeline\\{closure}(Object(Illuminate\\Http\\Request))
#19 D:\\Smart Damage Assessment System\\backend\\vendor\\laravel\\framework\\src\\Illuminate\\Pipeline\\Pipeline.php(209): Illuminate\\Cookie\\Middleware\\AddQueuedCookiesToResponse->handle(Object(Illuminate\\Http\\Request), Object(Closure))
#20 D:\\Smart Damage Assessment System\\backend\\vendor\\laravel\\framework\\src\\Illuminate\\Cookie\\Middleware\\EncryptCookies.php(75): Illuminate\\Pipeline\\Pipeline->Illuminate\\Pipeline\\{closure}(Object(Illuminate\\Http\\Request))
#21 D:\\Smart Damage Assessment System\\backend\\vendor\\laravel\\framework\\src\\Illuminate\\Pipeline\\Pipeline.php(209): Illuminate\\Cookie\\Middleware\\EncryptCookies->handle(Object(Illuminate\\Http\\Request), Object(Closure))
#22 D:\\Smart Damage Assessment System\\backend\\vendor\\laravel\\framework\\src\\Illuminate\\Pipeline\\Pipeline.php(127): Illuminate\\Pipeline\\Pipeline->Illuminate\\Pipeline\\{closure}(Object(Illuminate\\Http\\Request))
#23 D:\\Smart Damage Assessment System\\backend\\vendor\\laravel\\framework\\src\\Illuminate\\Routing\\Router.php(807): Illuminate\\Pipeline\\Pipeline->then(Object(Closure))
#24 D:\\Smart Damage Assessment System\\backend\\vendor\\laravel\\framework\\src\\Illuminate\\Routing\\Router.php(786): Illuminate\\Routing\\Router->runRouteWithinStack(Object(Illuminate\\Routing\\Route), Object(Illuminate\\Http\\Request))
#25 D:\\Smart Damage Assessment System\\backend\\vendor\\laravel\\framework\\src\\Illuminate\\Routing\\Router.php(750): Illuminate\\Routing\\Router->runRoute(Object(Illuminate\\Http\\Request), Object(Illuminate\\Routing\\Route))
#26 D:\\Smart Damage Assessment System\\backend\\vendor\\laravel\\framework\\src\\Illuminate\\Routing\\Router.php(739): Illuminate\\Routing\\Router->dispatchToRoute(Object(Illuminate\\Http\\Request))
#27 D:\\Smart Damage Assessment System\\backend\\vendor\\laravel\\framework\\src\\Illuminate\\Foundation\\Http\\Kernel.php(201): Illuminate\\Routing\\Router->dispatch(Object(Illuminate\\Http\\Request))
#28 D:\\Smart Damage Assessment System\\backend\\vendor\\laravel\\framework\\src\\Illuminate\\Pipeline\\Pipeline.php(170): Illuminate\\Foundation\\Http\\Kernel->Illuminate\\Foundation\\Http\\{closure}(Object(Illuminate\\Http\\Request))
#29 D:\\Smart Damage Assessment System\\backend\\vendor\\laravel\\framework\\src\\Illuminate\\Foundation\\Http\\Middleware\\TransformsRequest.php(21): Illuminate\\Pipeline\\Pipeline->Illuminate\\Pipeline\\{closure}(Object(Illuminate\\Http\\Request))
#30 D:\\Smart Damage Assessment System\\backend\\vendor\\laravel\\framework\\src\\Illuminate\\Foundation\\Http\\Middleware\\ConvertEmptyStringsToNull.php(31): Illuminate\\Foundation\\Http\\Middleware\\TransformsRequest->handle(Object(Illuminate\\Http\\Request), Object(Closure))
#31 D:\\Smart Damage Assessment System\\backend\\vendor\\laravel\\framework\\src\\Illuminate\\Pipeline\\Pipeline.php(209): Illuminate\\Foundation\\Http\\Middleware\\ConvertEmptyStringsToNull->handle(Object(Illuminate\\Http\\Request), Object(Closure))
#32 D:\\Smart Damage Assessment System\\backend\\vendor\\laravel\\framework\\src\\Illuminate\\Foundation\\Http\\Middleware\\TransformsRequest.php(21): Illuminate\\Pipeline\\Pipeline->Illuminate\\Pipeline\\{closure}(Object(Illuminate\\Http\\Request))
#33 D:\\Smart Damage Assessment System\\backend\\vendor\\laravel\\framework\\src\\Illuminate\\Foundation\\Http\\Middleware\\TrimStrings.php(51): Illuminate\\Foundation\\Http\\Middleware\\TransformsRequest->handle(Object(Illuminate\\Http\\Request), Object(Closure))
#34 D:\\Smart Damage Assessment System\\backend\\vendor\\laravel\\framework\\src\\Illuminate\\Pipeline\\Pipeline.php(209): Illuminate\\Foundation\\Http\\Middleware\\TrimStrings->handle(Object(Illuminate\\Http\\Request), Object(Closure))
#35 D:\\Smart Damage Assessment System\\backend\\vendor\\laravel\\framework\\src\\Illuminate\\Http\\Middleware\\ValidatePostSize.php(27): Illuminate\\Pipeline\\Pipeline->Illuminate\\Pipeline\\{closure}(Object(Illuminate\\Http\\Request))
#36 D:\\Smart Damage Assessment System\\backend\\vendor\\laravel\\framework\\src\\Illuminate\\Pipeline\\Pipeline.php(209): Illuminate\\Http\\Middleware\\ValidatePostSize->handle(Object(Illuminate\\Http\\Request), Object(Closure))
#37 D:\\Smart Damage Assessment System\\backend\\vendor\\laravel\\framework\\src\\Illuminate\\Foundation\\Http\\Middleware\\PreventRequestsDuringMaintenance.php(110): Illuminate\\Pipeline\\Pipeline->Illuminate\\Pipeline\\{closure}(Object(Illuminate\\Http\\Request))
#38 D:\\Smart Damage Assessment System\\backend\\vendor\\laravel\\framework\\src\\Illuminate\\Pipeline\\Pipeline.php(209): Illuminate\\Foundation\\Http\\Middleware\\PreventRequestsDuringMaintenance->handle(Object(Illuminate\\Http\\Request), Object(Closure))
#39 D:\\Smart Damage Assessment System\\backend\\vendor\\laravel\\framework\\src\\Illuminate\\Http\\Middleware\\HandleCors.php(49): Illuminate\\Pipeline\\Pipeline->Illuminate\\Pipeline\\{closure}(Object(Illuminate\\Http\\Request))
#40 D:\\Smart Damage Assessment System\\backend\\vendor\\laravel\\framework\\src\\Illuminate\\Pipeline\\Pipeline.php(209): Illuminate\\Http\\Middleware\\HandleCors->handle(Object(Illuminate\\Http\\Request), Object(Closure))
#41 D:\\Smart Damage Assessment System\\backend\\vendor\\laravel\\framework\\src\\Illuminate\\Http\\Middleware\\TrustProxies.php(58): Illuminate\\Pipeline\\Pipeline->Illuminate\\Pipeline\\{closure}(Object(Illuminate\\Http\\Request))
#42 D:\\Smart Damage Assessment System\\backend\\vendor\\laravel\\framework\\src\\Illuminate\\Pipeline\\Pipeline.php(209): Illuminate\\Http\\Middleware\\TrustProxies->handle(Object(Illuminate\\Http\\Request), Object(Closure))
#43 D:\\Smart Damage Assessment System\\backend\\vendor\\laravel\\framework\\src\\Illuminate\\Foundation\\Http\\Middleware\\InvokeDeferredCallbacks.php(22): Illuminate\\Pipeline\\Pipeline->Illuminate\\Pipeline\\{closure}(Object(Illuminate\\Http\\Request))
#44 D:\\Smart Damage Assessment System\\backend\\vendor\\laravel\\framework\\src\\Illuminate\\Pipeline\\Pipeline.php(209): Illuminate\\Foundation\\Http\\Middleware\\InvokeDeferredCallbacks->handle(Object(Illuminate\\Http\\Request), Object(Closure))
#45 D:\\Smart Damage Assessment System\\backend\\vendor\\laravel\\framework\\src\\Illuminate\\Pipeline\\Pipeline.php(127): Illuminate\\Pipeline\\Pipeline->Illuminate\\Pipeline\\{closure}(Object(Illuminate\\Http\\Request))
#46 D:\\Smart Damage Assessment System\\backend\\vendor\\laravel\\framework\\src\\Illuminate\\Foundation\\Http\\Kernel.php(176): Illuminate\\Pipeline\\Pipeline->then(Object(Closure))
#47 D:\\Smart Damage Assessment System\\backend\\vendor\\laravel\\framework\\src\\Illuminate\\Foundation\\Http\\Kernel.php(145): Illuminate\\Foundation\\Http\\Kernel->sendRequestThroughRouter(Object(Illuminate\\Http\\Request))
#48 D:\\Smart Damage Assessment System\\backend\\public\\index.php(17): Illuminate\\Foundation\\Http\\Kernel->handle(Object(Illuminate\\Http\\Request))
#49 D:\\Smart Damage Assessment System\\backend\\vendor\\laravel\\framework\\src\\Illuminate\\Foundation\\resources\\server.php(23): require_once('D:\\\\Smart Damage...')
#50 {main}
"} 
[2026-01-15 13:00:48] local.ERROR: SQLSTATE[42S02]: Base table or view not found: 1146 Table 'smart_damage_assessment.cache' doesn't exist (Connection: mysql, SQL: delete from `cache`) {"exception":"[object] (Illuminate\\Database\\QueryException(code: 42S02): SQLSTATE[42S02]: Base table or view not found: 1146 Table 'smart_damage_assessment.cache' doesn't exist (Connection: mysql, SQL: delete from `cache`) at D:\\Smart Damage Assessment System\\backend\\vendor\\laravel\\framework\\src\\Illuminate\\Database\\Connection.php:825)
[stacktrace]
#0 D:\\Smart Damage Assessment System\\backend\\vendor\\laravel\\framework\\src\\Illuminate\\Database\\Connection.php(779): Illuminate\\Database\\Connection->runQueryCallback('delete from `ca...', Array, Object(Closure))
#1 D:\\Smart Damage Assessment System\\backend\\vendor\\laravel\\framework\\src\\Illuminate\\Database\\Connection.php(584): Illuminate\\Database\\Connection->run('delete from `ca...', Array, Object(Closure))
#2 D:\\Smart Damage Assessment System\\backend\\vendor\\laravel\\framework\\src\\Illuminate\\Database\\Connection.php(548): Illuminate\\Database\\Connection->affectingStatement('delete from `ca...', Array)
#3 D:\\Smart Damage Assessment System\\backend\\vendor\\laravel\\framework\\src\\Illuminate\\Database\\Query\\Builder.php(4024): Illuminate\\Database\\Connection->delete('delete from `ca...', Array)
#4 D:\\Smart Damage Assessment System\\backend\\vendor\\laravel\\framework\\src\\Illuminate\\Cache\\DatabaseStore.php(422): Illuminate\\Database\\Query\\Builder->delete()
#5 D:\\Smart Damage Assessment System\\backend\\vendor\\laravel\\framework\\src\\Illuminate\\Cache\\Repository.php(792): Illuminate\\Cache\\DatabaseStore->flush()
#6 D:\\Smart Damage Assessment System\\backend\\vendor\\laravel\\framework\\src\\Illuminate\\Cache\\Console\\ClearCommand.php(69): Illuminate\\Cache\\Repository->__call('flush', Array)
#7 D:\\Smart Damage Assessment System\\backend\\vendor\\laravel\\framework\\src\\Illuminate\\Container\\BoundMethod.php(36): Illuminate\\Cache\\Console\\ClearCommand->handle()
#8 D:\\Smart Damage Assessment System\\backend\\vendor\\laravel\\framework\\src\\Illuminate\\Container\\Util.php(43): Illuminate\\Container\\BoundMethod::Illuminate\\Container\\{closure}()
#9 D:\\Smart Damage Assessment System\\backend\\vendor\\laravel\\framework\\src\\Illuminate\\Container\\BoundMethod.php(95): Illuminate\\Container\\Util::unwrapIfClosure(Object(Closure))
#10 D:\\Smart Damage Assessment System\\backend\\vendor\\laravel\\framework\\src\\Illuminate\\Container\\BoundMethod.php(35): Illuminate\\Container\\BoundMethod::callBoundMethod(Object(Illuminate\\Foundation\\Application), Array, Object(Closure))
#11 D:\\Smart Damage Assessment System\\backend\\vendor\\laravel\\framework\\src\\Illuminate\\Container\\Container.php(696): Illuminate\\Container\\BoundMethod::call(Object(Illuminate\\Foundation\\Application), Array, Array, NULL)
#12 D:\\Smart Damage Assessment System\\backend\\vendor\\laravel\\framework\\src\\Illuminate\\Console\\Command.php(213): Illuminate\\Container\\Container->call(Array)
#13 D:\\Smart Damage Assessment System\\backend\\vendor\\symfony\\console\\Command\\Command.php(341): Illuminate\\Console\\Command->execute(Object(Symfony\\Component\\Console\\Input\\ArgvInput), Object(Illuminate\\Console\\OutputStyle))
#14 D:\\Smart Damage Assessment System\\backend\\vendor\\laravel\\framework\\src\\Illuminate\\Console\\Command.php(182): Symfony\\Component\\Console\\Command\\Command->run(Object(Symfony\\Component\\Console\\Input\\ArgvInput), Object(Illuminate\\Console\\OutputStyle))
#15 D:\\Smart Damage Assessment System\\backend\\vendor\\symfony\\console\\Application.php(1102): Illuminate\\Console\\Command->run(Object(Symfony\\Component\\Console\\Input\\ArgvInput), Object(Symfony\\Component\\Console\\Output\\ConsoleOutput))
#16 D:\\Smart Damage Assessment System\\backend\\vendor\\symfony\\console\\Application.php(356): Symfony\\Component\\Console\\Application->doRunCommand(Object(Illuminate\\Cache\\Console\\ClearCommand), Object(Symfony\\Component\\Console\\Input\\ArgvInput), Object(Symfony\\Component\\Console\\Output\\ConsoleOutput))
#17 D:\\Smart Damage Assessment System\\backend\\vendor\\symfony\\console\\Application.php(195): Symfony\\Component\\Console\\Application->doRun(Object(Symfony\\Component\\Console\\Input\\ArgvInput), Object(Symfony\\Component\\Console\\Output\\ConsoleOutput))
#18 D:\\Smart Damage Assessment System\\backend\\vendor\\laravel\\framework\\src\\Illuminate\\Foundation\\Console\\Kernel.php(198): Symfony\\Component\\Console\\Application->run(Object(Symfony\\Component\\Console\\Input\\ArgvInput), Object(Symfony\\Component\\Console\\Output\\ConsoleOutput))
#19 D:\\Smart Damage Assessment System\\backend\\artisan(35): Illuminate\\Foundation\\Console\\Kernel->handle(Object(Symfony\\Component\\Console\\Input\\ArgvInput), Object(Symfony\\Component\\Console\\Output\\ConsoleOutput))
#20 {main}

[previous exception] [object] (PDOException(code: 42S02): SQLSTATE[42S02]: Base table or view not found: 1146 Table 'smart_damage_assessment.cache' doesn't exist at D:\\Smart Damage Assessment System\\backend\\vendor\\laravel\\framework\\src\\Illuminate\\Database\\Connection.php:592)
[stacktrace]
#0 D:\\Smart Damage Assessment System\\backend\\vendor\\laravel\\framework\\src\\Illuminate\\Database\\Connection.php(592): PDO->prepare('delete from `ca...')
#1 D:\\Smart Damage Assessment System\\backend\\vendor\\laravel\\framework\\src\\Illuminate\\Database\\Connection.php(812): Illuminate\\Database\\Connection->Illuminate\\Database\\{closure}('delete from `ca...', Array)
#2 D:\\Smart Damage Assessment System\\backend\\vendor\\laravel\\framework\\src\\Illuminate\\Database\\Connection.php(779): Illuminate\\Database\\Connection->runQueryCallback('delete from `ca...', Array, Object(Closure))
#3 D:\\Smart Damage Assessment System\\backend\\vendor\\laravel\\framework\\src\\Illuminate\\Database\\Connection.php(584): Illuminate\\Database\\Connection->run('delete from `ca...', Array, Object(Closure))
#4 D:\\Smart Damage Assessment System\\backend\\vendor\\laravel\\framework\\src\\Illuminate\\Database\\Connection.php(548): Illuminate\\Database\\Connection->affectingStatement('delete from `ca...', Array)
#5 D:\\Smart Damage Assessment System\\backend\\vendor\\laravel\\framework\\src\\Illuminate\\Database\\Query\\Builder.php(4024): Illuminate\\Database\\Connection->delete('delete from `ca...', Array)
#6 D:\\Smart Damage Assessment System\\backend\\vendor\\laravel\\framework\\src\\Illuminate\\Cache\\DatabaseStore.php(422): Illuminate\\Database\\Query\\Builder->delete()
#7 D:\\Smart Damage Assessment System\\backend\\vendor\\laravel\\framework\\src\\Illuminate\\Cache\\Repository.php(792): Illuminate\\Cache\\DatabaseStore->flush()
#8 D:\\Smart Damage Assessment System\\backend\\vendor\\laravel\\framework\\src\\Illuminate\\Cache\\Console\\ClearCommand.php(69): Illuminate\\Cache\\Repository->__call('flush', Array)
#9 D:\\Smart Damage Assessment System\\backend\\vendor\\laravel\\framework\\src\\Illuminate\\Container\\BoundMethod.php(36): Illuminate\\Cache\\Console\\ClearCommand->handle()
#10 D:\\Smart Damage Assessment System\\backend\\vendor\\laravel\\framework\\src\\Illuminate\\Container\\Util.php(43): Illuminate\\Container\\BoundMethod::Illuminate\\Container\\{closure}()
#11 D:\\Smart Damage Assessment System\\backend\\vendor\\laravel\\framework\\src\\Illuminate\\Container\\BoundMethod.php(95): Illuminate\\Container\\Util::unwrapIfClosure(Object(Closure))
#12 D:\\Smart Damage Assessment System\\backend\\vendor\\laravel\\framework\\src\\Illuminate\\Container\\BoundMethod.php(35): Illuminate\\Container\\BoundMethod::callBoundMethod(Object(Illuminate\\Foundation\\Application), Array, Object(Closure))
#13 D:\\Smart Damage Assessment System\\backend\\vendor\\laravel\\framework\\src\\Illuminate\\Container\\Container.php(696): Illuminate\\Container\\BoundMethod::call(Object(Illuminate\\Foundation\\Application), Array, Array, NULL)
#14 D:\\Smart Damage Assessment System\\backend\\vendor\\laravel\\framework\\src\\Illuminate\\Console\\Command.php(213): Illuminate\\Container\\Container->call(Array)
#15 D:\\Smart Damage Assessment System\\backend\\vendor\\symfony\\console\\Command\\Command.php(341): Illuminate\\Console\\Command->execute(Object(Symfony\\Component\\Console\\Input\\ArgvInput), Object(Illuminate\\Console\\OutputStyle))
#16 D:\\Smart Damage Assessment System\\backend\\vendor\\laravel\\framework\\src\\Illuminate\\Console\\Command.php(182): Symfony\\Component\\Console\\Command\\Command->run(Object(Symfony\\Component\\Console\\Input\\ArgvInput), Object(Illuminate\\Console\\OutputStyle))
#17 D:\\Smart Damage Assessment System\\backend\\vendor\\symfony\\console\\Application.php(1102): Illuminate\\Console\\Command->run(Object(Symfony\\Component\\Console\\Input\\ArgvInput), Object(Symfony\\Component\\Console\\Output\\ConsoleOutput))
#18 D:\\Smart Damage Assessment System\\backend\\vendor\\symfony\\console\\Application.php(356): Symfony\\Component\\Console\\Application->doRunCommand(Object(Illuminate\\Cache\\Console\\ClearCommand), Object(Symfony\\Component\\Console\\Input\\ArgvInput), Object(Symfony\\Component\\Console\\Output\\ConsoleOutput))
#19 D:\\Smart Damage Assessment System\\backend\\vendor\\symfony\\console\\Application.php(195): Symfony\\Component\\Console\\Application->doRun(Object(Symfony\\Component\\Console\\Input\\ArgvInput), Object(Symfony\\Component\\Console\\Output\\ConsoleOutput))
#20 D:\\Smart Damage Assessment System\\backend\\vendor\\laravel\\framework\\src\\Illuminate\\Foundation\\Console\\Kernel.php(198): Symfony\\Component\\Console\\Application->run(Object(Symfony\\Component\\Console\\Input\\ArgvInput), Object(Symfony\\Component\\Console\\Output\\ConsoleOutput))
#21 D:\\Smart Damage Assessment System\\backend\\artisan(35): Illuminate\\Foundation\\Console\\Kernel->handle(Object(Symfony\\Component\\Console\\Input\\ArgvInput), Object(Symfony\\Component\\Console\\Output\\ConsoleOutput))
#22 {main}
"} 
[2026-01-15 13:11:18] local.ERROR: Route [login] not defined. {"exception":"[object] (Symfony\\Component\\Routing\\Exception\\RouteNotFoundException(code: 0): Route [login] not defined. at D:\\Smart Damage Assessment System\\backend\\vendor\\laravel\\framework\\src\\Illuminate\\Routing\\UrlGenerator.php:517)
[stacktrace]
#0 D:\\Smart Damage Assessment System\\backend\\vendor\\laravel\\framework\\src\\Illuminate\\Foundation\\helpers.php(853): Illuminate\\Routing\\UrlGenerator->route('login', Array, true)
#1 D:\\Smart Damage Assessment System\\backend\\vendor\\laravel\\framework\\src\\Illuminate\\Foundation\\Configuration\\ApplicationBuilder.php(278): route('login')
#2 [internal function]: Illuminate\\Foundation\\Configuration\\ApplicationBuilder->Illuminate\\Foundation\\Configuration\\{closure}(Object(Illuminate\\Http\\Request))
#3 D:\\Smart Damage Assessment System\\backend\\vendor\\laravel\\framework\\src\\Illuminate\\Auth\\Middleware\\Authenticate.php(118): call_user_func(Object(Closure), Object(Illuminate\\Http\\Request))
#4 D:\\Smart Damage Assessment System\\backend\\vendor\\laravel\\framework\\src\\Illuminate\\Auth\\Middleware\\Authenticate.php(105): Illuminate\\Auth\\Middleware\\Authenticate->redirectTo(Object(Illuminate\\Http\\Request))
#5 D:\\Smart Damage Assessment System\\backend\\vendor\\laravel\\framework\\src\\Illuminate\\Auth\\Middleware\\Authenticate.php(88): Illuminate\\Auth\\Middleware\\Authenticate->unauthenticated(Object(Illuminate\\Http\\Request), Array)
#6 D:\\Smart Damage Assessment System\\backend\\vendor\\laravel\\framework\\src\\Illuminate\\Auth\\Middleware\\Authenticate.php(62): Illuminate\\Auth\\Middleware\\Authenticate->authenticate(Object(Illuminate\\Http\\Request), Array)
#7 D:\\Smart Damage Assessment System\\backend\\vendor\\laravel\\framework\\src\\Illuminate\\Pipeline\\Pipeline.php(209): Illuminate\\Auth\\Middleware\\Authenticate->handle(Object(Illuminate\\Http\\Request), Object(Closure))
#8 D:\\Smart Damage Assessment System\\backend\\vendor\\laravel\\framework\\src\\Illuminate\\Foundation\\Http\\Middleware\\VerifyCsrfToken.php(88): Illuminate\\Pipeline\\Pipeline->Illuminate\\Pipeline\\{closure}(Object(Illuminate\\Http\\Request))
#9 D:\\Smart Damage Assessment System\\backend\\vendor\\laravel\\framework\\src\\Illuminate\\Pipeline\\Pipeline.php(209): Illuminate\\Foundation\\Http\\Middleware\\VerifyCsrfToken->handle(Object(Illuminate\\Http\\Request), Object(Closure))
#10 D:\\Smart Damage Assessment System\\backend\\vendor\\laravel\\framework\\src\\Illuminate\\View\\Middleware\\ShareErrorsFromSession.php(49): Illuminate\\Pipeline\\Pipeline->Illuminate\\Pipeline\\{closure}(Object(Illuminate\\Http\\Request))
#11 D:\\Smart Damage Assessment System\\backend\\vendor\\laravel\\framework\\src\\Illuminate\\Pipeline\\Pipeline.php(209): Illuminate\\View\\Middleware\\ShareErrorsFromSession->handle(Object(Illuminate\\Http\\Request), Object(Closure))
#12 D:\\Smart Damage Assessment System\\backend\\vendor\\laravel\\framework\\src\\Illuminate\\Session\\Middleware\\StartSession.php(121): Illuminate\\Pipeline\\Pipeline->Illuminate\\Pipeline\\{closure}(Object(Illuminate\\Http\\Request))
#13 D:\\Smart Damage Assessment System\\backend\\vendor\\laravel\\framework\\src\\Illuminate\\Session\\Middleware\\StartSession.php(64): Illuminate\\Session\\Middleware\\StartSession->handleStatefulRequest(Object(Illuminate\\Http\\Request), Object(Illuminate\\Session\\Store), Object(Closure))
#14 D:\\Smart Damage Assessment System\\backend\\vendor\\laravel\\framework\\src\\Illuminate\\Pipeline\\Pipeline.php(209): Illuminate\\Session\\Middleware\\StartSession->handle(Object(Illuminate\\Http\\Request), Object(Closure))
#15 D:\\Smart Damage Assessment System\\backend\\vendor\\laravel\\framework\\src\\Illuminate\\Cookie\\Middleware\\AddQueuedCookiesToResponse.php(37): Illuminate\\Pipeline\\Pipeline->Illuminate\\Pipeline\\{closure}(Object(Illuminate\\Http\\Request))
#16 D:\\Smart Damage Assessment System\\backend\\vendor\\laravel\\framework\\src\\Illuminate\\Pipeline\\Pipeline.php(209): Illuminate\\Cookie\\Middleware\\AddQueuedCookiesToResponse->handle(Object(Illuminate\\Http\\Request), Object(Closure))
#17 D:\\Smart Damage Assessment System\\backend\\vendor\\laravel\\framework\\src\\Illuminate\\Cookie\\Middleware\\EncryptCookies.php(75): Illuminate\\Pipeline\\Pipeline->Illuminate\\Pipeline\\{closure}(Object(Illuminate\\Http\\Request))
#18 D:\\Smart Damage Assessment System\\backend\\vendor\\laravel\\framework\\src\\Illuminate\\Pipeline\\Pipeline.php(209): Illuminate\\Cookie\\Middleware\\EncryptCookies->handle(Object(Illuminate\\Http\\Request), Object(Closure))
#19 D:\\Smart Damage Assessment System\\backend\\vendor\\laravel\\framework\\src\\Illuminate\\Pipeline\\Pipeline.php(127): Illuminate\\Pipeline\\Pipeline->Illuminate\\Pipeline\\{closure}(Object(Illuminate\\Http\\Request))
#20 D:\\Smart Damage Assessment System\\backend\\vendor\\laravel\\framework\\src\\Illuminate\\Routing\\Router.php(807): Illuminate\\Pipeline\\Pipeline->then(Object(Closure))
#21 D:\\Smart Damage Assessment System\\backend\\vendor\\laravel\\framework\\src\\Illuminate\\Routing\\Router.php(786): Illuminate\\Routing\\Router->runRouteWithinStack(Object(Illuminate\\Routing\\Route), Object(Illuminate\\Http\\Request))
#22 D:\\Smart Damage Assessment System\\backend\\vendor\\laravel\\framework\\src\\Illuminate\\Routing\\Router.php(750): Illuminate\\Routing\\Router->runRoute(Object(Illuminate\\Http\\Request), Object(Illuminate\\Routing\\Route))
#23 D:\\Smart Damage Assessment System\\backend\\vendor\\laravel\\framework\\src\\Illuminate\\Routing\\Router.php(739): Illuminate\\Routing\\Router->dispatchToRoute(Object(Illuminate\\Http\\Request))
#24 D:\\Smart Damage Assessment System\\backend\\vendor\\laravel\\framework\\src\\Illuminate\\Foundation\\Http\\Kernel.php(201): Illuminate\\Routing\\Router->dispatch(Object(Illuminate\\Http\\Request))
#25 D:\\Smart Damage Assessment System\\backend\\vendor\\laravel\\framework\\src\\Illuminate\\Pipeline\\Pipeline.php(170): Illuminate\\Foundation\\Http\\Kernel->Illuminate\\Foundation\\Http\\{closure}(Object(Illuminate\\Http\\Request))
#26 D:\\Smart Damage Assessment System\\backend\\vendor\\laravel\\framework\\src\\Illuminate\\Foundation\\Http\\Middleware\\TransformsRequest.php(21): Illuminate\\Pipeline\\Pipeline->Illuminate\\Pipeline\\{closure}(Object(Illuminate\\Http\\Request))
#27 D:\\Smart Damage Assessment System\\backend\\vendor\\laravel\\framework\\src\\Illuminate\\Foundation\\Http\\Middleware\\ConvertEmptyStringsToNull.php(31): Illuminate\\Foundation\\Http\\Middleware\\TransformsRequest->handle(Object(Illuminate\\Http\\Request), Object(Closure))
#28 D:\\Smart Damage Assessment System\\backend\\vendor\\laravel\\framework\\src\\Illuminate\\Pipeline\\Pipeline.php(209): Illuminate\\Foundation\\Http\\Middleware\\ConvertEmptyStringsToNull->handle(Object(Illuminate\\Http\\Request), Object(Closure))
#29 D:\\Smart Damage Assessment System\\backend\\vendor\\laravel\\framework\\src\\Illuminate\\Foundation\\Http\\Middleware\\TransformsRequest.php(21): Illuminate\\Pipeline\\Pipeline->Illuminate\\Pipeline\\{closure}(Object(Illuminate\\Http\\Request))
#30 D:\\Smart Damage Assessment System\\backend\\vendor\\laravel\\framework\\src\\Illuminate\\Foundation\\Http\\Middleware\\TrimStrings.php(51): Illuminate\\Foundation\\Http\\Middleware\\TransformsRequest->handle(Object(Illuminate\\Http\\Request), Object(Closure))
#31 D:\\Smart Damage Assessment System\\backend\\vendor\\laravel\\framework\\src\\Illuminate\\Pipeline\\Pipeline.php(209): Illuminate\\Foundation\\Http\\Middleware\\TrimStrings->handle(Object(Illuminate\\Http\\Request), Object(Closure))
#32 D:\\Smart Damage Assessment System\\backend\\vendor\\laravel\\framework\\src\\Illuminate\\Http\\Middleware\\ValidatePostSize.php(27): Illuminate\\Pipeline\\Pipeline->Illuminate\\Pipeline\\{closure}(Object(Illuminate\\Http\\Request))
#33 D:\\Smart Damage Assessment System\\backend\\vendor\\laravel\\framework\\src\\Illuminate\\Pipeline\\Pipeline.php(209): Illuminate\\Http\\Middleware\\ValidatePostSize->handle(Object(Illuminate\\Http\\Request), Object(Closure))
#34 D:\\Smart Damage Assessment System\\backend\\vendor\\laravel\\framework\\src\\Illuminate\\Foundation\\Http\\Middleware\\PreventRequestsDuringMaintenance.php(110): Illuminate\\Pipeline\\Pipeline->Illuminate\\Pipeline\\{closure}(Object(Illuminate\\Http\\Request))
#35 D:\\Smart Damage Assessment System\\backend\\vendor\\laravel\\framework\\src\\Illuminate\\Pipeline\\Pipeline.php(209): Illuminate\\Foundation\\Http\\Middleware\\PreventRequestsDuringMaintenance->handle(Object(Illuminate\\Http\\Request), Object(Closure))
#36 D:\\Smart Damage Assessment System\\backend\\vendor\\laravel\\framework\\src\\Illuminate\\Http\\Middleware\\HandleCors.php(49): Illuminate\\Pipeline\\Pipeline->Illuminate\\Pipeline\\{closure}(Object(Illuminate\\Http\\Request))
#37 D:\\Smart Damage Assessment System\\backend\\vendor\\laravel\\framework\\src\\Illuminate\\Pipeline\\Pipeline.php(209): Illuminate\\Http\\Middleware\\HandleCors->handle(Object(Illuminate\\Http\\Request), Object(Closure))
#38 D:\\Smart Damage Assessment System\\backend\\vendor\\laravel\\framework\\src\\Illuminate\\Http\\Middleware\\TrustProxies.php(58): Illuminate\\Pipeline\\Pipeline->Illuminate\\Pipeline\\{closure}(Object(Illuminate\\Http\\Request))
#39 D:\\Smart Damage Assessment System\\backend\\vendor\\laravel\\framework\\src\\Illuminate\\Pipeline\\Pipeline.php(209): Illuminate\\Http\\Middleware\\TrustProxies->handle(Object(Illuminate\\Http\\Request), Object(Closure))
#40 D:\\Smart Damage Assessment System\\backend\\vendor\\laravel\\framework\\src\\Illuminate\\Foundation\\Http\\Middleware\\InvokeDeferredCallbacks.php(22): Illuminate\\Pipeline\\Pipeline->Illuminate\\Pipeline\\{closure}(Object(Illuminate\\Http\\Request))
#41 D:\\Smart Damage Assessment System\\backend\\vendor\\laravel\\framework\\src\\Illuminate\\Pipeline\\Pipeline.php(209): Illuminate\\Foundation\\Http\\Middleware\\InvokeDeferredCallbacks->handle(Object(Illuminate\\Http\\Request), Object(Closure))
#42 D:\\Smart Damage Assessment System\\backend\\vendor\\laravel\\framework\\src\\Illuminate\\Pipeline\\Pipeline.php(127): Illuminate\\Pipeline\\Pipeline->Illuminate\\Pipeline\\{closure}(Object(Illuminate\\Http\\Request))
#43 D:\\Smart Damage Assessment System\\backend\\vendor\\laravel\\framework\\src\\Illuminate\\Foundation\\Http\\Kernel.php(176): Illuminate\\Pipeline\\Pipeline->then(Object(Closure))
#44 D:\\Smart Damage Assessment System\\backend\\vendor\\laravel\\framework\\src\\Illuminate\\Foundation\\Http\\Kernel.php(145): Illuminate\\Foundation\\Http\\Kernel->sendRequestThroughRouter(Object(Illuminate\\Http\\Request))
#45 D:\\Smart Damage Assessment System\\backend\\public\\index.php(17): Illuminate\\Foundation\\Http\\Kernel->handle(Object(Illuminate\\Http\\Request))
#46 D:\\Smart Damage Assessment System\\backend\\vendor\\laravel\\framework\\src\\Illuminate\\Foundation\\resources\\server.php(23): require_once('D:\\\\Smart Damage...')
#47 {main}
"} 
[2026-01-15 13:12:07] local.ERROR: SQLSTATE[42S02]: Base table or view not found: 1146 Table 'smart_damage_assessment.personal_access_tokens' doesn't exist (Connection: mysql, SQL: insert into `personal_access_tokens` (`name`, `token`, `abilities`, `expires_at`, `tokenable_id`, `tokenable_type`, `updated_at`, `created_at`) values (api-token, 14c7d29ab1cffbfa1b820a160f40a03a231b41c155b9aaa177006334a3b7ae28, ["*"], ?, 1, App\Models\User, 2026-01-15 13:12:07, 2026-01-15 13:12:07)) {"exception":"[object] (Illuminate\\Database\\QueryException(code: 42S02): SQLSTATE[42S02]: Base table or view not found: 1146 Table 'smart_damage_assessment.personal_access_tokens' doesn't exist (Connection: mysql, SQL: insert into `personal_access_tokens` (`name`, `token`, `abilities`, `expires_at`, `tokenable_id`, `tokenable_type`, `updated_at`, `created_at`) values (api-token, 14c7d29ab1cffbfa1b820a160f40a03a231b41c155b9aaa177006334a3b7ae28, [\"*\"], ?, 1, App\\Models\\User, 2026-01-15 13:12:07, 2026-01-15 13:12:07)) at D:\\Smart Damage Assessment System\\backend\\vendor\\laravel\\framework\\src\\Illuminate\\Database\\Connection.php:825)
[stacktrace]
#0 D:\\Smart Damage Assessment System\\backend\\vendor\\laravel\\framework\\src\\Illuminate\\Database\\Connection.php(779): Illuminate\\Database\\Connection->runQueryCallback('insert into `pe...', Array, Object(Closure))
#1 D:\\Smart Damage Assessment System\\backend\\vendor\\laravel\\framework\\src\\Illuminate\\Database\\MySqlConnection.php(42): Illuminate\\Database\\Connection->run('insert into `pe...', Array, Object(Closure))
#2 D:\\Smart Damage Assessment System\\backend\\vendor\\laravel\\framework\\src\\Illuminate\\Database\\Query\\Processors\\MySqlProcessor.php(35): Illuminate\\Database\\MySqlConnection->insert('insert into `pe...', Array, 'id')
#3 D:\\Smart Damage Assessment System\\backend\\vendor\\laravel\\framework\\src\\Illuminate\\Database\\Query\\Builder.php(3766): Illuminate\\Database\\Query\\Processors\\MySqlProcessor->processInsertGetId(Object(Illuminate\\Database\\Query\\Builder), 'insert into `pe...', Array, 'id')
#4 D:\\Smart Damage Assessment System\\backend\\vendor\\laravel\\framework\\src\\Illuminate\\Database\\Eloquent\\Builder.php(2120): Illuminate\\Database\\Query\\Builder->insertGetId(Array, 'id')
#5 D:\\Smart Damage Assessment System\\backend\\vendor\\laravel\\framework\\src\\Illuminate\\Database\\Eloquent\\Model.php(1359): Illuminate\\Database\\Eloquent\\Builder->__call('insertGetId', Array)
#6 D:\\Smart Damage Assessment System\\backend\\vendor\\laravel\\framework\\src\\Illuminate\\Database\\Eloquent\\Model.php(1324): Illuminate\\Database\\Eloquent\\Model->insertAndSetId(Object(Illuminate\\Database\\Eloquent\\Builder), Array)
#7 D:\\Smart Damage Assessment System\\backend\\vendor\\laravel\\framework\\src\\Illuminate\\Database\\Eloquent\\Model.php(1163): Illuminate\\Database\\Eloquent\\Model->performInsert(Object(Illuminate\\Database\\Eloquent\\Builder))
#8 D:\\Smart Damage Assessment System\\backend\\vendor\\laravel\\framework\\src\\Illuminate\\Database\\Eloquent\\Relations\\HasOneOrMany.php(371): Illuminate\\Database\\Eloquent\\Model->save()
#9 D:\\Smart Damage Assessment System\\backend\\vendor\\laravel\\framework\\src\\Illuminate\\Support\\helpers.php(399): Illuminate\\Database\\Eloquent\\Relations\\HasOneOrMany->Illuminate\\Database\\Eloquent\\Relations\\{closure}(Object(Laravel\\Sanctum\\PersonalAccessToken))
#10 D:\\Smart Damage Assessment System\\backend\\vendor\\laravel\\framework\\src\\Illuminate\\Database\\Eloquent\\Relations\\HasOneOrMany.php(368): tap(Object(Laravel\\Sanctum\\PersonalAccessToken), Object(Closure))
#11 D:\\Smart Damage Assessment System\\backend\\vendor\\laravel\\sanctum\\src\\HasApiTokens.php(64): Illuminate\\Database\\Eloquent\\Relations\\HasOneOrMany->create(Array)
#12 D:\\Smart Damage Assessment System\\backend\\app\\Http\\Controllers\\Api\\AuthController.php(45): App\\Models\\User->createToken('api-token')
#13 D:\\Smart Damage Assessment System\\backend\\vendor\\laravel\\framework\\src\\Illuminate\\Routing\\Controller.php(54): App\\Http\\Controllers\\Api\\AuthController->login(Object(Illuminate\\Http\\Request))
#14 D:\\Smart Damage Assessment System\\backend\\vendor\\laravel\\framework\\src\\Illuminate\\Routing\\ControllerDispatcher.php(44): Illuminate\\Routing\\Controller->callAction('login', Array)
#15 D:\\Smart Damage Assessment System\\backend\\vendor\\laravel\\framework\\src\\Illuminate\\Routing\\Route.php(266): Illuminate\\Routing\\ControllerDispatcher->dispatch(Object(Illuminate\\Routing\\Route), Object(App\\Http\\Controllers\\Api\\AuthController), 'login')
#16 D:\\Smart Damage Assessment System\\backend\\vendor\\laravel\\framework\\src\\Illuminate\\Routing\\Route.php(212): Illuminate\\Routing\\Route->runController()
#17 D:\\Smart Damage Assessment System\\backend\\vendor\\laravel\\framework\\src\\Illuminate\\Routing\\Router.php(808): Illuminate\\Routing\\Route->run()
#18 D:\\Smart Damage Assessment System\\backend\\vendor\\laravel\\framework\\src\\Illuminate\\Pipeline\\Pipeline.php(170): Illuminate\\Routing\\Router->Illuminate\\Routing\\{closure}(Object(Illuminate\\Http\\Request))
#19 D:\\Smart Damage Assessment System\\backend\\vendor\\laravel\\framework\\src\\Illuminate\\Routing\\Middleware\\SubstituteBindings.php(51): Illuminate\\Pipeline\\Pipeline->Illuminate\\Pipeline\\{closure}(Object(Illuminate\\Http\\Request))
#20 D:\\Smart Damage Assessment System\\backend\\vendor\\laravel\\framework\\src\\Illuminate\\Pipeline\\Pipeline.php(209): Illuminate\\Routing\\Middleware\\SubstituteBindings->handle(Object(Illuminate\\Http\\Request), Object(Closure))
#21 D:\\Smart Damage Assessment System\\backend\\vendor\\laravel\\framework\\src\\Illuminate\\Pipeline\\Pipeline.php(127): Illuminate\\Pipeline\\Pipeline->Illuminate\\Pipeline\\{closure}(Object(Illuminate\\Http\\Request))
#22 D:\\Smart Damage Assessment System\\backend\\vendor\\laravel\\framework\\src\\Illuminate\\Routing\\Router.php(807): Illuminate\\Pipeline\\Pipeline->then(Object(Closure))
#23 D:\\Smart Damage Assessment System\\backend\\vendor\\laravel\\framework\\src\\Illuminate\\Routing\\Router.php(786): Illuminate\\Routing\\Router->runRouteWithinStack(Object(Illuminate\\Routing\\Route), Object(Illuminate\\Http\\Request))
#24 D:\\Smart Damage Assessment System\\backend\\vendor\\laravel\\framework\\src\\Illuminate\\Routing\\Router.php(750): Illuminate\\Routing\\Router->runRoute(Object(Illuminate\\Http\\Request), Object(Illuminate\\Routing\\Route))
#25 D:\\Smart Damage Assessment System\\backend\\vendor\\laravel\\framework\\src\\Illuminate\\Routing\\Router.php(739): Illuminate\\Routing\\Router->dispatchToRoute(Object(Illuminate\\Http\\Request))
#26 D:\\Smart Damage Assessment System\\backend\\vendor\\laravel\\framework\\src\\Illuminate\\Foundation\\Http\\Kernel.php(201): Illuminate\\Routing\\Router->dispatch(Object(Illuminate\\Http\\Request))
#27 D:\\Smart Damage Assessment System\\backend\\vendor\\laravel\\framework\\src\\Illuminate\\Pipeline\\Pipeline.php(170): Illuminate\\Foundation\\Http\\Kernel->Illuminate\\Foundation\\Http\\{closure}(Object(Illuminate\\Http\\Request))
#28 D:\\Smart Damage Assessment System\\backend\\vendor\\laravel\\framework\\src\\Illuminate\\Foundation\\Http\\Middleware\\TransformsRequest.php(21): Illuminate\\Pipeline\\Pipeline->Illuminate\\Pipeline\\{closure}(Object(Illuminate\\Http\\Request))
#29 D:\\Smart Damage Assessment System\\backend\\vendor\\laravel\\framework\\src\\Illuminate\\Foundation\\Http\\Middleware\\ConvertEmptyStringsToNull.php(31): Illuminate\\Foundation\\Http\\Middleware\\TransformsRequest->handle(Object(Illuminate\\Http\\Request), Object(Closure))
#30 D:\\Smart Damage Assessment System\\backend\\vendor\\laravel\\framework\\src\\Illuminate\\Pipeline\\Pipeline.php(209): Illuminate\\Foundation\\Http\\Middleware\\ConvertEmptyStringsToNull->handle(Object(Illuminate\\Http\\Request), Object(Closure))
#31 D:\\Smart Damage Assessment System\\backend\\vendor\\laravel\\framework\\src\\Illuminate\\Foundation\\Http\\Middleware\\TransformsRequest.php(21): Illuminate\\Pipeline\\Pipeline->Illuminate\\Pipeline\\{closure}(Object(Illuminate\\Http\\Request))
#32 D:\\Smart Damage Assessment System\\backend\\vendor\\laravel\\framework\\src\\Illuminate\\Foundation\\Http\\Middleware\\TrimStrings.php(51): Illuminate\\Foundation\\Http\\Middleware\\TransformsRequest->handle(Object(Illuminate\\Http\\Request), Object(Closure))
#33 D:\\Smart Damage Assessment System\\backend\\vendor\\laravel\\framework\\src\\Illuminate\\Pipeline\\Pipeline.php(209): Illuminate\\Foundation\\Http\\Middleware\\TrimStrings->handle(Object(Illuminate\\Http\\Request), Object(Closure))
#34 D:\\Smart Damage Assessment System\\backend\\vendor\\laravel\\framework\\src\\Illuminate\\Http\\Middleware\\ValidatePostSize.php(27): Illuminate\\Pipeline\\Pipeline->Illuminate\\Pipeline\\{closure}(Object(Illuminate\\Http\\Request))
#35 D:\\Smart Damage Assessment System\\backend\\vendor\\laravel\\framework\\src\\Illuminate\\Pipeline\\Pipeline.php(209): Illuminate\\Http\\Middleware\\ValidatePostSize->handle(Object(Illuminate\\Http\\Request), Object(Closure))
#36 D:\\Smart Damage Assessment System\\backend\\vendor\\laravel\\framework\\src\\Illuminate\\Foundation\\Http\\Middleware\\PreventRequestsDuringMaintenance.php(110): Illuminate\\Pipeline\\Pipeline->Illuminate\\Pipeline\\{closure}(Object(Illuminate\\Http\\Request))
#37 D:\\Smart Damage Assessment System\\backend\\vendor\\laravel\\framework\\src\\Illuminate\\Pipeline\\Pipeline.php(209): Illuminate\\Foundation\\Http\\Middleware\\PreventRequestsDuringMaintenance->handle(Object(Illuminate\\Http\\Request), Object(Closure))
#38 D:\\Smart Damage Assessment System\\backend\\vendor\\laravel\\framework\\src\\Illuminate\\Http\\Middleware\\HandleCors.php(62): Illuminate\\Pipeline\\Pipeline->Illuminate\\Pipeline\\{closure}(Object(Illuminate\\Http\\Request))
#39 D:\\Smart Damage Assessment System\\backend\\vendor\\laravel\\framework\\src\\Illuminate\\Pipeline\\Pipeline.php(209): Illuminate\\Http\\Middleware\\HandleCors->handle(Object(Illuminate\\Http\\Request), Object(Closure))
#40 D:\\Smart Damage Assessment System\\backend\\vendor\\laravel\\framework\\src\\Illuminate\\Http\\Middleware\\TrustProxies.php(58): Illuminate\\Pipeline\\Pipeline->Illuminate\\Pipeline\\{closure}(Object(Illuminate\\Http\\Request))
#41 D:\\Smart Damage Assessment System\\backend\\vendor\\laravel\\framework\\src\\Illuminate\\Pipeline\\Pipeline.php(209): Illuminate\\Http\\Middleware\\TrustProxies->handle(Object(Illuminate\\Http\\Request), Object(Closure))
#42 D:\\Smart Damage Assessment System\\backend\\vendor\\laravel\\framework\\src\\Illuminate\\Foundation\\Http\\Middleware\\InvokeDeferredCallbacks.php(22): Illuminate\\Pipeline\\Pipeline->Illuminate\\Pipeline\\{closure}(Object(Illuminate\\Http\\Request))
#43 D:\\Smart Damage Assessment System\\backend\\vendor\\laravel\\framework\\src\\Illuminate\\Pipeline\\Pipeline.php(209): Illuminate\\Foundation\\Http\\Middleware\\InvokeDeferredCallbacks->handle(Object(Illuminate\\Http\\Request), Object(Closure))
#44 D:\\Smart Damage Assessment System\\backend\\vendor\\laravel\\framework\\src\\Illuminate\\Pipeline\\Pipeline.php(127): Illuminate\\Pipeline\\Pipeline->Illuminate\\Pipeline\\{closure}(Object(Illuminate\\Http\\Request))
#45 D:\\Smart Damage Assessment System\\backend\\vendor\\laravel\\framework\\src\\Illuminate\\Foundation\\Http\\Kernel.php(176): Illuminate\\Pipeline\\Pipeline->then(Object(Closure))
#46 D:\\Smart Damage Assessment System\\backend\\vendor\\laravel\\framework\\src\\Illuminate\\Foundation\\Http\\Kernel.php(145): Illuminate\\Foundation\\Http\\Kernel->sendRequestThroughRouter(Object(Illuminate\\Http\\Request))
#47 D:\\Smart Damage Assessment System\\backend\\test_api.php(16): Illuminate\\Foundation\\Http\\Kernel->handle(Object(Illuminate\\Http\\Request))
#48 {main}

[previous exception] [object] (PDOException(code: 42S02): SQLSTATE[42S02]: Base table or view not found: 1146 Table 'smart_damage_assessment.personal_access_tokens' doesn't exist at D:\\Smart Damage Assessment System\\backend\\vendor\\laravel\\framework\\src\\Illuminate\\Database\\MySqlConnection.php:47)
[stacktrace]
#0 D:\\Smart Damage Assessment System\\backend\\vendor\\laravel\\framework\\src\\Illuminate\\Database\\MySqlConnection.php(47): PDO->prepare('insert into `pe...')
#1 D:\\Smart Damage Assessment System\\backend\\vendor\\laravel\\framework\\src\\Illuminate\\Database\\Connection.php(812): Illuminate\\Database\\MySqlConnection->Illuminate\\Database\\{closure}('insert into `pe...', Array)
#2 D:\\Smart Damage Assessment System\\backend\\vendor\\laravel\\framework\\src\\Illuminate\\Database\\Connection.php(779): Illuminate\\Database\\Connection->runQueryCallback('insert into `pe...', Array, Object(Closure))
#3 D:\\Smart Damage Assessment System\\backend\\vendor\\laravel\\framework\\src\\Illuminate\\Database\\MySqlConnection.php(42): Illuminate\\Database\\Connection->run('insert into `pe...', Array, Object(Closure))
#4 D:\\Smart Damage Assessment System\\backend\\vendor\\laravel\\framework\\src\\Illuminate\\Database\\Query\\Processors\\MySqlProcessor.php(35): Illuminate\\Database\\MySqlConnection->insert('insert into `pe...', Array, 'id')
#5 D:\\Smart Damage Assessment System\\backend\\vendor\\laravel\\framework\\src\\Illuminate\\Database\\Query\\Builder.php(3766): Illuminate\\Database\\Query\\Processors\\MySqlProcessor->processInsertGetId(Object(Illuminate\\Database\\Query\\Builder), 'insert into `pe...', Array, 'id')
#6 D:\\Smart Damage Assessment System\\backend\\vendor\\laravel\\framework\\src\\Illuminate\\Database\\Eloquent\\Builder.php(2120): Illuminate\\Database\\Query\\Builder->insertGetId(Array, 'id')
#7 D:\\Smart Damage Assessment System\\backend\\vendor\\laravel\\framework\\src\\Illuminate\\Database\\Eloquent\\Model.php(1359): Illuminate\\Database\\Eloquent\\Builder->__call('insertGetId', Array)
#8 D:\\Smart Damage Assessment System\\backend\\vendor\\laravel\\framework\\src\\Illuminate\\Database\\Eloquent\\Model.php(1324): Illuminate\\Database\\Eloquent\\Model->insertAndSetId(Object(Illuminate\\Database\\Eloquent\\Builder), Array)
#9 D:\\Smart Damage Assessment System\\backend\\vendor\\laravel\\framework\\src\\Illuminate\\Database\\Eloquent\\Model.php(1163): Illuminate\\Database\\Eloquent\\Model->performInsert(Object(Illuminate\\Database\\Eloquent\\Builder))
#10 D:\\Smart Damage Assessment System\\backend\\vendor\\laravel\\framework\\src\\Illuminate\\Database\\Eloquent\\Relations\\HasOneOrMany.php(371): Illuminate\\Database\\Eloquent\\Model->save()
#11 D:\\Smart Damage Assessment System\\backend\\vendor\\laravel\\framework\\src\\Illuminate\\Support\\helpers.php(399): Illuminate\\Database\\Eloquent\\Relations\\HasOneOrMany->Illuminate\\Database\\Eloquent\\Relations\\{closure}(Object(Laravel\\Sanctum\\PersonalAccessToken))
#12 D:\\Smart Damage Assessment System\\backend\\vendor\\laravel\\framework\\src\\Illuminate\\Database\\Eloquent\\Relations\\HasOneOrMany.php(368): tap(Object(Laravel\\Sanctum\\PersonalAccessToken), Object(Closure))
#13 D:\\Smart Damage Assessment System\\backend\\vendor\\laravel\\sanctum\\src\\HasApiTokens.php(64): Illuminate\\Database\\Eloquent\\Relations\\HasOneOrMany->create(Array)
#14 D:\\Smart Damage Assessment System\\backend\\app\\Http\\Controllers\\Api\\AuthController.php(45): App\\Models\\User->createToken('api-token')
#15 D:\\Smart Damage Assessment System\\backend\\vendor\\laravel\\framework\\src\\Illuminate\\Routing\\Controller.php(54): App\\Http\\Controllers\\Api\\AuthController->login(Object(Illuminate\\Http\\Request))
#16 D:\\Smart Damage Assessment System\\backend\\vendor\\laravel\\framework\\src\\Illuminate\\Routing\\ControllerDispatcher.php(44): Illuminate\\Routing\\Controller->callAction('login', Array)
#17 D:\\Smart Damage Assessment System\\backend\\vendor\\laravel\\framework\\src\\Illuminate\\Routing\\Route.php(266): Illuminate\\Routing\\ControllerDispatcher->dispatch(Object(Illuminate\\Routing\\Route), Object(App\\Http\\Controllers\\Api\\AuthController), 'login')
#18 D:\\Smart Damage Assessment System\\backend\\vendor\\laravel\\framework\\src\\Illuminate\\Routing\\Route.php(212): Illuminate\\Routing\\Route->runController()
#19 D:\\Smart Damage Assessment System\\backend\\vendor\\laravel\\framework\\src\\Illuminate\\Routing\\Router.php(808): Illuminate\\Routing\\Route->run()
#20 D:\\Smart Damage Assessment System\\backend\\vendor\\laravel\\framework\\src\\Illuminate\\Pipeline\\Pipeline.php(170): Illuminate\\Routing\\Router->Illuminate\\Routing\\{closure}(Object(Illuminate\\Http\\Request))
#21 D:\\Smart Damage Assessment System\\backend\\vendor\\laravel\\framework\\src\\Illuminate\\Routing\\Middleware\\SubstituteBindings.php(51): Illuminate\\Pipeline\\Pipeline->Illuminate\\Pipeline\\{closure}(Object(Illuminate\\Http\\Request))
#22 D:\\Smart Damage Assessment System\\backend\\vendor\\laravel\\framework\\src\\Illuminate\\Pipeline\\Pipeline.php(209): Illuminate\\Routing\\Middleware\\SubstituteBindings->handle(Object(Illuminate\\Http\\Request), Object(Closure))
#23 D:\\Smart Damage Assessment System\\backend\\vendor\\laravel\\framework\\src\\Illuminate\\Pipeline\\Pipeline.php(127): Illuminate\\Pipeline\\Pipeline->Illuminate\\Pipeline\\{closure}(Object(Illuminate\\Http\\Request))
#24 D:\\Smart Damage Assessment System\\backend\\vendor\\laravel\\framework\\src\\Illuminate\\Routing\\Router.php(807): Illuminate\\Pipeline\\Pipeline->then(Object(Closure))
#25 D:\\Smart Damage Assessment System\\backend\\vendor\\laravel\\framework\\src\\Illuminate\\Routing\\Router.php(786): Illuminate\\Routing\\Router->runRouteWithinStack(Object(Illuminate\\Routing\\Route), Object(Illuminate\\Http\\Request))
#26 D:\\Smart Damage Assessment System\\backend\\vendor\\laravel\\framework\\src\\Illuminate\\Routing\\Router.php(750): Illuminate\\Routing\\Router->runRoute(Object(Illuminate\\Http\\Request), Object(Illuminate\\Routing\\Route))
#27 D:\\Smart Damage Assessment System\\backend\\vendor\\laravel\\framework\\src\\Illuminate\\Routing\\Router.php(739): Illuminate\\Routing\\Router->dispatchToRoute(Object(Illuminate\\Http\\Request))
#28 D:\\Smart Damage Assessment System\\backend\\vendor\\laravel\\framework\\src\\Illuminate\\Foundation\\Http\\Kernel.php(201): Illuminate\\Routing\\Router->dispatch(Object(Illuminate\\Http\\Request))
#29 D:\\Smart Damage Assessment System\\backend\\vendor\\laravel\\framework\\src\\Illuminate\\Pipeline\\Pipeline.php(170): Illuminate\\Foundation\\Http\\Kernel->Illuminate\\Foundation\\Http\\{closure}(Object(Illuminate\\Http\\Request))
#30 D:\\Smart Damage Assessment System\\backend\\vendor\\laravel\\framework\\src\\Illuminate\\Foundation\\Http\\Middleware\\TransformsRequest.php(21): Illuminate\\Pipeline\\Pipeline->Illuminate\\Pipeline\\{closure}(Object(Illuminate\\Http\\Request))
#31 D:\\Smart Damage Assessment System\\backend\\vendor\\laravel\\framework\\src\\Illuminate\\Foundation\\Http\\Middleware\\ConvertEmptyStringsToNull.php(31): Illuminate\\Foundation\\Http\\Middleware\\TransformsRequest->handle(Object(Illuminate\\Http\\Request), Object(Closure))
#32 D:\\Smart Damage Assessment System\\backend\\vendor\\laravel\\framework\\src\\Illuminate\\Pipeline\\Pipeline.php(209): Illuminate\\Foundation\\Http\\Middleware\\ConvertEmptyStringsToNull->handle(Object(Illuminate\\Http\\Request), Object(Closure))
#33 D:\\Smart Damage Assessment System\\backend\\vendor\\laravel\\framework\\src\\Illuminate\\Foundation\\Http\\Middleware\\TransformsRequest.php(21): Illuminate\\Pipeline\\Pipeline->Illuminate\\Pipeline\\{closure}(Object(Illuminate\\Http\\Request))
#34 D:\\Smart Damage Assessment System\\backend\\vendor\\laravel\\framework\\src\\Illuminate\\Foundation\\Http\\Middleware\\TrimStrings.php(51): Illuminate\\Foundation\\Http\\Middleware\\TransformsRequest->handle(Object(Illuminate\\Http\\Request), Object(Closure))
#35 D:\\Smart Damage Assessment System\\backend\\vendor\\laravel\\framework\\src\\Illuminate\\Pipeline\\Pipeline.php(209): Illuminate\\Foundation\\Http\\Middleware\\TrimStrings->handle(Object(Illuminate\\Http\\Request), Object(Closure))
#36 D:\\Smart Damage Assessment System\\backend\\vendor\\laravel\\framework\\src\\Illuminate\\Http\\Middleware\\ValidatePostSize.php(27): Illuminate\\Pipeline\\Pipeline->Illuminate\\Pipeline\\{closure}(Object(Illuminate\\Http\\Request))
#37 D:\\Smart Damage Assessment System\\backend\\vendor\\laravel\\framework\\src\\Illuminate\\Pipeline\\Pipeline.php(209): Illuminate\\Http\\Middleware\\ValidatePostSize->handle(Object(Illuminate\\Http\\Request), Object(Closure))
#38 D:\\Smart Damage Assessment System\\backend\\vendor\\laravel\\framework\\src\\Illuminate\\Foundation\\Http\\Middleware\\PreventRequestsDuringMaintenance.php(110): Illuminate\\Pipeline\\Pipeline->Illuminate\\Pipeline\\{closure}(Object(Illuminate\\Http\\Request))
#39 D:\\Smart Damage Assessment System\\backend\\vendor\\laravel\\framework\\src\\Illuminate\\Pipeline\\Pipeline.php(209): Illuminate\\Foundation\\Http\\Middleware\\PreventRequestsDuringMaintenance->handle(Object(Illuminate\\Http\\Request), Object(Closure))
#40 D:\\Smart Damage Assessment System\\backend\\vendor\\laravel\\framework\\src\\Illuminate\\Http\\Middleware\\HandleCors.php(62): Illuminate\\Pipeline\\Pipeline->Illuminate\\Pipeline\\{closure}(Object(Illuminate\\Http\\Request))
#41 D:\\Smart Damage Assessment System\\backend\\vendor\\laravel\\framework\\src\\Illuminate\\Pipeline\\Pipeline.php(209): Illuminate\\Http\\Middleware\\HandleCors->handle(Object(Illuminate\\Http\\Request), Object(Closure))
#42 D:\\Smart Damage Assessment System\\backend\\vendor\\laravel\\framework\\src\\Illuminate\\Http\\Middleware\\TrustProxies.php(58): Illuminate\\Pipeline\\Pipeline->Illuminate\\Pipeline\\{closure}(Object(Illuminate\\Http\\Request))
#43 D:\\Smart Damage Assessment System\\backend\\vendor\\laravel\\framework\\src\\Illuminate\\Pipeline\\Pipeline.php(209): Illuminate\\Http\\Middleware\\TrustProxies->handle(Object(Illuminate\\Http\\Request), Object(Closure))
#44 D:\\Smart Damage Assessment System\\backend\\vendor\\laravel\\framework\\src\\Illuminate\\Foundation\\Http\\Middleware\\InvokeDeferredCallbacks.php(22): Illuminate\\Pipeline\\Pipeline->Illuminate\\Pipeline\\{closure}(Object(Illuminate\\Http\\Request))
#45 D:\\Smart Damage Assessment System\\backend\\vendor\\laravel\\framework\\src\\Illuminate\\Pipeline\\Pipeline.php(209): Illuminate\\Foundation\\Http\\Middleware\\InvokeDeferredCallbacks->handle(Object(Illuminate\\Http\\Request), Object(Closure))
#46 D:\\Smart Damage Assessment System\\backend\\vendor\\laravel\\framework\\src\\Illuminate\\Pipeline\\Pipeline.php(127): Illuminate\\Pipeline\\Pipeline->Illuminate\\Pipeline\\{closure}(Object(Illuminate\\Http\\Request))
#47 D:\\Smart Damage Assessment System\\backend\\vendor\\laravel\\framework\\src\\Illuminate\\Foundation\\Http\\Kernel.php(176): Illuminate\\Pipeline\\Pipeline->then(Object(Closure))
#48 D:\\Smart Damage Assessment System\\backend\\vendor\\laravel\\framework\\src\\Illuminate\\Foundation\\Http\\Kernel.php(145): Illuminate\\Foundation\\Http\\Kernel->sendRequestThroughRouter(Object(Illuminate\\Http\\Request))
#49 D:\\Smart Damage Assessment System\\backend\\test_api.php(16): Illuminate\\Foundation\\Http\\Kernel->handle(Object(Illuminate\\Http\\Request))
#50 {main}
"} 
[2026-01-15 13:14:51] local.ERROR: View [welcome] not found. {"exception":"[object] (InvalidArgumentException(code: 0): View [welcome] not found. at D:\\Smart Damage Assessment System\\backend\\vendor\\laravel\\framework\\src\\Illuminate\\View\\FileViewFinder.php:139)
[stacktrace]
#0 D:\\Smart Damage Assessment System\\backend\\vendor\\laravel\\framework\\src\\Illuminate\\View\\FileViewFinder.php(79): Illuminate\\View\\FileViewFinder->findInPaths('welcome', Array)
#1 D:\\Smart Damage Assessment System\\backend\\vendor\\laravel\\framework\\src\\Illuminate\\View\\Factory.php(151): Illuminate\\View\\FileViewFinder->find('welcome')
#2 D:\\Smart Damage Assessment System\\backend\\vendor\\laravel\\framework\\src\\Illuminate\\Foundation\\helpers.php(1062): Illuminate\\View\\Factory->make('welcome', Array, Array)
#3 D:\\Smart Damage Assessment System\\backend\\routes\\web.php(7): view('welcome')
#4 D:\\Smart Damage Assessment System\\backend\\vendor\\laravel\\framework\\src\\Illuminate\\Routing\\CallableDispatcher.php(40): Illuminate\\Routing\\RouteFileRegistrar->{closure}()
#5 D:\\Smart Damage Assessment System\\backend\\vendor\\laravel\\framework\\src\\Illuminate\\Routing\\Route.php(244): Illuminate\\Routing\\CallableDispatcher->dispatch(Object(Illuminate\\Routing\\Route), Object(Closure))
#6 D:\\Smart Damage Assessment System\\backend\\vendor\\laravel\\framework\\src\\Illuminate\\Routing\\Route.php(215): Illuminate\\Routing\\Route->runCallable()
#7 D:\\Smart Damage Assessment System\\backend\\vendor\\laravel\\framework\\src\\Illuminate\\Routing\\Router.php(808): Illuminate\\Routing\\Route->run()
#8 D:\\Smart Damage Assessment System\\backend\\vendor\\laravel\\framework\\src\\Illuminate\\Pipeline\\Pipeline.php(170): Illuminate\\Routing\\Router->Illuminate\\Routing\\{closure}(Object(Illuminate\\Http\\Request))
#9 D:\\Smart Damage Assessment System\\backend\\vendor\\laravel\\framework\\src\\Illuminate\\Routing\\Middleware\\SubstituteBindings.php(51): Illuminate\\Pipeline\\Pipeline->Illuminate\\Pipeline\\{closure}(Object(Illuminate\\Http\\Request))
#10 D:\\Smart Damage Assessment System\\backend\\vendor\\laravel\\framework\\src\\Illuminate\\Pipeline\\Pipeline.php(209): Illuminate\\Routing\\Middleware\\SubstituteBindings->handle(Object(Illuminate\\Http\\Request), Object(Closure))
#11 D:\\Smart Damage Assessment System\\backend\\vendor\\laravel\\framework\\src\\Illuminate\\Foundation\\Http\\Middleware\\VerifyCsrfToken.php(88): Illuminate\\Pipeline\\Pipeline->Illuminate\\Pipeline\\{closure}(Object(Illuminate\\Http\\Request))
#12 D:\\Smart Damage Assessment System\\backend\\vendor\\laravel\\framework\\src\\Illuminate\\Pipeline\\Pipeline.php(209): Illuminate\\Foundation\\Http\\Middleware\\VerifyCsrfToken->handle(Object(Illuminate\\Http\\Request), Object(Closure))
#13 D:\\Smart Damage Assessment System\\backend\\vendor\\laravel\\framework\\src\\Illuminate\\View\\Middleware\\ShareErrorsFromSession.php(49): Illuminate\\Pipeline\\Pipeline->Illuminate\\Pipeline\\{closure}(Object(Illuminate\\Http\\Request))
#14 D:\\Smart Damage Assessment System\\backend\\vendor\\laravel\\framework\\src\\Illuminate\\Pipeline\\Pipeline.php(209): Illuminate\\View\\Middleware\\ShareErrorsFromSession->handle(Object(Illuminate\\Http\\Request), Object(Closure))
#15 D:\\Smart Damage Assessment System\\backend\\vendor\\laravel\\framework\\src\\Illuminate\\Session\\Middleware\\StartSession.php(121): Illuminate\\Pipeline\\Pipeline->Illuminate\\Pipeline\\{closure}(Object(Illuminate\\Http\\Request))
#16 D:\\Smart Damage Assessment System\\backend\\vendor\\laravel\\framework\\src\\Illuminate\\Session\\Middleware\\StartSession.php(64): Illuminate\\Session\\Middleware\\StartSession->handleStatefulRequest(Object(Illuminate\\Http\\Request), Object(Illuminate\\Session\\Store), Object(Closure))
#17 D:\\Smart Damage Assessment System\\backend\\vendor\\laravel\\framework\\src\\Illuminate\\Pipeline\\Pipeline.php(209): Illuminate\\Session\\Middleware\\StartSession->handle(Object(Illuminate\\Http\\Request), Object(Closure))
#18 D:\\Smart Damage Assessment System\\backend\\vendor\\laravel\\framework\\src\\Illuminate\\Cookie\\Middleware\\AddQueuedCookiesToResponse.php(37): Illuminate\\Pipeline\\Pipeline->Illuminate\\Pipeline\\{closure}(Object(Illuminate\\Http\\Request))
#19 D:\\Smart Damage Assessment System\\backend\\vendor\\laravel\\framework\\src\\Illuminate\\Pipeline\\Pipeline.php(209): Illuminate\\Cookie\\Middleware\\AddQueuedCookiesToResponse->handle(Object(Illuminate\\Http\\Request), Object(Closure))
#20 D:\\Smart Damage Assessment System\\backend\\vendor\\laravel\\framework\\src\\Illuminate\\Cookie\\Middleware\\EncryptCookies.php(75): Illuminate\\Pipeline\\Pipeline->Illuminate\\Pipeline\\{closure}(Object(Illuminate\\Http\\Request))
#21 D:\\Smart Damage Assessment System\\backend\\vendor\\laravel\\framework\\src\\Illuminate\\Pipeline\\Pipeline.php(209): Illuminate\\Cookie\\Middleware\\EncryptCookies->handle(Object(Illuminate\\Http\\Request), Object(Closure))
#22 D:\\Smart Damage Assessment System\\backend\\vendor\\laravel\\framework\\src\\Illuminate\\Pipeline\\Pipeline.php(127): Illuminate\\Pipeline\\Pipeline->Illuminate\\Pipeline\\{closure}(Object(Illuminate\\Http\\Request))
#23 D:\\Smart Damage Assessment System\\backend\\vendor\\laravel\\framework\\src\\Illuminate\\Routing\\Router.php(807): Illuminate\\Pipeline\\Pipeline->then(Object(Closure))
#24 D:\\Smart Damage Assessment System\\backend\\vendor\\laravel\\framework\\src\\Illuminate\\Routing\\Router.php(786): Illuminate\\Routing\\Router->runRouteWithinStack(Object(Illuminate\\Routing\\Route), Object(Illuminate\\Http\\Request))
#25 D:\\Smart Damage Assessment System\\backend\\vendor\\laravel\\framework\\src\\Illuminate\\Routing\\Router.php(750): Illuminate\\Routing\\Router->runRoute(Object(Illuminate\\Http\\Request), Object(Illuminate\\Routing\\Route))
#26 D:\\Smart Damage Assessment System\\backend\\vendor\\laravel\\framework\\src\\Illuminate\\Routing\\Router.php(739): Illuminate\\Routing\\Router->dispatchToRoute(Object(Illuminate\\Http\\Request))
#27 D:\\Smart Damage Assessment System\\backend\\vendor\\laravel\\framework\\src\\Illuminate\\Foundation\\Http\\Kernel.php(201): Illuminate\\Routing\\Router->dispatch(Object(Illuminate\\Http\\Request))
#28 D:\\Smart Damage Assessment System\\backend\\vendor\\laravel\\framework\\src\\Illuminate\\Pipeline\\Pipeline.php(170): Illuminate\\Foundation\\Http\\Kernel->Illuminate\\Foundation\\Http\\{closure}(Object(Illuminate\\Http\\Request))
#29 D:\\Smart Damage Assessment System\\backend\\vendor\\laravel\\framework\\src\\Illuminate\\Foundation\\Http\\Middleware\\TransformsRequest.php(21): Illuminate\\Pipeline\\Pipeline->Illuminate\\Pipeline\\{closure}(Object(Illuminate\\Http\\Request))
#30 D:\\Smart Damage Assessment System\\backend\\vendor\\laravel\\framework\\src\\Illuminate\\Foundation\\Http\\Middleware\\ConvertEmptyStringsToNull.php(31): Illuminate\\Foundation\\Http\\Middleware\\TransformsRequest->handle(Object(Illuminate\\Http\\Request), Object(Closure))
#31 D:\\Smart Damage Assessment System\\backend\\vendor\\laravel\\framework\\src\\Illuminate\\Pipeline\\Pipeline.php(209): Illuminate\\Foundation\\Http\\Middleware\\ConvertEmptyStringsToNull->handle(Object(Illuminate\\Http\\Request), Object(Closure))
#32 D:\\Smart Damage Assessment System\\backend\\vendor\\laravel\\framework\\src\\Illuminate\\Foundation\\Http\\Middleware\\TransformsRequest.php(21): Illuminate\\Pipeline\\Pipeline->Illuminate\\Pipeline\\{closure}(Object(Illuminate\\Http\\Request))
#33 D:\\Smart Damage Assessment System\\backend\\vendor\\laravel\\framework\\src\\Illuminate\\Foundation\\Http\\Middleware\\TrimStrings.php(51): Illuminate\\Foundation\\Http\\Middleware\\TransformsRequest->handle(Object(Illuminate\\Http\\Request), Object(Closure))
#34 D:\\Smart Damage Assessment System\\backend\\vendor\\laravel\\framework\\src\\Illuminate\\Pipeline\\Pipeline.php(209): Illuminate\\Foundation\\Http\\Middleware\\TrimStrings->handle(Object(Illuminate\\Http\\Request), Object(Closure))
#35 D:\\Smart Damage Assessment System\\backend\\vendor\\laravel\\framework\\src\\Illuminate\\Http\\Middleware\\ValidatePostSize.php(27): Illuminate\\Pipeline\\Pipeline->Illuminate\\Pipeline\\{closure}(Object(Illuminate\\Http\\Request))
#36 D:\\Smart Damage Assessment System\\backend\\vendor\\laravel\\framework\\src\\Illuminate\\Pipeline\\Pipeline.php(209): Illuminate\\Http\\Middleware\\ValidatePostSize->handle(Object(Illuminate\\Http\\Request), Object(Closure))
#37 D:\\Smart Damage Assessment System\\backend\\vendor\\laravel\\framework\\src\\Illuminate\\Foundation\\Http\\Middleware\\PreventRequestsDuringMaintenance.php(110): Illuminate\\Pipeline\\Pipeline->Illuminate\\Pipeline\\{closure}(Object(Illuminate\\Http\\Request))
#38 D:\\Smart Damage Assessment System\\backend\\vendor\\laravel\\framework\\src\\Illuminate\\Pipeline\\Pipeline.php(209): Illuminate\\Foundation\\Http\\Middleware\\PreventRequestsDuringMaintenance->handle(Object(Illuminate\\Http\\Request), Object(Closure))
#39 D:\\Smart Damage Assessment System\\backend\\vendor\\laravel\\framework\\src\\Illuminate\\Http\\Middleware\\HandleCors.php(49): Illuminate\\Pipeline\\Pipeline->Illuminate\\Pipeline\\{closure}(Object(Illuminate\\Http\\Request))
#40 D:\\Smart Damage Assessment System\\backend\\vendor\\laravel\\framework\\src\\Illuminate\\Pipeline\\Pipeline.php(209): Illuminate\\Http\\Middleware\\HandleCors->handle(Object(Illuminate\\Http\\Request), Object(Closure))
#41 D:\\Smart Damage Assessment System\\backend\\vendor\\laravel\\framework\\src\\Illuminate\\Http\\Middleware\\TrustProxies.php(58): Illuminate\\Pipeline\\Pipeline->Illuminate\\Pipeline\\{closure}(Object(Illuminate\\Http\\Request))
#42 D:\\Smart Damage Assessment System\\backend\\vendor\\laravel\\framework\\src\\Illuminate\\Pipeline\\Pipeline.php(209): Illuminate\\Http\\Middleware\\TrustProxies->handle(Object(Illuminate\\Http\\Request), Object(Closure))
#43 D:\\Smart Damage Assessment System\\backend\\vendor\\laravel\\framework\\src\\Illuminate\\Foundation\\Http\\Middleware\\InvokeDeferredCallbacks.php(22): Illuminate\\Pipeline\\Pipeline->Illuminate\\Pipeline\\{closure}(Object(Illuminate\\Http\\Request))
#44 D:\\Smart Damage Assessment System\\backend\\vendor\\laravel\\framework\\src\\Illuminate\\Pipeline\\Pipeline.php(209): Illuminate\\Foundation\\Http\\Middleware\\InvokeDeferredCallbacks->handle(Object(Illuminate\\Http\\Request), Object(Closure))
#45 D:\\Smart Damage Assessment System\\backend\\vendor\\laravel\\framework\\src\\Illuminate\\Pipeline\\Pipeline.php(127): Illuminate\\Pipeline\\Pipeline->Illuminate\\Pipeline\\{closure}(Object(Illuminate\\Http\\Request))
#46 D:\\Smart Damage Assessment System\\backend\\vendor\\laravel\\framework\\src\\Illuminate\\Foundation\\Http\\Kernel.php(176): Illuminate\\Pipeline\\Pipeline->then(Object(Closure))
#47 D:\\Smart Damage Assessment System\\backend\\vendor\\laravel\\framework\\src\\Illuminate\\Foundation\\Http\\Kernel.php(145): Illuminate\\Foundation\\Http\\Kernel->sendRequestThroughRouter(Object(Illuminate\\Http\\Request))
#48 D:\\Smart Damage Assessment System\\backend\\public\\index.php(17): Illuminate\\Foundation\\Http\\Kernel->handle(Object(Illuminate\\Http\\Request))
#49 D:\\Smart Damage Assessment System\\backend\\vendor\\laravel\\framework\\src\\Illuminate\\Foundation\\resources\\server.php(23): require_once('D:\\\\Smart Damage...')
#50 {main}
"} 
[2026-01-15 13:17:45] local.ERROR: View [welcome] not found. {"exception":"[object] (InvalidArgumentException(code: 0): View [welcome] not found. at D:\\Smart Damage Assessment System\\backend\\vendor\\laravel\\framework\\src\\Illuminate\\View\\FileViewFinder.php:139)
[stacktrace]
#0 D:\\Smart Damage Assessment System\\backend\\vendor\\laravel\\framework\\src\\Illuminate\\View\\FileViewFinder.php(79): Illuminate\\View\\FileViewFinder->findInPaths('welcome', Array)
#1 D:\\Smart Damage Assessment System\\backend\\vendor\\laravel\\framework\\src\\Illuminate\\View\\Factory.php(151): Illuminate\\View\\FileViewFinder->find('welcome')
#2 D:\\Smart Damage Assessment System\\backend\\vendor\\laravel\\framework\\src\\Illuminate\\Foundation\\helpers.php(1062): Illuminate\\View\\Factory->make('welcome', Array, Array)
#3 D:\\Smart Damage Assessment System\\backend\\routes\\web.php(7): view('welcome')
#4 D:\\Smart Damage Assessment System\\backend\\vendor\\laravel\\framework\\src\\Illuminate\\Routing\\CallableDispatcher.php(40): Illuminate\\Routing\\RouteFileRegistrar->{closure}()
#5 D:\\Smart Damage Assessment System\\backend\\vendor\\laravel\\framework\\src\\Illuminate\\Routing\\Route.php(244): Illuminate\\Routing\\CallableDispatcher->dispatch(Object(Illuminate\\Routing\\Route), Object(Closure))
#6 D:\\Smart Damage Assessment System\\backend\\vendor\\laravel\\framework\\src\\Illuminate\\Routing\\Route.php(215): Illuminate\\Routing\\Route->runCallable()
#7 D:\\Smart Damage Assessment System\\backend\\vendor\\laravel\\framework\\src\\Illuminate\\Routing\\Router.php(808): Illuminate\\Routing\\Route->run()
#8 D:\\Smart Damage Assessment System\\backend\\vendor\\laravel\\framework\\src\\Illuminate\\Pipeline\\Pipeline.php(170): Illuminate\\Routing\\Router->Illuminate\\Routing\\{closure}(Object(Illuminate\\Http\\Request))
#9 D:\\Smart Damage Assessment System\\backend\\vendor\\laravel\\framework\\src\\Illuminate\\Routing\\Middleware\\SubstituteBindings.php(51): Illuminate\\Pipeline\\Pipeline->Illuminate\\Pipeline\\{closure}(Object(Illuminate\\Http\\Request))
#10 D:\\Smart Damage Assessment System\\backend\\vendor\\laravel\\framework\\src\\Illuminate\\Pipeline\\Pipeline.php(209): Illuminate\\Routing\\Middleware\\SubstituteBindings->handle(Object(Illuminate\\Http\\Request), Object(Closure))
#11 D:\\Smart Damage Assessment System\\backend\\vendor\\laravel\\framework\\src\\Illuminate\\Foundation\\Http\\Middleware\\VerifyCsrfToken.php(88): Illuminate\\Pipeline\\Pipeline->Illuminate\\Pipeline\\{closure}(Object(Illuminate\\Http\\Request))
#12 D:\\Smart Damage Assessment System\\backend\\vendor\\laravel\\framework\\src\\Illuminate\\Pipeline\\Pipeline.php(209): Illuminate\\Foundation\\Http\\Middleware\\VerifyCsrfToken->handle(Object(Illuminate\\Http\\Request), Object(Closure))
#13 D:\\Smart Damage Assessment System\\backend\\vendor\\laravel\\framework\\src\\Illuminate\\View\\Middleware\\ShareErrorsFromSession.php(49): Illuminate\\Pipeline\\Pipeline->Illuminate\\Pipeline\\{closure}(Object(Illuminate\\Http\\Request))
#14 D:\\Smart Damage Assessment System\\backend\\vendor\\laravel\\framework\\src\\Illuminate\\Pipeline\\Pipeline.php(209): Illuminate\\View\\Middleware\\ShareErrorsFromSession->handle(Object(Illuminate\\Http\\Request), Object(Closure))
#15 D:\\Smart Damage Assessment System\\backend\\vendor\\laravel\\framework\\src\\Illuminate\\Session\\Middleware\\StartSession.php(121): Illuminate\\Pipeline\\Pipeline->Illuminate\\Pipeline\\{closure}(Object(Illuminate\\Http\\Request))
#16 D:\\Smart Damage Assessment System\\backend\\vendor\\laravel\\framework\\src\\Illuminate\\Session\\Middleware\\StartSession.php(64): Illuminate\\Session\\Middleware\\StartSession->handleStatefulRequest(Object(Illuminate\\Http\\Request), Object(Illuminate\\Session\\Store), Object(Closure))
#17 D:\\Smart Damage Assessment System\\backend\\vendor\\laravel\\framework\\src\\Illuminate\\Pipeline\\Pipeline.php(209): Illuminate\\Session\\Middleware\\StartSession->handle(Object(Illuminate\\Http\\Request), Object(Closure))
#18 D:\\Smart Damage Assessment System\\backend\\vendor\\laravel\\framework\\src\\Illuminate\\Cookie\\Middleware\\AddQueuedCookiesToResponse.php(37): Illuminate\\Pipeline\\Pipeline->Illuminate\\Pipeline\\{closure}(Object(Illuminate\\Http\\Request))
#19 D:\\Smart Damage Assessment System\\backend\\vendor\\laravel\\framework\\src\\Illuminate\\Pipeline\\Pipeline.php(209): Illuminate\\Cookie\\Middleware\\AddQueuedCookiesToResponse->handle(Object(Illuminate\\Http\\Request), Object(Closure))
#20 D:\\Smart Damage Assessment System\\backend\\vendor\\laravel\\framework\\src\\Illuminate\\Cookie\\Middleware\\EncryptCookies.php(75): Illuminate\\Pipeline\\Pipeline->Illuminate\\Pipeline\\{closure}(Object(Illuminate\\Http\\Request))
#21 D:\\Smart Damage Assessment System\\backend\\vendor\\laravel\\framework\\src\\Illuminate\\Pipeline\\Pipeline.php(209): Illuminate\\Cookie\\Middleware\\EncryptCookies->handle(Object(Illuminate\\Http\\Request), Object(Closure))
#22 D:\\Smart Damage Assessment System\\backend\\vendor\\laravel\\framework\\src\\Illuminate\\Pipeline\\Pipeline.php(127): Illuminate\\Pipeline\\Pipeline->Illuminate\\Pipeline\\{closure}(Object(Illuminate\\Http\\Request))
#23 D:\\Smart Damage Assessment System\\backend\\vendor\\laravel\\framework\\src\\Illuminate\\Routing\\Router.php(807): Illuminate\\Pipeline\\Pipeline->then(Object(Closure))
#24 D:\\Smart Damage Assessment System\\backend\\vendor\\laravel\\framework\\src\\Illuminate\\Routing\\Router.php(786): Illuminate\\Routing\\Router->runRouteWithinStack(Object(Illuminate\\Routing\\Route), Object(Illuminate\\Http\\Request))
#25 D:\\Smart Damage Assessment System\\backend\\vendor\\laravel\\framework\\src\\Illuminate\\Routing\\Router.php(750): Illuminate\\Routing\\Router->runRoute(Object(Illuminate\\Http\\Request), Object(Illuminate\\Routing\\Route))
#26 D:\\Smart Damage Assessment System\\backend\\vendor\\laravel\\framework\\src\\Illuminate\\Routing\\Router.php(739): Illuminate\\Routing\\Router->dispatchToRoute(Object(Illuminate\\Http\\Request))
#27 D:\\Smart Damage Assessment System\\backend\\vendor\\laravel\\framework\\src\\Illuminate\\Foundation\\Http\\Kernel.php(201): Illuminate\\Routing\\Router->dispatch(Object(Illuminate\\Http\\Request))
#28 D:\\Smart Damage Assessment System\\backend\\vendor\\laravel\\framework\\src\\Illuminate\\Pipeline\\Pipeline.php(170): Illuminate\\Foundation\\Http\\Kernel->Illuminate\\Foundation\\Http\\{closure}(Object(Illuminate\\Http\\Request))
#29 D:\\Smart Damage Assessment System\\backend\\vendor\\laravel\\framework\\src\\Illuminate\\Foundation\\Http\\Middleware\\TransformsRequest.php(21): Illuminate\\Pipeline\\Pipeline->Illuminate\\Pipeline\\{closure}(Object(Illuminate\\Http\\Request))
#30 D:\\Smart Damage Assessment System\\backend\\vendor\\laravel\\framework\\src\\Illuminate\\Foundation\\Http\\Middleware\\ConvertEmptyStringsToNull.php(31): Illuminate\\Foundation\\Http\\Middleware\\TransformsRequest->handle(Object(Illuminate\\Http\\Request), Object(Closure))
#31 D:\\Smart Damage Assessment System\\backend\\vendor\\laravel\\framework\\src\\Illuminate\\Pipeline\\Pipeline.php(209): Illuminate\\Foundation\\Http\\Middleware\\ConvertEmptyStringsToNull->handle(Object(Illuminate\\Http\\Request), Object(Closure))
#32 D:\\Smart Damage Assessment System\\backend\\vendor\\laravel\\framework\\src\\Illuminate\\Foundation\\Http\\Middleware\\TransformsRequest.php(21): Illuminate\\Pipeline\\Pipeline->Illuminate\\Pipeline\\{closure}(Object(Illuminate\\Http\\Request))
#33 D:\\Smart Damage Assessment System\\backend\\vendor\\laravel\\framework\\src\\Illuminate\\Foundation\\Http\\Middleware\\TrimStrings.php(51): Illuminate\\Foundation\\Http\\Middleware\\TransformsRequest->handle(Object(Illuminate\\Http\\Request), Object(Closure))
#34 D:\\Smart Damage Assessment System\\backend\\vendor\\laravel\\framework\\src\\Illuminate\\Pipeline\\Pipeline.php(209): Illuminate\\Foundation\\Http\\Middleware\\TrimStrings->handle(Object(Illuminate\\Http\\Request), Object(Closure))
#35 D:\\Smart Damage Assessment System\\backend\\vendor\\laravel\\framework\\src\\Illuminate\\Http\\Middleware\\ValidatePostSize.php(27): Illuminate\\Pipeline\\Pipeline->Illuminate\\Pipeline\\{closure}(Object(Illuminate\\Http\\Request))
#36 D:\\Smart Damage Assessment System\\backend\\vendor\\laravel\\framework\\src\\Illuminate\\Pipeline\\Pipeline.php(209): Illuminate\\Http\\Middleware\\ValidatePostSize->handle(Object(Illuminate\\Http\\Request), Object(Closure))
#37 D:\\Smart Damage Assessment System\\backend\\vendor\\laravel\\framework\\src\\Illuminate\\Foundation\\Http\\Middleware\\PreventRequestsDuringMaintenance.php(110): Illuminate\\Pipeline\\Pipeline->Illuminate\\Pipeline\\{closure}(Object(Illuminate\\Http\\Request))
#38 D:\\Smart Damage Assessment System\\backend\\vendor\\laravel\\framework\\src\\Illuminate\\Pipeline\\Pipeline.php(209): Illuminate\\Foundation\\Http\\Middleware\\PreventRequestsDuringMaintenance->handle(Object(Illuminate\\Http\\Request), Object(Closure))
#39 D:\\Smart Damage Assessment System\\backend\\vendor\\laravel\\framework\\src\\Illuminate\\Http\\Middleware\\HandleCors.php(49): Illuminate\\Pipeline\\Pipeline->Illuminate\\Pipeline\\{closure}(Object(Illuminate\\Http\\Request))
#40 D:\\Smart Damage Assessment System\\backend\\vendor\\laravel\\framework\\src\\Illuminate\\Pipeline\\Pipeline.php(209): Illuminate\\Http\\Middleware\\HandleCors->handle(Object(Illuminate\\Http\\Request), Object(Closure))
#41 D:\\Smart Damage Assessment System\\backend\\vendor\\laravel\\framework\\src\\Illuminate\\Http\\Middleware\\TrustProxies.php(58): Illuminate\\Pipeline\\Pipeline->Illuminate\\Pipeline\\{closure}(Object(Illuminate\\Http\\Request))
#42 D:\\Smart Damage Assessment System\\backend\\vendor\\laravel\\framework\\src\\Illuminate\\Pipeline\\Pipeline.php(209): Illuminate\\Http\\Middleware\\TrustProxies->handle(Object(Illuminate\\Http\\Request), Object(Closure))
#43 D:\\Smart Damage Assessment System\\backend\\vendor\\laravel\\framework\\src\\Illuminate\\Foundation\\Http\\Middleware\\InvokeDeferredCallbacks.php(22): Illuminate\\Pipeline\\Pipeline->Illuminate\\Pipeline\\{closure}(Object(Illuminate\\Http\\Request))
#44 D:\\Smart Damage Assessment System\\backend\\vendor\\laravel\\framework\\src\\Illuminate\\Pipeline\\Pipeline.php(209): Illuminate\\Foundation\\Http\\Middleware\\InvokeDeferredCallbacks->handle(Object(Illuminate\\Http\\Request), Object(Closure))
#45 D:\\Smart Damage Assessment System\\backend\\vendor\\laravel\\framework\\src\\Illuminate\\Pipeline\\Pipeline.php(127): Illuminate\\Pipeline\\Pipeline->Illuminate\\Pipeline\\{closure}(Object(Illuminate\\Http\\Request))
#46 D:\\Smart Damage Assessment System\\backend\\vendor\\laravel\\framework\\src\\Illuminate\\Foundation\\Http\\Kernel.php(176): Illuminate\\Pipeline\\Pipeline->then(Object(Closure))
#47 D:\\Smart Damage Assessment System\\backend\\vendor\\laravel\\framework\\src\\Illuminate\\Foundation\\Http\\Kernel.php(145): Illuminate\\Foundation\\Http\\Kernel->sendRequestThroughRouter(Object(Illuminate\\Http\\Request))
#48 D:\\Smart Damage Assessment System\\backend\\public\\index.php(17): Illuminate\\Foundation\\Http\\Kernel->handle(Object(Illuminate\\Http\\Request))
#49 D:\\Smart Damage Assessment System\\backend\\vendor\\laravel\\framework\\src\\Illuminate\\Foundation\\resources\\server.php(23): require_once('D:\\\\Smart Damage...')
#50 {main}
"} 
[2026-01-15 13:18:34] local.ERROR: SQLSTATE[42S02]: Base table or view not found: 1146 Table 'smart_damage_assessment.cache' doesn't exist (Connection: mysql, SQL: select * from `cache` where `key` in (smart_damage_assessment_cache_illuminate:queue:restart)) {"exception":"[object] (Illuminate\\Database\\QueryException(code: 42S02): SQLSTATE[42S02]: Base table or view not found: 1146 Table 'smart_damage_assessment.cache' doesn't exist (Connection: mysql, SQL: select * from `cache` where `key` in (smart_damage_assessment_cache_illuminate:queue:restart)) at D:\\Smart Damage Assessment System\\backend\\vendor\\laravel\\framework\\src\\Illuminate\\Database\\Connection.php:825)
[stacktrace]
#0 D:\\Smart Damage Assessment System\\backend\\vendor\\laravel\\framework\\src\\Illuminate\\Database\\Connection.php(779): Illuminate\\Database\\Connection->runQueryCallback('select * from `...', Array, Object(Closure))
#1 D:\\Smart Damage Assessment System\\backend\\vendor\\laravel\\framework\\src\\Illuminate\\Database\\Connection.php(398): Illuminate\\Database\\Connection->run('select * from `...', Array, Object(Closure))
#2 D:\\Smart Damage Assessment System\\backend\\vendor\\laravel\\framework\\src\\Illuminate\\Database\\Query\\Builder.php(3106): Illuminate\\Database\\Connection->select('select * from `...', Array, true)
#3 D:\\Smart Damage Assessment System\\backend\\vendor\\laravel\\framework\\src\\Illuminate\\Database\\Query\\Builder.php(3091): Illuminate\\Database\\Query\\Builder->runSelect()
#4 D:\\Smart Damage Assessment System\\backend\\vendor\\laravel\\framework\\src\\Illuminate\\Database\\Query\\Builder.php(3676): Illuminate\\Database\\Query\\Builder->Illuminate\\Database\\Query\\{closure}()
#5 D:\\Smart Damage Assessment System\\backend\\vendor\\laravel\\framework\\src\\Illuminate\\Database\\Query\\Builder.php(3090): Illuminate\\Database\\Query\\Builder->onceWithColumns(Array, Object(Closure))
#6 D:\\Smart Damage Assessment System\\backend\\vendor\\laravel\\framework\\src\\Illuminate\\Cache\\DatabaseStore.php(130): Illuminate\\Database\\Query\\Builder->get()
#7 D:\\Smart Damage Assessment System\\backend\\vendor\\laravel\\framework\\src\\Illuminate\\Cache\\DatabaseStore.php(105): Illuminate\\Cache\\DatabaseStore->many(Array)
#8 D:\\Smart Damage Assessment System\\backend\\vendor\\laravel\\framework\\src\\Illuminate\\Cache\\Repository.php(117): Illuminate\\Cache\\DatabaseStore->get('illuminate:queu...')
#9 D:\\Smart Damage Assessment System\\backend\\vendor\\laravel\\framework\\src\\Illuminate\\Queue\\Worker.php(714): Illuminate\\Cache\\Repository->get('illuminate:queu...')
#10 D:\\Smart Damage Assessment System\\backend\\vendor\\laravel\\framework\\src\\Illuminate\\Queue\\Worker.php(139): Illuminate\\Queue\\Worker->getTimestampOfLastQueueRestart()
#11 D:\\Smart Damage Assessment System\\backend\\vendor\\laravel\\framework\\src\\Illuminate\\Queue\\Console\\WorkCommand.php(149): Illuminate\\Queue\\Worker->daemon('database', 'default', Object(Illuminate\\Queue\\WorkerOptions))
#12 D:\\Smart Damage Assessment System\\backend\\vendor\\laravel\\framework\\src\\Illuminate\\Queue\\Console\\WorkCommand.php(132): Illuminate\\Queue\\Console\\WorkCommand->runWorker('database', 'default')
#13 D:\\Smart Damage Assessment System\\backend\\vendor\\laravel\\framework\\src\\Illuminate\\Container\\BoundMethod.php(36): Illuminate\\Queue\\Console\\WorkCommand->handle()
#14 D:\\Smart Damage Assessment System\\backend\\vendor\\laravel\\framework\\src\\Illuminate\\Container\\Util.php(43): Illuminate\\Container\\BoundMethod::Illuminate\\Container\\{closure}()
#15 D:\\Smart Damage Assessment System\\backend\\vendor\\laravel\\framework\\src\\Illuminate\\Container\\BoundMethod.php(95): Illuminate\\Container\\Util::unwrapIfClosure(Object(Closure))
#16 D:\\Smart Damage Assessment System\\backend\\vendor\\laravel\\framework\\src\\Illuminate\\Container\\BoundMethod.php(35): Illuminate\\Container\\BoundMethod::callBoundMethod(Object(Illuminate\\Foundation\\Application), Array, Object(Closure))
#17 D:\\Smart Damage Assessment System\\backend\\vendor\\laravel\\framework\\src\\Illuminate\\Container\\Container.php(696): Illuminate\\Container\\BoundMethod::call(Object(Illuminate\\Foundation\\Application), Array, Array, NULL)
#18 D:\\Smart Damage Assessment System\\backend\\vendor\\laravel\\framework\\src\\Illuminate\\Console\\Command.php(213): Illuminate\\Container\\Container->call(Array)
#19 D:\\Smart Damage Assessment System\\backend\\vendor\\symfony\\console\\Command\\Command.php(341): Illuminate\\Console\\Command->execute(Object(Symfony\\Component\\Console\\Input\\ArgvInput), Object(Illuminate\\Console\\OutputStyle))
#20 D:\\Smart Damage Assessment System\\backend\\vendor\\laravel\\framework\\src\\Illuminate\\Console\\Command.php(182): Symfony\\Component\\Console\\Command\\Command->run(Object(Symfony\\Component\\Console\\Input\\ArgvInput), Object(Illuminate\\Console\\OutputStyle))
#21 D:\\Smart Damage Assessment System\\backend\\vendor\\symfony\\console\\Application.php(1102): Illuminate\\Console\\Command->run(Object(Symfony\\Component\\Console\\Input\\ArgvInput), Object(Symfony\\Component\\Console\\Output\\ConsoleOutput))
#22 D:\\Smart Damage Assessment System\\backend\\vendor\\symfony\\console\\Application.php(356): Symfony\\Component\\Console\\Application->doRunCommand(Object(Illuminate\\Queue\\Console\\WorkCommand), Object(Symfony\\Component\\Console\\Input\\ArgvInput), Object(Symfony\\Component\\Console\\Output\\ConsoleOutput))
#23 D:\\Smart Damage Assessment System\\backend\\vendor\\symfony\\console\\Application.php(195): Symfony\\Component\\Console\\Application->doRun(Object(Symfony\\Component\\Console\\Input\\ArgvInput), Object(Symfony\\Component\\Console\\Output\\ConsoleOutput))
#24 D:\\Smart Damage Assessment System\\backend\\vendor\\laravel\\framework\\src\\Illuminate\\Foundation\\Console\\Kernel.php(198): Symfony\\Component\\Console\\Application->run(Object(Symfony\\Component\\Console\\Input\\ArgvInput), Object(Symfony\\Component\\Console\\Output\\ConsoleOutput))
#25 D:\\Smart Damage Assessment System\\backend\\artisan(35): Illuminate\\Foundation\\Console\\Kernel->handle(Object(Symfony\\Component\\Console\\Input\\ArgvInput), Object(Symfony\\Component\\Console\\Output\\ConsoleOutput))
#26 {main}

[previous exception] [object] (PDOException(code: 42S02): SQLSTATE[42S02]: Base table or view not found: 1146 Table 'smart_damage_assessment.cache' doesn't exist at D:\\Smart Damage Assessment System\\backend\\vendor\\laravel\\framework\\src\\Illuminate\\Database\\Connection.php:407)
[stacktrace]
#0 D:\\Smart Damage Assessment System\\backend\\vendor\\laravel\\framework\\src\\Illuminate\\Database\\Connection.php(407): PDO->prepare('select * from `...')
#1 D:\\Smart Damage Assessment System\\backend\\vendor\\laravel\\framework\\src\\Illuminate\\Database\\Connection.php(812): Illuminate\\Database\\Connection->Illuminate\\Database\\{closure}('select * from `...', Array)
#2 D:\\Smart Damage Assessment System\\backend\\vendor\\laravel\\framework\\src\\Illuminate\\Database\\Connection.php(779): Illuminate\\Database\\Connection->runQueryCallback('select * from `...', Array, Object(Closure))
#3 D:\\Smart Damage Assessment System\\backend\\vendor\\laravel\\framework\\src\\Illuminate\\Database\\Connection.php(398): Illuminate\\Database\\Connection->run('select * from `...', Array, Object(Closure))
#4 D:\\Smart Damage Assessment System\\backend\\vendor\\laravel\\framework\\src\\Illuminate\\Database\\Query\\Builder.php(3106): Illuminate\\Database\\Connection->select('select * from `...', Array, true)
#5 D:\\Smart Damage Assessment System\\backend\\vendor\\laravel\\framework\\src\\Illuminate\\Database\\Query\\Builder.php(3091): Illuminate\\Database\\Query\\Builder->runSelect()
#6 D:\\Smart Damage Assessment System\\backend\\vendor\\laravel\\framework\\src\\Illuminate\\Database\\Query\\Builder.php(3676): Illuminate\\Database\\Query\\Builder->Illuminate\\Database\\Query\\{closure}()
#7 D:\\Smart Damage Assessment System\\backend\\vendor\\laravel\\framework\\src\\Illuminate\\Database\\Query\\Builder.php(3090): Illuminate\\Database\\Query\\Builder->onceWithColumns(Array, Object(Closure))
#8 D:\\Smart Damage Assessment System\\backend\\vendor\\laravel\\framework\\src\\Illuminate\\Cache\\DatabaseStore.php(130): Illuminate\\Database\\Query\\Builder->get()
#9 D:\\Smart Damage Assessment System\\backend\\vendor\\laravel\\framework\\src\\Illuminate\\Cache\\DatabaseStore.php(105): Illuminate\\Cache\\DatabaseStore->many(Array)
#10 D:\\Smart Damage Assessment System\\backend\\vendor\\laravel\\framework\\src\\Illuminate\\Cache\\Repository.php(117): Illuminate\\Cache\\DatabaseStore->get('illuminate:queu...')
#11 D:\\Smart Damage Assessment System\\backend\\vendor\\laravel\\framework\\src\\Illuminate\\Queue\\Worker.php(714): Illuminate\\Cache\\Repository->get('illuminate:queu...')
#12 D:\\Smart Damage Assessment System\\backend\\vendor\\laravel\\framework\\src\\Illuminate\\Queue\\Worker.php(139): Illuminate\\Queue\\Worker->getTimestampOfLastQueueRestart()
#13 D:\\Smart Damage Assessment System\\backend\\vendor\\laravel\\framework\\src\\Illuminate\\Queue\\Console\\WorkCommand.php(149): Illuminate\\Queue\\Worker->daemon('database', 'default', Object(Illuminate\\Queue\\WorkerOptions))
#14 D:\\Smart Damage Assessment System\\backend\\vendor\\laravel\\framework\\src\\Illuminate\\Queue\\Console\\WorkCommand.php(132): Illuminate\\Queue\\Console\\WorkCommand->runWorker('database', 'default')
#15 D:\\Smart Damage Assessment System\\backend\\vendor\\laravel\\framework\\src\\Illuminate\\Container\\BoundMethod.php(36): Illuminate\\Queue\\Console\\WorkCommand->handle()
#16 D:\\Smart Damage Assessment System\\backend\\vendor\\laravel\\framework\\src\\Illuminate\\Container\\Util.php(43): Illuminate\\Container\\BoundMethod::Illuminate\\Container\\{closure}()
#17 D:\\Smart Damage Assessment System\\backend\\vendor\\laravel\\framework\\src\\Illuminate\\Container\\BoundMethod.php(95): Illuminate\\Container\\Util::unwrapIfClosure(Object(Closure))
#18 D:\\Smart Damage Assessment System\\backend\\vendor\\laravel\\framework\\src\\Illuminate\\Container\\BoundMethod.php(35): Illuminate\\Container\\BoundMethod::callBoundMethod(Object(Illuminate\\Foundation\\Application), Array, Object(Closure))
#19 D:\\Smart Damage Assessment System\\backend\\vendor\\laravel\\framework\\src\\Illuminate\\Container\\Container.php(696): Illuminate\\Container\\BoundMethod::call(Object(Illuminate\\Foundation\\Application), Array, Array, NULL)
#20 D:\\Smart Damage Assessment System\\backend\\vendor\\laravel\\framework\\src\\Illuminate\\Console\\Command.php(213): Illuminate\\Container\\Container->call(Array)
#21 D:\\Smart Damage Assessment System\\backend\\vendor\\symfony\\console\\Command\\Command.php(341): Illuminate\\Console\\Command->execute(Object(Symfony\\Component\\Console\\Input\\ArgvInput), Object(Illuminate\\Console\\OutputStyle))
#22 D:\\Smart Damage Assessment System\\backend\\vendor\\laravel\\framework\\src\\Illuminate\\Console\\Command.php(182): Symfony\\Component\\Console\\Command\\Command->run(Object(Symfony\\Component\\Console\\Input\\ArgvInput), Object(Illuminate\\Console\\OutputStyle))
#23 D:\\Smart Damage Assessment System\\backend\\vendor\\symfony\\console\\Application.php(1102): Illuminate\\Console\\Command->run(Object(Symfony\\Component\\Console\\Input\\ArgvInput), Object(Symfony\\Component\\Console\\Output\\ConsoleOutput))
#24 D:\\Smart Damage Assessment System\\backend\\vendor\\symfony\\console\\Application.php(356): Symfony\\Component\\Console\\Application->doRunCommand(Object(Illuminate\\Queue\\Console\\WorkCommand), Object(Symfony\\Component\\Console\\Input\\ArgvInput), Object(Symfony\\Component\\Console\\Output\\ConsoleOutput))
#25 D:\\Smart Damage Assessment System\\backend\\vendor\\symfony\\console\\Application.php(195): Symfony\\Component\\Console\\Application->doRun(Object(Symfony\\Component\\Console\\Input\\ArgvInput), Object(Symfony\\Component\\Console\\Output\\ConsoleOutput))
#26 D:\\Smart Damage Assessment System\\backend\\vendor\\laravel\\framework\\src\\Illuminate\\Foundation\\Console\\Kernel.php(198): Symfony\\Component\\Console\\Application->run(Object(Symfony\\Component\\Console\\Input\\ArgvInput), Object(Symfony\\Component\\Console\\Output\\ConsoleOutput))
#27 D:\\Smart Damage Assessment System\\backend\\artisan(35): Illuminate\\Foundation\\Console\\Kernel->handle(Object(Symfony\\Component\\Console\\Input\\ArgvInput), Object(Symfony\\Component\\Console\\Output\\ConsoleOutput))
#28 {main}
"} 
[2026-01-15 13:19:43] local.ERROR: Route [login] not defined. {"exception":"[object] (Symfony\\Component\\Routing\\Exception\\RouteNotFoundException(code: 0): Route [login] not defined. at D:\\Smart Damage Assessment System\\backend\\vendor\\laravel\\framework\\src\\Illuminate\\Routing\\UrlGenerator.php:517)
[stacktrace]
#0 D:\\Smart Damage Assessment System\\backend\\vendor\\laravel\\framework\\src\\Illuminate\\Foundation\\helpers.php(853): Illuminate\\Routing\\UrlGenerator->route('login', Array, true)
#1 D:\\Smart Damage Assessment System\\backend\\vendor\\laravel\\framework\\src\\Illuminate\\Foundation\\Configuration\\ApplicationBuilder.php(278): route('login')
#2 [internal function]: Illuminate\\Foundation\\Configuration\\ApplicationBuilder->Illuminate\\Foundation\\Configuration\\{closure}(Object(Illuminate\\Http\\Request))
#3 D:\\Smart Damage Assessment System\\backend\\vendor\\laravel\\framework\\src\\Illuminate\\Auth\\Middleware\\Authenticate.php(118): call_user_func(Object(Closure), Object(Illuminate\\Http\\Request))
#4 D:\\Smart Damage Assessment System\\backend\\vendor\\laravel\\framework\\src\\Illuminate\\Auth\\Middleware\\Authenticate.php(105): Illuminate\\Auth\\Middleware\\Authenticate->redirectTo(Object(Illuminate\\Http\\Request))
#5 D:\\Smart Damage Assessment System\\backend\\vendor\\laravel\\framework\\src\\Illuminate\\Auth\\Middleware\\Authenticate.php(88): Illuminate\\Auth\\Middleware\\Authenticate->unauthenticated(Object(Illuminate\\Http\\Request), Array)
#6 D:\\Smart Damage Assessment System\\backend\\vendor\\laravel\\framework\\src\\Illuminate\\Auth\\Middleware\\Authenticate.php(62): Illuminate\\Auth\\Middleware\\Authenticate->authenticate(Object(Illuminate\\Http\\Request), Array)
#7 D:\\Smart Damage Assessment System\\backend\\vendor\\laravel\\framework\\src\\Illuminate\\Pipeline\\Pipeline.php(209): Illuminate\\Auth\\Middleware\\Authenticate->handle(Object(Illuminate\\Http\\Request), Object(Closure))
#8 D:\\Smart Damage Assessment System\\backend\\vendor\\laravel\\framework\\src\\Illuminate\\Foundation\\Http\\Middleware\\VerifyCsrfToken.php(88): Illuminate\\Pipeline\\Pipeline->Illuminate\\Pipeline\\{closure}(Object(Illuminate\\Http\\Request))
#9 D:\\Smart Damage Assessment System\\backend\\vendor\\laravel\\framework\\src\\Illuminate\\Pipeline\\Pipeline.php(209): Illuminate\\Foundation\\Http\\Middleware\\VerifyCsrfToken->handle(Object(Illuminate\\Http\\Request), Object(Closure))
#10 D:\\Smart Damage Assessment System\\backend\\vendor\\laravel\\framework\\src\\Illuminate\\View\\Middleware\\ShareErrorsFromSession.php(49): Illuminate\\Pipeline\\Pipeline->Illuminate\\Pipeline\\{closure}(Object(Illuminate\\Http\\Request))
#11 D:\\Smart Damage Assessment System\\backend\\vendor\\laravel\\framework\\src\\Illuminate\\Pipeline\\Pipeline.php(209): Illuminate\\View\\Middleware\\ShareErrorsFromSession->handle(Object(Illuminate\\Http\\Request), Object(Closure))
#12 D:\\Smart Damage Assessment System\\backend\\vendor\\laravel\\framework\\src\\Illuminate\\Session\\Middleware\\StartSession.php(121): Illuminate\\Pipeline\\Pipeline->Illuminate\\Pipeline\\{closure}(Object(Illuminate\\Http\\Request))
#13 D:\\Smart Damage Assessment System\\backend\\vendor\\laravel\\framework\\src\\Illuminate\\Session\\Middleware\\StartSession.php(64): Illuminate\\Session\\Middleware\\StartSession->handleStatefulRequest(Object(Illuminate\\Http\\Request), Object(Illuminate\\Session\\Store), Object(Closure))
#14 D:\\Smart Damage Assessment System\\backend\\vendor\\laravel\\framework\\src\\Illuminate\\Pipeline\\Pipeline.php(209): Illuminate\\Session\\Middleware\\StartSession->handle(Object(Illuminate\\Http\\Request), Object(Closure))
#15 D:\\Smart Damage Assessment System\\backend\\vendor\\laravel\\framework\\src\\Illuminate\\Cookie\\Middleware\\AddQueuedCookiesToResponse.php(37): Illuminate\\Pipeline\\Pipeline->Illuminate\\Pipeline\\{closure}(Object(Illuminate\\Http\\Request))
#16 D:\\Smart Damage Assessment System\\backend\\vendor\\laravel\\framework\\src\\Illuminate\\Pipeline\\Pipeline.php(209): Illuminate\\Cookie\\Middleware\\AddQueuedCookiesToResponse->handle(Object(Illuminate\\Http\\Request), Object(Closure))
#17 D:\\Smart Damage Assessment System\\backend\\vendor\\laravel\\framework\\src\\Illuminate\\Cookie\\Middleware\\EncryptCookies.php(75): Illuminate\\Pipeline\\Pipeline->Illuminate\\Pipeline\\{closure}(Object(Illuminate\\Http\\Request))
#18 D:\\Smart Damage Assessment System\\backend\\vendor\\laravel\\framework\\src\\Illuminate\\Pipeline\\Pipeline.php(209): Illuminate\\Cookie\\Middleware\\EncryptCookies->handle(Object(Illuminate\\Http\\Request), Object(Closure))
#19 D:\\Smart Damage Assessment System\\backend\\vendor\\laravel\\framework\\src\\Illuminate\\Pipeline\\Pipeline.php(127): Illuminate\\Pipeline\\Pipeline->Illuminate\\Pipeline\\{closure}(Object(Illuminate\\Http\\Request))
#20 D:\\Smart Damage Assessment System\\backend\\vendor\\laravel\\framework\\src\\Illuminate\\Routing\\Router.php(807): Illuminate\\Pipeline\\Pipeline->then(Object(Closure))
#21 D:\\Smart Damage Assessment System\\backend\\vendor\\laravel\\framework\\src\\Illuminate\\Routing\\Router.php(786): Illuminate\\Routing\\Router->runRouteWithinStack(Object(Illuminate\\Routing\\Route), Object(Illuminate\\Http\\Request))
#22 D:\\Smart Damage Assessment System\\backend\\vendor\\laravel\\framework\\src\\Illuminate\\Routing\\Router.php(750): Illuminate\\Routing\\Router->runRoute(Object(Illuminate\\Http\\Request), Object(Illuminate\\Routing\\Route))
#23 D:\\Smart Damage Assessment System\\backend\\vendor\\laravel\\framework\\src\\Illuminate\\Routing\\Router.php(739): Illuminate\\Routing\\Router->dispatchToRoute(Object(Illuminate\\Http\\Request))
#24 D:\\Smart Damage Assessment System\\backend\\vendor\\laravel\\framework\\src\\Illuminate\\Foundation\\Http\\Kernel.php(201): Illuminate\\Routing\\Router->dispatch(Object(Illuminate\\Http\\Request))
#25 D:\\Smart Damage Assessment System\\backend\\vendor\\laravel\\framework\\src\\Illuminate\\Pipeline\\Pipeline.php(170): Illuminate\\Foundation\\Http\\Kernel->Illuminate\\Foundation\\Http\\{closure}(Object(Illuminate\\Http\\Request))
#26 D:\\Smart Damage Assessment System\\backend\\vendor\\laravel\\framework\\src\\Illuminate\\Foundation\\Http\\Middleware\\TransformsRequest.php(21): Illuminate\\Pipeline\\Pipeline->Illuminate\\Pipeline\\{closure}(Object(Illuminate\\Http\\Request))
#27 D:\\Smart Damage Assessment System\\backend\\vendor\\laravel\\framework\\src\\Illuminate\\Foundation\\Http\\Middleware\\ConvertEmptyStringsToNull.php(31): Illuminate\\Foundation\\Http\\Middleware\\TransformsRequest->handle(Object(Illuminate\\Http\\Request), Object(Closure))
#28 D:\\Smart Damage Assessment System\\backend\\vendor\\laravel\\framework\\src\\Illuminate\\Pipeline\\Pipeline.php(209): Illuminate\\Foundation\\Http\\Middleware\\ConvertEmptyStringsToNull->handle(Object(Illuminate\\Http\\Request), Object(Closure))
#29 D:\\Smart Damage Assessment System\\backend\\vendor\\laravel\\framework\\src\\Illuminate\\Foundation\\Http\\Middleware\\TransformsRequest.php(21): Illuminate\\Pipeline\\Pipeline->Illuminate\\Pipeline\\{closure}(Object(Illuminate\\Http\\Request))
#30 D:\\Smart Damage Assessment System\\backend\\vendor\\laravel\\framework\\src\\Illuminate\\Foundation\\Http\\Middleware\\TrimStrings.php(51): Illuminate\\Foundation\\Http\\Middleware\\TransformsRequest->handle(Object(Illuminate\\Http\\Request), Object(Closure))
#31 D:\\Smart Damage Assessment System\\backend\\vendor\\laravel\\framework\\src\\Illuminate\\Pipeline\\Pipeline.php(209): Illuminate\\Foundation\\Http\\Middleware\\TrimStrings->handle(Object(Illuminate\\Http\\Request), Object(Closure))
#32 D:\\Smart Damage Assessment System\\backend\\vendor\\laravel\\framework\\src\\Illuminate\\Http\\Middleware\\ValidatePostSize.php(27): Illuminate\\Pipeline\\Pipeline->Illuminate\\Pipeline\\{closure}(Object(Illuminate\\Http\\Request))
#33 D:\\Smart Damage Assessment System\\backend\\vendor\\laravel\\framework\\src\\Illuminate\\Pipeline\\Pipeline.php(209): Illuminate\\Http\\Middleware\\ValidatePostSize->handle(Object(Illuminate\\Http\\Request), Object(Closure))
#34 D:\\Smart Damage Assessment System\\backend\\vendor\\laravel\\framework\\src\\Illuminate\\Foundation\\Http\\Middleware\\PreventRequestsDuringMaintenance.php(110): Illuminate\\Pipeline\\Pipeline->Illuminate\\Pipeline\\{closure}(Object(Illuminate\\Http\\Request))
#35 D:\\Smart Damage Assessment System\\backend\\vendor\\laravel\\framework\\src\\Illuminate\\Pipeline\\Pipeline.php(209): Illuminate\\Foundation\\Http\\Middleware\\PreventRequestsDuringMaintenance->handle(Object(Illuminate\\Http\\Request), Object(Closure))
#36 D:\\Smart Damage Assessment System\\backend\\vendor\\laravel\\framework\\src\\Illuminate\\Http\\Middleware\\HandleCors.php(49): Illuminate\\Pipeline\\Pipeline->Illuminate\\Pipeline\\{closure}(Object(Illuminate\\Http\\Request))
#37 D:\\Smart Damage Assessment System\\backend\\vendor\\laravel\\framework\\src\\Illuminate\\Pipeline\\Pipeline.php(209): Illuminate\\Http\\Middleware\\HandleCors->handle(Object(Illuminate\\Http\\Request), Object(Closure))
#38 D:\\Smart Damage Assessment System\\backend\\vendor\\laravel\\framework\\src\\Illuminate\\Http\\Middleware\\TrustProxies.php(58): Illuminate\\Pipeline\\Pipeline->Illuminate\\Pipeline\\{closure}(Object(Illuminate\\Http\\Request))
#39 D:\\Smart Damage Assessment System\\backend\\vendor\\laravel\\framework\\src\\Illuminate\\Pipeline\\Pipeline.php(209): Illuminate\\Http\\Middleware\\TrustProxies->handle(Object(Illuminate\\Http\\Request), Object(Closure))
#40 D:\\Smart Damage Assessment System\\backend\\vendor\\laravel\\framework\\src\\Illuminate\\Foundation\\Http\\Middleware\\InvokeDeferredCallbacks.php(22): Illuminate\\Pipeline\\Pipeline->Illuminate\\Pipeline\\{closure}(Object(Illuminate\\Http\\Request))
#41 D:\\Smart Damage Assessment System\\backend\\vendor\\laravel\\framework\\src\\Illuminate\\Pipeline\\Pipeline.php(209): Illuminate\\Foundation\\Http\\Middleware\\InvokeDeferredCallbacks->handle(Object(Illuminate\\Http\\Request), Object(Closure))
#42 D:\\Smart Damage Assessment System\\backend\\vendor\\laravel\\framework\\src\\Illuminate\\Pipeline\\Pipeline.php(127): Illuminate\\Pipeline\\Pipeline->Illuminate\\Pipeline\\{closure}(Object(Illuminate\\Http\\Request))
#43 D:\\Smart Damage Assessment System\\backend\\vendor\\laravel\\framework\\src\\Illuminate\\Foundation\\Http\\Kernel.php(176): Illuminate\\Pipeline\\Pipeline->then(Object(Closure))
#44 D:\\Smart Damage Assessment System\\backend\\vendor\\laravel\\framework\\src\\Illuminate\\Foundation\\Http\\Kernel.php(145): Illuminate\\Foundation\\Http\\Kernel->sendRequestThroughRouter(Object(Illuminate\\Http\\Request))
#45 D:\\Smart Damage Assessment System\\backend\\public\\index.php(17): Illuminate\\Foundation\\Http\\Kernel->handle(Object(Illuminate\\Http\\Request))
#46 D:\\Smart Damage Assessment System\\backend\\vendor\\laravel\\framework\\src\\Illuminate\\Foundation\\resources\\server.php(23): require_once('D:\\\\Smart Damage...')
#47 {main}
"} 
[2026-01-15 13:20:08] local.ERROR: Target class [DatabaseSeeder] does not exist. {"exception":"[object] (Illuminate\\Contracts\\Container\\BindingResolutionException(code: 0): Target class [DatabaseSeeder] does not exist. at D:\\Smart Damage Assessment System\\backend\\vendor\\laravel\\framework\\src\\Illuminate\\Container\\Container.php:961)
[stacktrace]
#0 D:\\Smart Damage Assessment System\\backend\\vendor\\laravel\\framework\\src\\Illuminate\\Container\\Container.php(832): Illuminate\\Container\\Container->build('DatabaseSeeder')
#1 D:\\Smart Damage Assessment System\\backend\\vendor\\laravel\\framework\\src\\Illuminate\\Foundation\\Application.php(1078): Illuminate\\Container\\Container->resolve('DatabaseSeeder', Array, true)
#2 D:\\Smart Damage Assessment System\\backend\\vendor\\laravel\\framework\\src\\Illuminate\\Container\\Container.php(763): Illuminate\\Foundation\\Application->resolve('DatabaseSeeder', Array)
#3 D:\\Smart Damage Assessment System\\backend\\vendor\\laravel\\framework\\src\\Illuminate\\Foundation\\Application.php(1058): Illuminate\\Container\\Container->make('DatabaseSeeder', Array)
#4 D:\\Smart Damage Assessment System\\backend\\vendor\\laravel\\framework\\src\\Illuminate\\Database\\Console\\Seeds\\SeedCommand.php(98): Illuminate\\Foundation\\Application->make('DatabaseSeeder')
#5 D:\\Smart Damage Assessment System\\backend\\vendor\\laravel\\framework\\src\\Illuminate\\Database\\Console\\Seeds\\SeedCommand.php(70): Illuminate\\Database\\Console\\Seeds\\SeedCommand->getSeeder()
#6 D:\\Smart Damage Assessment System\\backend\\vendor\\laravel\\framework\\src\\Illuminate\\Database\\Eloquent\\Concerns\\GuardsAttributes.php(155): Illuminate\\Database\\Console\\Seeds\\SeedCommand->Illuminate\\Database\\Console\\Seeds\\{closure}()
#7 D:\\Smart Damage Assessment System\\backend\\vendor\\laravel\\framework\\src\\Illuminate\\Database\\Console\\Seeds\\SeedCommand.php(69): Illuminate\\Database\\Eloquent\\Model::unguarded(Object(Closure))
#8 D:\\Smart Damage Assessment System\\backend\\vendor\\laravel\\framework\\src\\Illuminate\\Container\\BoundMethod.php(36): Illuminate\\Database\\Console\\Seeds\\SeedCommand->handle()
#9 D:\\Smart Damage Assessment System\\backend\\vendor\\laravel\\framework\\src\\Illuminate\\Container\\Util.php(43): Illuminate\\Container\\BoundMethod::Illuminate\\Container\\{closure}()
#10 D:\\Smart Damage Assessment System\\backend\\vendor\\laravel\\framework\\src\\Illuminate\\Container\\BoundMethod.php(95): Illuminate\\Container\\Util::unwrapIfClosure(Object(Closure))
#11 D:\\Smart Damage Assessment System\\backend\\vendor\\laravel\\framework\\src\\Illuminate\\Container\\BoundMethod.php(35): Illuminate\\Container\\BoundMethod::callBoundMethod(Object(Illuminate\\Foundation\\Application), Array, Object(Closure))
#12 D:\\Smart Damage Assessment System\\backend\\vendor\\laravel\\framework\\src\\Illuminate\\Container\\Container.php(696): Illuminate\\Container\\BoundMethod::call(Object(Illuminate\\Foundation\\Application), Array, Array, NULL)
#13 D:\\Smart Damage Assessment System\\backend\\vendor\\laravel\\framework\\src\\Illuminate\\Console\\Command.php(213): Illuminate\\Container\\Container->call(Array)
#14 D:\\Smart Damage Assessment System\\backend\\vendor\\symfony\\console\\Command\\Command.php(341): Illuminate\\Console\\Command->execute(Object(Symfony\\Component\\Console\\Input\\ArrayInput), Object(Illuminate\\Console\\OutputStyle))
#15 D:\\Smart Damage Assessment System\\backend\\vendor\\laravel\\framework\\src\\Illuminate\\Console\\Command.php(182): Symfony\\Component\\Console\\Command\\Command->run(Object(Symfony\\Component\\Console\\Input\\ArrayInput), Object(Illuminate\\Console\\OutputStyle))
#16 D:\\Smart Damage Assessment System\\backend\\vendor\\laravel\\framework\\src\\Illuminate\\Console\\Concerns\\CallsCommands.php(68): Illuminate\\Console\\Command->run(Object(Symfony\\Component\\Console\\Input\\ArrayInput), Object(Illuminate\\Console\\OutputStyle))
#17 D:\\Smart Damage Assessment System\\backend\\vendor\\laravel\\framework\\src\\Illuminate\\Console\\Concerns\\CallsCommands.php(29): Illuminate\\Console\\Command->runCommand('db:seed', Array, Object(Illuminate\\Console\\OutputStyle))
#18 D:\\Smart Damage Assessment System\\backend\\vendor\\laravel\\framework\\src\\Illuminate\\Database\\Console\\Migrations\\FreshCommand.php(122): Illuminate\\Console\\Command->call('db:seed', Array)
#19 D:\\Smart Damage Assessment System\\backend\\vendor\\laravel\\framework\\src\\Illuminate\\Database\\Console\\Migrations\\FreshCommand.php(98): Illuminate\\Database\\Console\\Migrations\\FreshCommand->runSeeder(NULL)
#20 D:\\Smart Damage Assessment System\\backend\\vendor\\laravel\\framework\\src\\Illuminate\\Container\\BoundMethod.php(36): Illuminate\\Database\\Console\\Migrations\\FreshCommand->handle()
#21 D:\\Smart Damage Assessment System\\backend\\vendor\\laravel\\framework\\src\\Illuminate\\Container\\Util.php(43): Illuminate\\Container\\BoundMethod::Illuminate\\Container\\{closure}()
#22 D:\\Smart Damage Assessment System\\backend\\vendor\\laravel\\framework\\src\\Illuminate\\Container\\BoundMethod.php(95): Illuminate\\Container\\Util::unwrapIfClosure(Object(Closure))
#23 D:\\Smart Damage Assessment System\\backend\\vendor\\laravel\\framework\\src\\Illuminate\\Container\\BoundMethod.php(35): Illuminate\\Container\\BoundMethod::callBoundMethod(Object(Illuminate\\Foundation\\Application), Array, Object(Closure))
#24 D:\\Smart Damage Assessment System\\backend\\vendor\\laravel\\framework\\src\\Illuminate\\Container\\Container.php(696): Illuminate\\Container\\BoundMethod::call(Object(Illuminate\\Foundation\\Application), Array, Array, NULL)
#25 D:\\Smart Damage Assessment System\\backend\\vendor\\laravel\\framework\\src\\Illuminate\\Console\\Command.php(213): Illuminate\\Container\\Container->call(Array)
#26 D:\\Smart Damage Assessment System\\backend\\vendor\\symfony\\console\\Command\\Command.php(341): Illuminate\\Console\\Command->execute(Object(Symfony\\Component\\Console\\Input\\ArgvInput), Object(Illuminate\\Console\\OutputStyle))
#27 D:\\Smart Damage Assessment System\\backend\\vendor\\laravel\\framework\\src\\Illuminate\\Console\\Command.php(182): Symfony\\Component\\Console\\Command\\Command->run(Object(Symfony\\Component\\Console\\Input\\ArgvInput), Object(Illuminate\\Console\\OutputStyle))
#28 D:\\Smart Damage Assessment System\\backend\\vendor\\symfony\\console\\Application.php(1102): Illuminate\\Console\\Command->run(Object(Symfony\\Component\\Console\\Input\\ArgvInput), Object(Symfony\\Component\\Console\\Output\\ConsoleOutput))
#29 D:\\Smart Damage Assessment System\\backend\\vendor\\symfony\\console\\Application.php(356): Symfony\\Component\\Console\\Application->doRunCommand(Object(Illuminate\\Database\\Console\\Migrations\\FreshCommand), Object(Symfony\\Component\\Console\\Input\\ArgvInput), Object(Symfony\\Component\\Console\\Output\\ConsoleOutput))
#30 D:\\Smart Damage Assessment System\\backend\\vendor\\symfony\\console\\Application.php(195): Symfony\\Component\\Console\\Application->doRun(Object(Symfony\\Component\\Console\\Input\\ArgvInput), Object(Symfony\\Component\\Console\\Output\\ConsoleOutput))
#31 D:\\Smart Damage Assessment System\\backend\\vendor\\laravel\\framework\\src\\Illuminate\\Foundation\\Console\\Kernel.php(198): Symfony\\Component\\Console\\Application->run(Object(Symfony\\Component\\Console\\Input\\ArgvInput), Object(Symfony\\Component\\Console\\Output\\ConsoleOutput))
#32 D:\\Smart Damage Assessment System\\backend\\artisan(35): Illuminate\\Foundation\\Console\\Kernel->handle(Object(Symfony\\Component\\Console\\Input\\ArgvInput), Object(Symfony\\Component\\Console\\Output\\ConsoleOutput))
#33 {main}

[previous exception] [object] (ReflectionException(code: -1): Class \"DatabaseSeeder\" does not exist at D:\\Smart Damage Assessment System\\backend\\vendor\\laravel\\framework\\src\\Illuminate\\Container\\Container.php:959)
[stacktrace]
#0 D:\\Smart Damage Assessment System\\backend\\vendor\\laravel\\framework\\src\\Illuminate\\Container\\Container.php(959): ReflectionClass->__construct('DatabaseSeeder')
#1 D:\\Smart Damage Assessment System\\backend\\vendor\\laravel\\framework\\src\\Illuminate\\Container\\Container.php(832): Illuminate\\Container\\Container->build('DatabaseSeeder')
#2 D:\\Smart Damage Assessment System\\backend\\vendor\\laravel\\framework\\src\\Illuminate\\Foundation\\Application.php(1078): Illuminate\\Container\\Container->resolve('DatabaseSeeder', Array, true)
#3 D:\\Smart Damage Assessment System\\backend\\vendor\\laravel\\framework\\src\\Illuminate\\Container\\Container.php(763): Illuminate\\Foundation\\Application->resolve('DatabaseSeeder', Array)
#4 D:\\Smart Damage Assessment System\\backend\\vendor\\laravel\\framework\\src\\Illuminate\\Foundation\\Application.php(1058): Illuminate\\Container\\Container->make('DatabaseSeeder', Array)
#5 D:\\Smart Damage Assessment System\\backend\\vendor\\laravel\\framework\\src\\Illuminate\\Database\\Console\\Seeds\\SeedCommand.php(98): Illuminate\\Foundation\\Application->make('DatabaseSeeder')
#6 D:\\Smart Damage Assessment System\\backend\\vendor\\laravel\\framework\\src\\Illuminate\\Database\\Console\\Seeds\\SeedCommand.php(70): Illuminate\\Database\\Console\\Seeds\\SeedCommand->getSeeder()
#7 D:\\Smart Damage Assessment System\\backend\\vendor\\laravel\\framework\\src\\Illuminate\\Database\\Eloquent\\Concerns\\GuardsAttributes.php(155): Illuminate\\Database\\Console\\Seeds\\SeedCommand->Illuminate\\Database\\Console\\Seeds\\{closure}()
#8 D:\\Smart Damage Assessment System\\backend\\vendor\\laravel\\framework\\src\\Illuminate\\Database\\Console\\Seeds\\SeedCommand.php(69): Illuminate\\Database\\Eloquent\\Model::unguarded(Object(Closure))
#9 D:\\Smart Damage Assessment System\\backend\\vendor\\laravel\\framework\\src\\Illuminate\\Container\\BoundMethod.php(36): Illuminate\\Database\\Console\\Seeds\\SeedCommand->handle()
#10 D:\\Smart Damage Assessment System\\backend\\vendor\\laravel\\framework\\src\\Illuminate\\Container\\Util.php(43): Illuminate\\Container\\BoundMethod::Illuminate\\Container\\{closure}()
#11 D:\\Smart Damage Assessment System\\backend\\vendor\\laravel\\framework\\src\\Illuminate\\Container\\BoundMethod.php(95): Illuminate\\Container\\Util::unwrapIfClosure(Object(Closure))
#12 D:\\Smart Damage Assessment System\\backend\\vendor\\laravel\\framework\\src\\Illuminate\\Container\\BoundMethod.php(35): Illuminate\\Container\\BoundMethod::callBoundMethod(Object(Illuminate\\Foundation\\Application), Array, Object(Closure))
#13 D:\\Smart Damage Assessment System\\backend\\vendor\\laravel\\framework\\src\\Illuminate\\Container\\Container.php(696): Illuminate\\Container\\BoundMethod::call(Object(Illuminate\\Foundation\\Application), Array, Array, NULL)
#14 D:\\Smart Damage Assessment System\\backend\\vendor\\laravel\\framework\\src\\Illuminate\\Console\\Command.php(213): Illuminate\\Container\\Container->call(Array)
#15 D:\\Smart Damage Assessment System\\backend\\vendor\\symfony\\console\\Command\\Command.php(341): Illuminate\\Console\\Command->execute(Object(Symfony\\Component\\Console\\Input\\ArrayInput), Object(Illuminate\\Console\\OutputStyle))
#16 D:\\Smart Damage Assessment System\\backend\\vendor\\laravel\\framework\\src\\Illuminate\\Console\\Command.php(182): Symfony\\Component\\Console\\Command\\Command->run(Object(Symfony\\Component\\Console\\Input\\ArrayInput), Object(Illuminate\\Console\\OutputStyle))
#17 D:\\Smart Damage Assessment System\\backend\\vendor\\laravel\\framework\\src\\Illuminate\\Console\\Concerns\\CallsCommands.php(68): Illuminate\\Console\\Command->run(Object(Symfony\\Component\\Console\\Input\\ArrayInput), Object(Illuminate\\Console\\OutputStyle))
#18 D:\\Smart Damage Assessment System\\backend\\vendor\\laravel\\framework\\src\\Illuminate\\Console\\Concerns\\CallsCommands.php(29): Illuminate\\Console\\Command->runCommand('db:seed', Array, Object(Illuminate\\Console\\OutputStyle))
#19 D:\\Smart Damage Assessment System\\backend\\vendor\\laravel\\framework\\src\\Illuminate\\Database\\Console\\Migrations\\FreshCommand.php(122): Illuminate\\Console\\Command->call('db:seed', Array)
#20 D:\\Smart Damage Assessment System\\backend\\vendor\\laravel\\framework\\src\\Illuminate\\Database\\Console\\Migrations\\FreshCommand.php(98): Illuminate\\Database\\Console\\Migrations\\FreshCommand->runSeeder(NULL)
#21 D:\\Smart Damage Assessment System\\backend\\vendor\\laravel\\framework\\src\\Illuminate\\Container\\BoundMethod.php(36): Illuminate\\Database\\Console\\Migrations\\FreshCommand->handle()
#22 D:\\Smart Damage Assessment System\\backend\\vendor\\laravel\\framework\\src\\Illuminate\\Container\\Util.php(43): Illuminate\\Container\\BoundMethod::Illuminate\\Container\\{closure}()
#23 D:\\Smart Damage Assessment System\\backend\\vendor\\laravel\\framework\\src\\Illuminate\\Container\\BoundMethod.php(95): Illuminate\\Container\\Util::unwrapIfClosure(Object(Closure))
#24 D:\\Smart Damage Assessment System\\backend\\vendor\\laravel\\framework\\src\\Illuminate\\Container\\BoundMethod.php(35): Illuminate\\Container\\BoundMethod::callBoundMethod(Object(Illuminate\\Foundation\\Application), Array, Object(Closure))
#25 D:\\Smart Damage Assessment System\\backend\\vendor\\laravel\\framework\\src\\Illuminate\\Container\\Container.php(696): Illuminate\\Container\\BoundMethod::call(Object(Illuminate\\Foundation\\Application), Array, Array, NULL)
#26 D:\\Smart Damage Assessment System\\backend\\vendor\\laravel\\framework\\src\\Illuminate\\Console\\Command.php(213): Illuminate\\Container\\Container->call(Array)
#27 D:\\Smart Damage Assessment System\\backend\\vendor\\symfony\\console\\Command\\Command.php(341): Illuminate\\Console\\Command->execute(Object(Symfony\\Component\\Console\\Input\\ArgvInput), Object(Illuminate\\Console\\OutputStyle))
#28 D:\\Smart Damage Assessment System\\backend\\vendor\\laravel\\framework\\src\\Illuminate\\Console\\Command.php(182): Symfony\\Component\\Console\\Command\\Command->run(Object(Symfony\\Component\\Console\\Input\\ArgvInput), Object(Illuminate\\Console\\OutputStyle))
#29 D:\\Smart Damage Assessment System\\backend\\vendor\\symfony\\console\\Application.php(1102): Illuminate\\Console\\Command->run(Object(Symfony\\Component\\Console\\Input\\ArgvInput), Object(Symfony\\Component\\Console\\Output\\ConsoleOutput))
#30 D:\\Smart Damage Assessment System\\backend\\vendor\\symfony\\console\\Application.php(356): Symfony\\Component\\Console\\Application->doRunCommand(Object(Illuminate\\Database\\Console\\Migrations\\FreshCommand), Object(Symfony\\Component\\Console\\Input\\ArgvInput), Object(Symfony\\Component\\Console\\Output\\ConsoleOutput))
#31 D:\\Smart Damage Assessment System\\backend\\vendor\\symfony\\console\\Application.php(195): Symfony\\Component\\Console\\Application->doRun(Object(Symfony\\Component\\Console\\Input\\ArgvInput), Object(Symfony\\Component\\Console\\Output\\ConsoleOutput))
#32 D:\\Smart Damage Assessment System\\backend\\vendor\\laravel\\framework\\src\\Illuminate\\Foundation\\Console\\Kernel.php(198): Symfony\\Component\\Console\\Application->run(Object(Symfony\\Component\\Console\\Input\\ArgvInput), Object(Symfony\\Component\\Console\\Output\\ConsoleOutput))
#33 D:\\Smart Damage Assessment System\\backend\\artisan(35): Illuminate\\Foundation\\Console\\Kernel->handle(Object(Symfony\\Component\\Console\\Input\\ArgvInput), Object(Symfony\\Component\\Console\\Output\\ConsoleOutput))
#34 {main}
"} 
[2026-01-15 13:21:48] local.ERROR: SQLSTATE[42S02]: Base table or view not found: 1146 Table 'smart_damage_assessment.cache' doesn't exist (Connection: mysql, SQL: select * from `cache` where `key` in (smart_damage_assessment_cache_illuminate:queue:restart)) {"exception":"[object] (Illuminate\\Database\\QueryException(code: 42S02): SQLSTATE[42S02]: Base table or view not found: 1146 Table 'smart_damage_assessment.cache' doesn't exist (Connection: mysql, SQL: select * from `cache` where `key` in (smart_damage_assessment_cache_illuminate:queue:restart)) at D:\\Smart Damage Assessment System\\backend\\vendor\\laravel\\framework\\src\\Illuminate\\Database\\Connection.php:825)
[stacktrace]
#0 D:\\Smart Damage Assessment System\\backend\\vendor\\laravel\\framework\\src\\Illuminate\\Database\\Connection.php(779): Illuminate\\Database\\Connection->runQueryCallback('select * from `...', Array, Object(Closure))
#1 D:\\Smart Damage Assessment System\\backend\\vendor\\laravel\\framework\\src\\Illuminate\\Database\\Connection.php(398): Illuminate\\Database\\Connection->run('select * from `...', Array, Object(Closure))
#2 D:\\Smart Damage Assessment System\\backend\\vendor\\laravel\\framework\\src\\Illuminate\\Database\\Query\\Builder.php(3106): Illuminate\\Database\\Connection->select('select * from `...', Array, true)
#3 D:\\Smart Damage Assessment System\\backend\\vendor\\laravel\\framework\\src\\Illuminate\\Database\\Query\\Builder.php(3091): Illuminate\\Database\\Query\\Builder->runSelect()
#4 D:\\Smart Damage Assessment System\\backend\\vendor\\laravel\\framework\\src\\Illuminate\\Database\\Query\\Builder.php(3676): Illuminate\\Database\\Query\\Builder->Illuminate\\Database\\Query\\{closure}()
#5 D:\\Smart Damage Assessment System\\backend\\vendor\\laravel\\framework\\src\\Illuminate\\Database\\Query\\Builder.php(3090): Illuminate\\Database\\Query\\Builder->onceWithColumns(Array, Object(Closure))
#6 D:\\Smart Damage Assessment System\\backend\\vendor\\laravel\\framework\\src\\Illuminate\\Cache\\DatabaseStore.php(130): Illuminate\\Database\\Query\\Builder->get()
#7 D:\\Smart Damage Assessment System\\backend\\vendor\\laravel\\framework\\src\\Illuminate\\Cache\\DatabaseStore.php(105): Illuminate\\Cache\\DatabaseStore->many(Array)
#8 D:\\Smart Damage Assessment System\\backend\\vendor\\laravel\\framework\\src\\Illuminate\\Cache\\Repository.php(117): Illuminate\\Cache\\DatabaseStore->get('illuminate:queu...')
#9 D:\\Smart Damage Assessment System\\backend\\vendor\\laravel\\framework\\src\\Illuminate\\Queue\\Worker.php(714): Illuminate\\Cache\\Repository->get('illuminate:queu...')
#10 D:\\Smart Damage Assessment System\\backend\\vendor\\laravel\\framework\\src\\Illuminate\\Queue\\Worker.php(139): Illuminate\\Queue\\Worker->getTimestampOfLastQueueRestart()
#11 D:\\Smart Damage Assessment System\\backend\\vendor\\laravel\\framework\\src\\Illuminate\\Queue\\Console\\WorkCommand.php(149): Illuminate\\Queue\\Worker->daemon('database', 'default', Object(Illuminate\\Queue\\WorkerOptions))
#12 D:\\Smart Damage Assessment System\\backend\\vendor\\laravel\\framework\\src\\Illuminate\\Queue\\Console\\WorkCommand.php(132): Illuminate\\Queue\\Console\\WorkCommand->runWorker('database', 'default')
#13 D:\\Smart Damage Assessment System\\backend\\vendor\\laravel\\framework\\src\\Illuminate\\Container\\BoundMethod.php(36): Illuminate\\Queue\\Console\\WorkCommand->handle()
#14 D:\\Smart Damage Assessment System\\backend\\vendor\\laravel\\framework\\src\\Illuminate\\Container\\Util.php(43): Illuminate\\Container\\BoundMethod::Illuminate\\Container\\{closure}()
#15 D:\\Smart Damage Assessment System\\backend\\vendor\\laravel\\framework\\src\\Illuminate\\Container\\BoundMethod.php(95): Illuminate\\Container\\Util::unwrapIfClosure(Object(Closure))
#16 D:\\Smart Damage Assessment System\\backend\\vendor\\laravel\\framework\\src\\Illuminate\\Container\\BoundMethod.php(35): Illuminate\\Container\\BoundMethod::callBoundMethod(Object(Illuminate\\Foundation\\Application), Array, Object(Closure))
#17 D:\\Smart Damage Assessment System\\backend\\vendor\\laravel\\framework\\src\\Illuminate\\Container\\Container.php(696): Illuminate\\Container\\BoundMethod::call(Object(Illuminate\\Foundation\\Application), Array, Array, NULL)
#18 D:\\Smart Damage Assessment System\\backend\\vendor\\laravel\\framework\\src\\Illuminate\\Console\\Command.php(213): Illuminate\\Container\\Container->call(Array)
#19 D:\\Smart Damage Assessment System\\backend\\vendor\\symfony\\console\\Command\\Command.php(341): Illuminate\\Console\\Command->execute(Object(Symfony\\Component\\Console\\Input\\ArgvInput), Object(Illuminate\\Console\\OutputStyle))
#20 D:\\Smart Damage Assessment System\\backend\\vendor\\laravel\\framework\\src\\Illuminate\\Console\\Command.php(182): Symfony\\Component\\Console\\Command\\Command->run(Object(Symfony\\Component\\Console\\Input\\ArgvInput), Object(Illuminate\\Console\\OutputStyle))
#21 D:\\Smart Damage Assessment System\\backend\\vendor\\symfony\\console\\Application.php(1102): Illuminate\\Console\\Command->run(Object(Symfony\\Component\\Console\\Input\\ArgvInput), Object(Symfony\\Component\\Console\\Output\\ConsoleOutput))
#22 D:\\Smart Damage Assessment System\\backend\\vendor\\symfony\\console\\Application.php(356): Symfony\\Component\\Console\\Application->doRunCommand(Object(Illuminate\\Queue\\Console\\WorkCommand), Object(Symfony\\Component\\Console\\Input\\ArgvInput), Object(Symfony\\Component\\Console\\Output\\ConsoleOutput))
#23 D:\\Smart Damage Assessment System\\backend\\vendor\\symfony\\console\\Application.php(195): Symfony\\Component\\Console\\Application->doRun(Object(Symfony\\Component\\Console\\Input\\ArgvInput), Object(Symfony\\Component\\Console\\Output\\ConsoleOutput))
#24 D:\\Smart Damage Assessment System\\backend\\vendor\\laravel\\framework\\src\\Illuminate\\Foundation\\Console\\Kernel.php(198): Symfony\\Component\\Console\\Application->run(Object(Symfony\\Component\\Console\\Input\\ArgvInput), Object(Symfony\\Component\\Console\\Output\\ConsoleOutput))
#25 D:\\Smart Damage Assessment System\\backend\\artisan(35): Illuminate\\Foundation\\Console\\Kernel->handle(Object(Symfony\\Component\\Console\\Input\\ArgvInput), Object(Symfony\\Component\\Console\\Output\\ConsoleOutput))
#26 {main}

[previous exception] [object] (PDOException(code: 42S02): SQLSTATE[42S02]: Base table or view not found: 1146 Table 'smart_damage_assessment.cache' doesn't exist at D:\\Smart Damage Assessment System\\backend\\vendor\\laravel\\framework\\src\\Illuminate\\Database\\Connection.php:407)
[stacktrace]
#0 D:\\Smart Damage Assessment System\\backend\\vendor\\laravel\\framework\\src\\Illuminate\\Database\\Connection.php(407): PDO->prepare('select * from `...')
#1 D:\\Smart Damage Assessment System\\backend\\vendor\\laravel\\framework\\src\\Illuminate\\Database\\Connection.php(812): Illuminate\\Database\\Connection->Illuminate\\Database\\{closure}('select * from `...', Array)
#2 D:\\Smart Damage Assessment System\\backend\\vendor\\laravel\\framework\\src\\Illuminate\\Database\\Connection.php(779): Illuminate\\Database\\Connection->runQueryCallback('select * from `...', Array, Object(Closure))
#3 D:\\Smart Damage Assessment System\\backend\\vendor\\laravel\\framework\\src\\Illuminate\\Database\\Connection.php(398): Illuminate\\Database\\Connection->run('select * from `...', Array, Object(Closure))
#4 D:\\Smart Damage Assessment System\\backend\\vendor\\laravel\\framework\\src\\Illuminate\\Database\\Query\\Builder.php(3106): Illuminate\\Database\\Connection->select('select * from `...', Array, true)
#5 D:\\Smart Damage Assessment System\\backend\\vendor\\laravel\\framework\\src\\Illuminate\\Database\\Query\\Builder.php(3091): Illuminate\\Database\\Query\\Builder->runSelect()
#6 D:\\Smart Damage Assessment System\\backend\\vendor\\laravel\\framework\\src\\Illuminate\\Database\\Query\\Builder.php(3676): Illuminate\\Database\\Query\\Builder->Illuminate\\Database\\Query\\{closure}()
#7 D:\\Smart Damage Assessment System\\backend\\vendor\\laravel\\framework\\src\\Illuminate\\Database\\Query\\Builder.php(3090): Illuminate\\Database\\Query\\Builder->onceWithColumns(Array, Object(Closure))
#8 D:\\Smart Damage Assessment System\\backend\\vendor\\laravel\\framework\\src\\Illuminate\\Cache\\DatabaseStore.php(130): Illuminate\\Database\\Query\\Builder->get()
#9 D:\\Smart Damage Assessment System\\backend\\vendor\\laravel\\framework\\src\\Illuminate\\Cache\\DatabaseStore.php(105): Illuminate\\Cache\\DatabaseStore->many(Array)
#10 D:\\Smart Damage Assessment System\\backend\\vendor\\laravel\\framework\\src\\Illuminate\\Cache\\Repository.php(117): Illuminate\\Cache\\DatabaseStore->get('illuminate:queu...')
#11 D:\\Smart Damage Assessment System\\backend\\vendor\\laravel\\framework\\src\\Illuminate\\Queue\\Worker.php(714): Illuminate\\Cache\\Repository->get('illuminate:queu...')
#12 D:\\Smart Damage Assessment System\\backend\\vendor\\laravel\\framework\\src\\Illuminate\\Queue\\Worker.php(139): Illuminate\\Queue\\Worker->getTimestampOfLastQueueRestart()
#13 D:\\Smart Damage Assessment System\\backend\\vendor\\laravel\\framework\\src\\Illuminate\\Queue\\Console\\WorkCommand.php(149): Illuminate\\Queue\\Worker->daemon('database', 'default', Object(Illuminate\\Queue\\WorkerOptions))
#14 D:\\Smart Damage Assessment System\\backend\\vendor\\laravel\\framework\\src\\Illuminate\\Queue\\Console\\WorkCommand.php(132): Illuminate\\Queue\\Console\\WorkCommand->runWorker('database', 'default')
#15 D:\\Smart Damage Assessment System\\backend\\vendor\\laravel\\framework\\src\\Illuminate\\Container\\BoundMethod.php(36): Illuminate\\Queue\\Console\\WorkCommand->handle()
#16 D:\\Smart Damage Assessment System\\backend\\vendor\\laravel\\framework\\src\\Illuminate\\Container\\Util.php(43): Illuminate\\Container\\BoundMethod::Illuminate\\Container\\{closure}()
#17 D:\\Smart Damage Assessment System\\backend\\vendor\\laravel\\framework\\src\\Illuminate\\Container\\BoundMethod.php(95): Illuminate\\Container\\Util::unwrapIfClosure(Object(Closure))
#18 D:\\Smart Damage Assessment System\\backend\\vendor\\laravel\\framework\\src\\Illuminate\\Container\\BoundMethod.php(35): Illuminate\\Container\\BoundMethod::callBoundMethod(Object(Illuminate\\Foundation\\Application), Array, Object(Closure))
#19 D:\\Smart Damage Assessment System\\backend\\vendor\\laravel\\framework\\src\\Illuminate\\Container\\Container.php(696): Illuminate\\Container\\BoundMethod::call(Object(Illuminate\\Foundation\\Application), Array, Array, NULL)
#20 D:\\Smart Damage Assessment System\\backend\\vendor\\laravel\\framework\\src\\Illuminate\\Console\\Command.php(213): Illuminate\\Container\\Container->call(Array)
#21 D:\\Smart Damage Assessment System\\backend\\vendor\\symfony\\console\\Command\\Command.php(341): Illuminate\\Console\\Command->execute(Object(Symfony\\Component\\Console\\Input\\ArgvInput), Object(Illuminate\\Console\\OutputStyle))
#22 D:\\Smart Damage Assessment System\\backend\\vendor\\laravel\\framework\\src\\Illuminate\\Console\\Command.php(182): Symfony\\Component\\Console\\Command\\Command->run(Object(Symfony\\Component\\Console\\Input\\ArgvInput), Object(Illuminate\\Console\\OutputStyle))
#23 D:\\Smart Damage Assessment System\\backend\\vendor\\symfony\\console\\Application.php(1102): Illuminate\\Console\\Command->run(Object(Symfony\\Component\\Console\\Input\\ArgvInput), Object(Symfony\\Component\\Console\\Output\\ConsoleOutput))
#24 D:\\Smart Damage Assessment System\\backend\\vendor\\symfony\\console\\Application.php(356): Symfony\\Component\\Console\\Application->doRunCommand(Object(Illuminate\\Queue\\Console\\WorkCommand), Object(Symfony\\Component\\Console\\Input\\ArgvInput), Object(Symfony\\Component\\Console\\Output\\ConsoleOutput))
#25 D:\\Smart Damage Assessment System\\backend\\vendor\\symfony\\console\\Application.php(195): Symfony\\Component\\Console\\Application->doRun(Object(Symfony\\Component\\Console\\Input\\ArgvInput), Object(Symfony\\Component\\Console\\Output\\ConsoleOutput))
#26 D:\\Smart Damage Assessment System\\backend\\vendor\\laravel\\framework\\src\\Illuminate\\Foundation\\Console\\Kernel.php(198): Symfony\\Component\\Console\\Application->run(Object(Symfony\\Component\\Console\\Input\\ArgvInput), Object(Symfony\\Component\\Console\\Output\\ConsoleOutput))
#27 D:\\Smart Damage Assessment System\\backend\\artisan(35): Illuminate\\Foundation\\Console\\Kernel->handle(Object(Symfony\\Component\\Console\\Input\\ArgvInput), Object(Symfony\\Component\\Console\\Output\\ConsoleOutput))
#28 {main}
"} 
[2026-01-15 13:40:48] local.ERROR: Vite manifest not found at: D:\Smart Damage Assessment System\backend\public\build/manifest.json {"view":{"view":"D:\\Smart Damage Assessment System\\backend\\resources\\views\\layouts\\guest.blade.php","data":{"errors":"<pre class=sf-dump id=sf-dump-1102549390 data-indent-pad=\"  \"><span class=sf-dump-note>Illuminate\\Support\\ViewErrorBag</span> {<a class=sf-dump-ref>#359</a><samp data-depth=1 class=sf-dump-expanded>
  #<span class=sf-dump-protected title=\"Protected property\">bags</span>: []
</samp>}
</pre><script>Sfdump(\"sf-dump-1102549390\", {\"maxDepth\":3,\"maxStringLength\":160})</script>
","componentName":"<pre class=sf-dump id=sf-dump-794679617 data-indent-pad=\"  \">\"<span class=sf-dump-str title=\"12 characters\">guest-layout</span>\"
</pre><script>Sfdump(\"sf-dump-794679617\", {\"maxDepth\":3,\"maxStringLength\":160})</script>
","attributes":"<pre class=sf-dump id=sf-dump-928087577 data-indent-pad=\"  \"><span class=sf-dump-note>Illuminate\\View\\ComponentAttributeBag</span> {<a class=sf-dump-ref>#385</a><samp data-depth=1 class=sf-dump-expanded>
  #<span class=sf-dump-protected title=\"Protected property\">attributes</span>: []
</samp>}
</pre><script>Sfdump(\"sf-dump-928087577\", {\"maxDepth\":3,\"maxStringLength\":160})</script>
","ignoredParameterNames":"<pre class=sf-dump id=sf-dump-787563905 data-indent-pad=\"  \"><span class=sf-dump-note>Illuminate\\View\\InvokableComponentVariable</span> {<a class=sf-dump-ref>#397</a><samp data-depth=1 class=sf-dump-expanded>
  #<span class=sf-dump-protected title=\"Protected property\">callable</span>: <span class=sf-dump-note>Closure()</span> {<a class=sf-dump-ref>#396</a><samp data-depth=2 class=sf-dump-compact>
    <span class=sf-dump-meta>class</span>: \"<span class=\"sf-dump-str sf-dump-ellipsization\" title=\"App\\View\\Components\\GuestLayout
31 characters\"><span class=\"sf-dump-ellipsis sf-dump-ellipsis-class\">App\\View\\Components</span><span class=\"sf-dump-ellipsis sf-dump-ellipsis-class\">\\</span><span class=\"sf-dump-ellipsis-tail\">GuestLayout</span></span>\"
    <span class=sf-dump-meta>this</span>: <span class=\"sf-dump-note sf-dump-ellipsization\" title=\"App\\View\\Components\\GuestLayout
\"><span class=\"sf-dump-ellipsis sf-dump-ellipsis-note\">App\\View\\Components</span><span class=\"sf-dump-ellipsis sf-dump-ellipsis-note\">\\</span><span class=\"sf-dump-ellipsis-tail\">GuestLayout</span></span> {<a class=sf-dump-ref>#386</a> &#8230;}
    <span class=sf-dump-meta>use</span>: {<samp data-depth=3 class=sf-dump-compact>
      <span class=sf-dump-meta>$method</span>: \"<span class=sf-dump-str title=\"21 characters\">ignoredParameterNames</span>\"
    </samp>}
    <span class=sf-dump-meta>file</span>: \"<span class=\"sf-dump-str sf-dump-ellipsization\" title=\"D:\\Smart Damage Assessment System\\backend\\vendor\\laravel\\framework\\src\\Illuminate\\View\\Component.php
100 characters\"><span class=\"sf-dump-ellipsis sf-dump-ellipsis-path\">D:\\Smart Damage Assessment System\\backend\\vendor</span><span class=\"sf-dump-ellipsis sf-dump-ellipsis-path\">\\laravel\\framework\\</span><span class=\"sf-dump-ellipsis-tail\">src\\Illuminate\\View\\Component.php</span></span>\"
    <span class=sf-dump-meta>line</span>: \"<span class=sf-dump-str title=\"10 characters\">303 to 305</span>\"
  </samp>}
</samp>}
</pre><script>Sfdump(\"sf-dump-787563905\", {\"maxDepth\":3,\"maxStringLength\":160})</script>
","slot":"<pre class=sf-dump id=sf-dump-1068713811 data-indent-pad=\"  \"><span class=sf-dump-note>Illuminate\\View\\ComponentSlot</span> {<a class=sf-dump-ref>#400</a><samp data-depth=1 class=sf-dump-expanded>
  +<span class=sf-dump-public title=\"Public property\">attributes</span>: <span class=\"sf-dump-note sf-dump-ellipsization\" title=\"Illuminate\\View\\ComponentAttributeBag
\"><span class=\"sf-dump-ellipsis sf-dump-ellipsis-note\">Illuminate\\View</span><span class=\"sf-dump-ellipsis sf-dump-ellipsis-note\">\\</span><span class=\"sf-dump-ellipsis-tail\">ComponentAttributeBag</span></span> {<a class=sf-dump-ref>#383</a><samp data-depth=2 class=sf-dump-compact>
    #<span class=sf-dump-protected title=\"Protected property\">attributes</span>: []
  </samp>}
  #<span class=sf-dump-protected title=\"Protected property\">contents</span>: \"\"\"
    <span class=sf-dump-str title=\"2181 characters\">&lt;!-- Session Status --&gt;<span class=\"sf-dump-default sf-dump-ns\">\\n</span></span>
    <span class=sf-dump-str title=\"2181 characters\">    <span class=\"sf-dump-default sf-dump-ns\">\\n</span></span>
    <span class=sf-dump-str title=\"2181 characters\">    &lt;form method=&quot;POST&quot; action=&quot;http://127.0.0.1:8000/login&quot;&gt;<span class=\"sf-dump-default sf-dump-ns\">\\n</span></span>
    <span class=sf-dump-str title=\"2181 characters\">        &lt;input type=&quot;hidden&quot; name=&quot;_token&quot; value=&quot;z08OTBlhptgTEbgCU5nxNU5I6rOtrTVvVIR1DzvT&quot; autocomplete=&quot;off&quot;&gt;<span class=\"sf-dump-default sf-dump-ns\">\\n</span></span>
    <span class=sf-dump-str title=\"2181 characters\">        &lt;!-- Email Address --&gt;<span class=\"sf-dump-default sf-dump-ns\">\\n</span></span>
    <span class=sf-dump-str title=\"2181 characters\">        &lt;div&gt;<span class=\"sf-dump-default sf-dump-ns\">\\n</span></span>
    <span class=sf-dump-str title=\"2181 characters\">            &lt;label class=&quot;block font-medium text-sm text-gray-700&quot; for=&quot;email&quot;&gt;<span class=\"sf-dump-default sf-dump-ns\">\\n</span></span>
    <span class=sf-dump-str title=\"2181 characters\">    Email<span class=\"sf-dump-default sf-dump-ns\">\\n</span></span>
    <span class=sf-dump-str title=\"2181 characters\">&lt;/label&gt;<span class=\"sf-dump-default sf-dump-ns\">\\n</span></span>
    <span class=sf-dump-str title=\"2181 characters\">            &lt;input  class=&quot;border-gray-300 focus:border-indigo-500 focus:ring-indigo-500 rounded-md shadow-sm block mt-1 w-full&quot; id=&quot;email&quot; type=&quot;email&quot; name=&quot;email&quot; required=&quot;required&quot; autofocus=&quot;autofocus&quot; autocomplete=&quot;username&quot;&gt;<span class=\"sf-dump-default sf-dump-ns\">\\n</span></span>
    <span class=sf-dump-str title=\"2181 characters\">                    &lt;/div&gt;<span class=\"sf-dump-default sf-dump-ns\">\\n</span></span>
    <span class=sf-dump-str title=\"2181 characters\"><span class=\"sf-dump-default sf-dump-ns\">\\n</span></span>
    <span class=sf-dump-str title=\"2181 characters\">        &lt;!-- Password --&gt;<span class=\"sf-dump-default sf-dump-ns\">\\n</span></span>
    <span class=sf-dump-str title=\"2181 characters\">        &lt;div class=&quot;mt-4&quot;&gt;<span class=\"sf-dump-default sf-dump-ns\">\\n</span></span>
    <span class=sf-dump-str title=\"2181 characters\">            &lt;label class=&quot;block font-medium text-sm text-gray-700&quot; for=&quot;password&quot;&gt;<span class=\"sf-dump-default sf-dump-ns\">\\n</span></span>
    <span class=sf-dump-str title=\"2181 characters\">    Password<span class=\"sf-dump-default sf-dump-ns\">\\n</span></span>
    <span class=sf-dump-str title=\"2181 characters\">&lt;/label&gt;<span class=\"sf-dump-default sf-dump-ns\">\\n</span></span>
    <span class=sf-dump-str title=\"2181 characters\"><span class=\"sf-dump-default sf-dump-ns\">\\n</span></span>
    <span class=sf-dump-str title=\"2181 characters\">            &lt;input  class=&quot;border-gray-300 focus:border-indigo-500 focus:ring-indigo-500 rounded-md shadow-sm block mt-1 w-full&quot; id=&quot;password&quot; type=&quot;password&quot; name=&quot;password&quot; required=&quot;required&quot; autocomplete=&quot;current-password&quot;&gt;<span class=\"sf-dump-default sf-dump-ns\">\\n</span></span>
    <span class=sf-dump-str title=\"2181 characters\"><span class=\"sf-dump-default sf-dump-ns\">\\n</span></span>
    <span class=sf-dump-str title=\"2181 characters\">                    &lt;/div&gt;<span class=\"sf-dump-default sf-dump-ns\">\\n</span></span>
    <span class=sf-dump-str title=\"2181 characters\"><span class=\"sf-dump-default sf-dump-ns\">\\n</span></span>
    <span class=sf-dump-str title=\"2181 characters\">        &lt;!-- Remember Me --&gt;<span class=\"sf-dump-default sf-dump-ns\">\\n</span></span>
    <span class=sf-dump-str title=\"2181 characters\">        &lt;div class=&quot;block mt-4&quot;&gt;<span class=\"sf-dump-default sf-dump-ns\">\\n</span></span>
    <span class=sf-dump-str title=\"2181 characters\">            &lt;label for=&quot;remember_me&quot; class=&quot;inline-flex items-center&quot;&gt;<span class=\"sf-dump-default sf-dump-ns\">\\n</span></span>
    <span class=sf-dump-str title=\"2181 characters\">                &lt;input id=&quot;remember_me&quot; type=&quot;checkbox&quot; class=&quot;rounded border-gray-300 text-indigo-600 shadow-sm focus:ring-indigo-500&quot; name=&quot;remember&quot;&gt;<span class=\"sf-dump-default sf-dump-ns\">\\n</span></span>
    <span class=sf-dump-str title=\"2181 characters\">                &lt;span class=&quot;ms-2 text-sm text-gray-600&quot;&gt;Remember me&lt;/span&gt;<span class=\"sf-dump-default sf-dump-ns\">\\n</span></span>
    <span class=sf-dump-str title=\"2181 characters\">            &lt;/label&gt;<span class=\"sf-dump-default sf-dump-ns\">\\n</span></span>
    <span class=sf-dump-str title=\"2181 characters\">        &lt;/div&gt;<span class=\"sf-dump-default sf-dump-ns\">\\n</span></span>
    <span class=sf-dump-str title=\"2181 characters\"><span class=\"sf-dump-default sf-dump-ns\">\\n</span></span>
    <span class=sf-dump-str title=\"2181 characters\">        &lt;div class=&quot;flex items-center justify-end mt-4&quot;&gt;<span class=\"sf-dump-default sf-dump-ns\">\\n</span></span>
    <span class=sf-dump-str title=\"2181 characters\">                            &lt;a class=&quot;underline text-sm text-gray-600 hover:text-gray-900 rounded-md focus:outline-none focus:ring-2 focus:ring-offset-2 focus:ring-indigo-500&quot; href=&quot;http://127.0.0.1:8000/forgot-password&quot;&gt;<span class=\"sf-dump-default sf-dump-ns\">\\n</span></span>
    <span class=sf-dump-str title=\"2181 characters\">                    Forgot your password?<span class=\"sf-dump-default sf-dump-ns\">\\n</span></span>
    <span class=sf-dump-str title=\"2181 characters\">                &lt;/a&gt;<span class=\"sf-dump-default sf-dump-ns\">\\n</span></span>
    <span class=sf-dump-str title=\"2181 characters\">            <span class=\"sf-dump-default sf-dump-ns\">\\n</span></span>
    <span class=sf-dump-str title=\"2181 characters\">            &lt;button type=&quot;submit&quot; class=&quot;inline-flex items-center px-4 py-2 bg-gray-800 border border-transparent rounded-md font-semibold text-xs text-white uppercase tracking-widest hover:bg-gray-700 focus:bg-gray-700 active:bg-gray-900 focus:outline-none focus:ring-2 focus:ring-indigo-500 focus:ring-offset-2 transition ease-in-out duration-150 ms-3&quot;&gt;<span class=\"sf-dump-default sf-dump-ns\">\\n</span></span>
    <span class=sf-dump-str title=\"2181 characters\">    Log in<span class=\"sf-dump-default sf-dump-ns\">\\n</span></span>
    <span class=sf-dump-str title=\"2181 characters\">&lt;/button&gt;<span class=\"sf-dump-default sf-dump-ns\">\\n</span></span>
    <span class=sf-dump-str title=\"2181 characters\">        &lt;/div&gt;<span class=\"sf-dump-default sf-dump-ns\">\\n</span></span>
    <span class=sf-dump-str title=\"2181 characters\">    &lt;/form&gt;</span>
    \"\"\"
</samp>}
</pre><script>Sfdump(\"sf-dump-1068713811\", {\"maxDepth\":3,\"maxStringLength\":160})</script>
","__laravel_slots":"<pre class=sf-dump id=sf-dump-692862766 data-indent-pad=\"  \"><span class=sf-dump-note>array:1</span> [<samp data-depth=1 class=sf-dump-expanded>
  \"<span class=sf-dump-key>__default</span>\" => <span class=\"sf-dump-note sf-dump-ellipsization\" title=\"Illuminate\\View\\ComponentSlot
\"><span class=\"sf-dump-ellipsis sf-dump-ellipsis-note\">Illuminate\\View</span><span class=\"sf-dump-ellipsis sf-dump-ellipsis-note\">\\</span><span class=\"sf-dump-ellipsis-tail\">ComponentSlot</span></span> {<a class=sf-dump-ref>#400</a><samp data-depth=2 class=sf-dump-compact>
    +<span class=sf-dump-public title=\"Public property\">attributes</span>: <span class=\"sf-dump-note sf-dump-ellipsization\" title=\"Illuminate\\View\\ComponentAttributeBag
\"><span class=\"sf-dump-ellipsis sf-dump-ellipsis-note\">Illuminate\\View</span><span class=\"sf-dump-ellipsis sf-dump-ellipsis-note\">\\</span><span class=\"sf-dump-ellipsis-tail\">ComponentAttributeBag</span></span> {<a class=sf-dump-ref>#383</a><samp data-depth=3 class=sf-dump-compact>
      #<span class=sf-dump-protected title=\"Protected property\">attributes</span>: []
    </samp>}
    #<span class=sf-dump-protected title=\"Protected property\">contents</span>: \"\"\"
      <span class=sf-dump-str title=\"2181 characters\">&lt;!-- Session Status --&gt;<span class=\"sf-dump-default sf-dump-ns\">\\n</span></span>
      <span class=sf-dump-str title=\"2181 characters\">    <span class=\"sf-dump-default sf-dump-ns\">\\n</span></span>
      <span class=sf-dump-str title=\"2181 characters\">    &lt;form method=&quot;POST&quot; action=&quot;http://127.0.0.1:8000/login&quot;&gt;<span class=\"sf-dump-default sf-dump-ns\">\\n</span></span>
      <span class=sf-dump-str title=\"2181 characters\">        &lt;input type=&quot;hidden&quot; name=&quot;_token&quot; value=&quot;z08OTBlhptgTEbgCU5nxNU5I6rOtrTVvVIR1DzvT&quot; autocomplete=&quot;off&quot;&gt;<span class=\"sf-dump-default sf-dump-ns\">\\n</span></span>
      <span class=sf-dump-str title=\"2181 characters\">        &lt;!-- Email Address --&gt;<span class=\"sf-dump-default sf-dump-ns\">\\n</span></span>
      <span class=sf-dump-str title=\"2181 characters\">        &lt;div&gt;<span class=\"sf-dump-default sf-dump-ns\">\\n</span></span>
      <span class=sf-dump-str title=\"2181 characters\">            &lt;label class=&quot;block font-medium text-sm text-gray-700&quot; for=&quot;email&quot;&gt;<span class=\"sf-dump-default sf-dump-ns\">\\n</span></span>
      <span class=sf-dump-str title=\"2181 characters\">    Email<span class=\"sf-dump-default sf-dump-ns\">\\n</span></span>
      <span class=sf-dump-str title=\"2181 characters\">&lt;/label&gt;<span class=\"sf-dump-default sf-dump-ns\">\\n</span></span>
      <span class=sf-dump-str title=\"2181 characters\">            &lt;input  class=&quot;border-gray-300 focus:border-indigo-500 focus:ring-indigo-500 rounded-md shadow-sm block mt-1 w-full&quot; id=&quot;email&quot; type=&quot;email&quot; name=&quot;email&quot; required=&quot;required&quot; autofocus=&quot;autofocus&quot; autocomplete=&quot;username&quot;&gt;<span class=\"sf-dump-default sf-dump-ns\">\\n</span></span>
      <span class=sf-dump-str title=\"2181 characters\">                    &lt;/div&gt;<span class=\"sf-dump-default sf-dump-ns\">\\n</span></span>
      <span class=sf-dump-str title=\"2181 characters\"><span class=\"sf-dump-default sf-dump-ns\">\\n</span></span>
      <span class=sf-dump-str title=\"2181 characters\">        &lt;!-- Password --&gt;<span class=\"sf-dump-default sf-dump-ns\">\\n</span></span>
      <span class=sf-dump-str title=\"2181 characters\">        &lt;div class=&quot;mt-4&quot;&gt;<span class=\"sf-dump-default sf-dump-ns\">\\n</span></span>
      <span class=sf-dump-str title=\"2181 characters\">            &lt;label class=&quot;block font-medium text-sm text-gray-700&quot; for=&quot;password&quot;&gt;<span class=\"sf-dump-default sf-dump-ns\">\\n</span></span>
      <span class=sf-dump-str title=\"2181 characters\">    Password<span class=\"sf-dump-default sf-dump-ns\">\\n</span></span>
      <span class=sf-dump-str title=\"2181 characters\">&lt;/label&gt;<span class=\"sf-dump-default sf-dump-ns\">\\n</span></span>
      <span class=sf-dump-str title=\"2181 characters\"><span class=\"sf-dump-default sf-dump-ns\">\\n</span></span>
      <span class=sf-dump-str title=\"2181 characters\">            &lt;input  class=&quot;border-gray-300 focus:border-indigo-500 focus:ring-indigo-500 rounded-md shadow-sm block mt-1 w-full&quot; id=&quot;password&quot; type=&quot;password&quot; name=&quot;password&quot; required=&quot;required&quot; autocomplete=&quot;current-password&quot;&gt;<span class=\"sf-dump-default sf-dump-ns\">\\n</span></span>
      <span class=sf-dump-str title=\"2181 characters\"><span class=\"sf-dump-default sf-dump-ns\">\\n</span></span>
      <span class=sf-dump-str title=\"2181 characters\">                    &lt;/div&gt;<span class=\"sf-dump-default sf-dump-ns\">\\n</span></span>
      <span class=sf-dump-str title=\"2181 characters\"><span class=\"sf-dump-default sf-dump-ns\">\\n</span></span>
      <span class=sf-dump-str title=\"2181 characters\">        &lt;!-- Remember Me --&gt;<span class=\"sf-dump-default sf-dump-ns\">\\n</span></span>
      <span class=sf-dump-str title=\"2181 characters\">        &lt;div class=&quot;block mt-4&quot;&gt;<span class=\"sf-dump-default sf-dump-ns\">\\n</span></span>
      <span class=sf-dump-str title=\"2181 characters\">            &lt;label for=&quot;remember_me&quot; class=&quot;inline-flex items-center&quot;&gt;<span class=\"sf-dump-default sf-dump-ns\">\\n</span></span>
      <span class=sf-dump-str title=\"2181 characters\">                &lt;input id=&quot;remember_me&quot; type=&quot;checkbox&quot; class=&quot;rounded border-gray-300 text-indigo-600 shadow-sm focus:ring-indigo-500&quot; name=&quot;remember&quot;&gt;<span class=\"sf-dump-default sf-dump-ns\">\\n</span></span>
      <span class=sf-dump-str title=\"2181 characters\">                &lt;span class=&quot;ms-2 text-sm text-gray-600&quot;&gt;Remember me&lt;/span&gt;<span class=\"sf-dump-default sf-dump-ns\">\\n</span></span>
      <span class=sf-dump-str title=\"2181 characters\">            &lt;/label&gt;<span class=\"sf-dump-default sf-dump-ns\">\\n</span></span>
      <span class=sf-dump-str title=\"2181 characters\">        &lt;/div&gt;<span class=\"sf-dump-default sf-dump-ns\">\\n</span></span>
      <span class=sf-dump-str title=\"2181 characters\"><span class=\"sf-dump-default sf-dump-ns\">\\n</span></span>
      <span class=sf-dump-str title=\"2181 characters\">        &lt;div class=&quot;flex items-center justify-end mt-4&quot;&gt;<span class=\"sf-dump-default sf-dump-ns\">\\n</span></span>
      <span class=sf-dump-str title=\"2181 characters\">                            &lt;a class=&quot;underline text-sm text-gray-600 hover:text-gray-900 rounded-md focus:outline-none focus:ring-2 focus:ring-offset-2 focus:ring-indigo-500&quot; href=&quot;http://127.0.0.1:8000/forgot-password&quot;&gt;<span class=\"sf-dump-default sf-dump-ns\">\\n</span></span>
      <span class=sf-dump-str title=\"2181 characters\">                    Forgot your password?<span class=\"sf-dump-default sf-dump-ns\">\\n</span></span>
      <span class=sf-dump-str title=\"2181 characters\">                &lt;/a&gt;<span class=\"sf-dump-default sf-dump-ns\">\\n</span></span>
      <span class=sf-dump-str title=\"2181 characters\">            <span class=\"sf-dump-default sf-dump-ns\">\\n</span></span>
      <span class=sf-dump-str title=\"2181 characters\">            &lt;button type=&quot;submit&quot; class=&quot;inline-flex items-center px-4 py-2 bg-gray-800 border border-transparent rounded-md font-semibold text-xs text-white uppercase tracking-widest hover:bg-gray-700 focus:bg-gray-700 active:bg-gray-900 focus:outline-none focus:ring-2 focus:ring-indigo-500 focus:ring-offset-2 transition ease-in-out duration-150 ms-3&quot;&gt;<span class=\"sf-dump-default sf-dump-ns\">\\n</span></span>
      <span class=sf-dump-str title=\"2181 characters\">    Log in<span class=\"sf-dump-default sf-dump-ns\">\\n</span></span>
      <span class=sf-dump-str title=\"2181 characters\">&lt;/button&gt;<span class=\"sf-dump-default sf-dump-ns\">\\n</span></span>
      <span class=sf-dump-str title=\"2181 characters\">        &lt;/div&gt;<span class=\"sf-dump-default sf-dump-ns\">\\n</span></span>
      <span class=sf-dump-str title=\"2181 characters\">    &lt;/form&gt;</span>
      \"\"\"
  </samp>}
</samp>]
</pre><script>Sfdump(\"sf-dump-692862766\", {\"maxDepth\":3,\"maxStringLength\":160})</script>
"}},"exception":"[object] (Spatie\\LaravelIgnition\\Exceptions\\ViewException(code: 0): Vite manifest not found at: D:\\Smart Damage Assessment System\\backend\\public\\build/manifest.json at D:\\Smart Damage Assessment System\\backend\\vendor\\laravel\\framework\\src\\Illuminate\\Foundation\\Vite.php:934)
[stacktrace]
#0 D:\\Smart Damage Assessment System\\backend\\vendor\\laravel\\framework\\src\\Illuminate\\Foundation\\Vite.php(384): Illuminate\\Foundation\\Vite->manifest('build')
#1 D:\\Smart Damage Assessment System\\backend\\resources\\views\\layouts\\guest.blade.php(15): Illuminate\\Foundation\\Vite->__invoke(Object(Illuminate\\Support\\Collection))
#2 D:\\Smart Damage Assessment System\\backend\\vendor\\laravel\\framework\\src\\Illuminate\\Filesystem\\Filesystem.php(123): require('D:\\\\Smart Damage...')
#3 D:\\Smart Damage Assessment System\\backend\\vendor\\laravel\\framework\\src\\Illuminate\\Filesystem\\Filesystem.php(124): Illuminate\\Filesystem\\Filesystem::Illuminate\\Filesystem\\{closure}()
#4 D:\\Smart Damage Assessment System\\backend\\vendor\\laravel\\framework\\src\\Illuminate\\View\\Engines\\PhpEngine.php(58): Illuminate\\Filesystem\\Filesystem->getRequire('D:\\\\Smart Damage...', Array)
#5 D:\\Smart Damage Assessment System\\backend\\vendor\\laravel\\framework\\src\\Illuminate\\View\\Engines\\CompilerEngine.php(75): Illuminate\\View\\Engines\\PhpEngine->evaluatePath('D:\\\\Smart Damage...', Array)
#6 D:\\Smart Damage Assessment System\\backend\\vendor\\laravel\\framework\\src\\Illuminate\\View\\View.php(209): Illuminate\\View\\Engines\\CompilerEngine->get('D:\\\\Smart Damage...', Array)
#7 D:\\Smart Damage Assessment System\\backend\\vendor\\laravel\\framework\\src\\Illuminate\\View\\View.php(192): Illuminate\\View\\View->getContents()
#8 D:\\Smart Damage Assessment System\\backend\\vendor\\laravel\\framework\\src\\Illuminate\\View\\View.php(161): Illuminate\\View\\View->renderContents()
#9 D:\\Smart Damage Assessment System\\backend\\vendor\\laravel\\framework\\src\\Illuminate\\View\\Concerns\\ManagesComponents.php(99): Illuminate\\View\\View->render()
#10 D:\\Smart Damage Assessment System\\backend\\resources\\views\\auth\\login.blade.php(43): Illuminate\\View\\Factory->renderComponent()
#11 D:\\Smart Damage Assessment System\\backend\\vendor\\laravel\\framework\\src\\Illuminate\\Filesystem\\Filesystem.php(123): require('D:\\\\Smart Damage...')
#12 D:\\Smart Damage Assessment System\\backend\\vendor\\laravel\\framework\\src\\Illuminate\\Filesystem\\Filesystem.php(124): Illuminate\\Filesystem\\Filesystem::Illuminate\\Filesystem\\{closure}()
#13 D:\\Smart Damage Assessment System\\backend\\vendor\\laravel\\framework\\src\\Illuminate\\View\\Engines\\PhpEngine.php(58): Illuminate\\Filesystem\\Filesystem->getRequire('D:\\\\Smart Damage...', Array)
#14 D:\\Smart Damage Assessment System\\backend\\vendor\\laravel\\framework\\src\\Illuminate\\View\\Engines\\CompilerEngine.php(75): Illuminate\\View\\Engines\\PhpEngine->evaluatePath('D:\\\\Smart Damage...', Array)
#15 D:\\Smart Damage Assessment System\\backend\\vendor\\laravel\\framework\\src\\Illuminate\\View\\View.php(209): Illuminate\\View\\Engines\\CompilerEngine->get('D:\\\\Smart Damage...', Array)
#16 D:\\Smart Damage Assessment System\\backend\\vendor\\laravel\\framework\\src\\Illuminate\\View\\View.php(192): Illuminate\\View\\View->getContents()
#17 D:\\Smart Damage Assessment System\\backend\\vendor\\laravel\\framework\\src\\Illuminate\\View\\View.php(161): Illuminate\\View\\View->renderContents()
#18 D:\\Smart Damage Assessment System\\backend\\vendor\\laravel\\framework\\src\\Illuminate\\Http\\Response.php(79): Illuminate\\View\\View->render()
#19 D:\\Smart Damage Assessment System\\backend\\vendor\\laravel\\framework\\src\\Illuminate\\Http\\Response.php(35): Illuminate\\Http\\Response->setContent(Object(Illuminate\\View\\View))
#20 D:\\Smart Damage Assessment System\\backend\\vendor\\laravel\\framework\\src\\Illuminate\\Routing\\Router.php(920): Illuminate\\Http\\Response->__construct(Object(Illuminate\\View\\View), 200, Array)
#21 D:\\Smart Damage Assessment System\\backend\\vendor\\laravel\\framework\\src\\Illuminate\\Routing\\Router.php(887): Illuminate\\Routing\\Router::toResponse(Object(Illuminate\\Http\\Request), Object(Illuminate\\View\\View))
#22 D:\\Smart Damage Assessment System\\backend\\vendor\\laravel\\framework\\src\\Illuminate\\Routing\\Router.php(807): Illuminate\\Routing\\Router->prepareResponse(Object(Illuminate\\Http\\Request), Object(Illuminate\\View\\View))
#23 D:\\Smart Damage Assessment System\\backend\\vendor\\laravel\\framework\\src\\Illuminate\\Pipeline\\Pipeline.php(170): Illuminate\\Routing\\Router->Illuminate\\Routing\\{closure}(Object(Illuminate\\Http\\Request))
#24 D:\\Smart Damage Assessment System\\backend\\vendor\\laravel\\framework\\src\\Illuminate\\Auth\\Middleware\\RedirectIfAuthenticated.php(35): Illuminate\\Pipeline\\Pipeline->Illuminate\\Pipeline\\{closure}(Object(Illuminate\\Http\\Request))
#25 D:\\Smart Damage Assessment System\\backend\\vendor\\laravel\\framework\\src\\Illuminate\\Pipeline\\Pipeline.php(209): Illuminate\\Auth\\Middleware\\RedirectIfAuthenticated->handle(Object(Illuminate\\Http\\Request), Object(Closure))
#26 D:\\Smart Damage Assessment System\\backend\\vendor\\laravel\\framework\\src\\Illuminate\\Routing\\Middleware\\SubstituteBindings.php(51): Illuminate\\Pipeline\\Pipeline->Illuminate\\Pipeline\\{closure}(Object(Illuminate\\Http\\Request))
#27 D:\\Smart Damage Assessment System\\backend\\vendor\\laravel\\framework\\src\\Illuminate\\Pipeline\\Pipeline.php(209): Illuminate\\Routing\\Middleware\\SubstituteBindings->handle(Object(Illuminate\\Http\\Request), Object(Closure))
#28 D:\\Smart Damage Assessment System\\backend\\vendor\\laravel\\framework\\src\\Illuminate\\Foundation\\Http\\Middleware\\VerifyCsrfToken.php(88): Illuminate\\Pipeline\\Pipeline->Illuminate\\Pipeline\\{closure}(Object(Illuminate\\Http\\Request))
#29 D:\\Smart Damage Assessment System\\backend\\vendor\\laravel\\framework\\src\\Illuminate\\Pipeline\\Pipeline.php(209): Illuminate\\Foundation\\Http\\Middleware\\VerifyCsrfToken->handle(Object(Illuminate\\Http\\Request), Object(Closure))
#30 D:\\Smart Damage Assessment System\\backend\\vendor\\laravel\\framework\\src\\Illuminate\\View\\Middleware\\ShareErrorsFromSession.php(49): Illuminate\\Pipeline\\Pipeline->Illuminate\\Pipeline\\{closure}(Object(Illuminate\\Http\\Request))
#31 D:\\Smart Damage Assessment System\\backend\\vendor\\laravel\\framework\\src\\Illuminate\\Pipeline\\Pipeline.php(209): Illuminate\\View\\Middleware\\ShareErrorsFromSession->handle(Object(Illuminate\\Http\\Request), Object(Closure))
#32 D:\\Smart Damage Assessment System\\backend\\vendor\\laravel\\framework\\src\\Illuminate\\Session\\Middleware\\StartSession.php(121): Illuminate\\Pipeline\\Pipeline->Illuminate\\Pipeline\\{closure}(Object(Illuminate\\Http\\Request))
#33 D:\\Smart Damage Assessment System\\backend\\vendor\\laravel\\framework\\src\\Illuminate\\Session\\Middleware\\StartSession.php(64): Illuminate\\Session\\Middleware\\StartSession->handleStatefulRequest(Object(Illuminate\\Http\\Request), Object(Illuminate\\Session\\Store), Object(Closure))
#34 D:\\Smart Damage Assessment System\\backend\\vendor\\laravel\\framework\\src\\Illuminate\\Pipeline\\Pipeline.php(209): Illuminate\\Session\\Middleware\\StartSession->handle(Object(Illuminate\\Http\\Request), Object(Closure))
#35 D:\\Smart Damage Assessment System\\backend\\vendor\\laravel\\framework\\src\\Illuminate\\Cookie\\Middleware\\AddQueuedCookiesToResponse.php(37): Illuminate\\Pipeline\\Pipeline->Illuminate\\Pipeline\\{closure}(Object(Illuminate\\Http\\Request))
#36 D:\\Smart Damage Assessment System\\backend\\vendor\\laravel\\framework\\src\\Illuminate\\Pipeline\\Pipeline.php(209): Illuminate\\Cookie\\Middleware\\AddQueuedCookiesToResponse->handle(Object(Illuminate\\Http\\Request), Object(Closure))
#37 D:\\Smart Damage Assessment System\\backend\\vendor\\laravel\\framework\\src\\Illuminate\\Cookie\\Middleware\\EncryptCookies.php(75): Illuminate\\Pipeline\\Pipeline->Illuminate\\Pipeline\\{closure}(Object(Illuminate\\Http\\Request))
#38 D:\\Smart Damage Assessment System\\backend\\vendor\\laravel\\framework\\src\\Illuminate\\Pipeline\\Pipeline.php(209): Illuminate\\Cookie\\Middleware\\EncryptCookies->handle(Object(Illuminate\\Http\\Request), Object(Closure))
#39 D:\\Smart Damage Assessment System\\backend\\vendor\\laravel\\framework\\src\\Illuminate\\Pipeline\\Pipeline.php(127): Illuminate\\Pipeline\\Pipeline->Illuminate\\Pipeline\\{closure}(Object(Illuminate\\Http\\Request))
#40 D:\\Smart Damage Assessment System\\backend\\vendor\\laravel\\framework\\src\\Illuminate\\Routing\\Router.php(807): Illuminate\\Pipeline\\Pipeline->then(Object(Closure))
#41 D:\\Smart Damage Assessment System\\backend\\vendor\\laravel\\framework\\src\\Illuminate\\Routing\\Router.php(786): Illuminate\\Routing\\Router->runRouteWithinStack(Object(Illuminate\\Routing\\Route), Object(Illuminate\\Http\\Request))
#42 D:\\Smart Damage Assessment System\\backend\\vendor\\laravel\\framework\\src\\Illuminate\\Routing\\Router.php(750): Illuminate\\Routing\\Router->runRoute(Object(Illuminate\\Http\\Request), Object(Illuminate\\Routing\\Route))
#43 D:\\Smart Damage Assessment System\\backend\\vendor\\laravel\\framework\\src\\Illuminate\\Routing\\Router.php(739): Illuminate\\Routing\\Router->dispatchToRoute(Object(Illuminate\\Http\\Request))
#44 D:\\Smart Damage Assessment System\\backend\\vendor\\laravel\\framework\\src\\Illuminate\\Foundation\\Http\\Kernel.php(201): Illuminate\\Routing\\Router->dispatch(Object(Illuminate\\Http\\Request))
#45 D:\\Smart Damage Assessment System\\backend\\vendor\\laravel\\framework\\src\\Illuminate\\Pipeline\\Pipeline.php(170): Illuminate\\Foundation\\Http\\Kernel->Illuminate\\Foundation\\Http\\{closure}(Object(Illuminate\\Http\\Request))
#46 D:\\Smart Damage Assessment System\\backend\\vendor\\laravel\\framework\\src\\Illuminate\\Foundation\\Http\\Middleware\\TransformsRequest.php(21): Illuminate\\Pipeline\\Pipeline->Illuminate\\Pipeline\\{closure}(Object(Illuminate\\Http\\Request))
#47 D:\\Smart Damage Assessment System\\backend\\vendor\\laravel\\framework\\src\\Illuminate\\Foundation\\Http\\Middleware\\ConvertEmptyStringsToNull.php(31): Illuminate\\Foundation\\Http\\Middleware\\TransformsRequest->handle(Object(Illuminate\\Http\\Request), Object(Closure))
#48 D:\\Smart Damage Assessment System\\backend\\vendor\\laravel\\framework\\src\\Illuminate\\Pipeline\\Pipeline.php(209): Illuminate\\Foundation\\Http\\Middleware\\ConvertEmptyStringsToNull->handle(Object(Illuminate\\Http\\Request), Object(Closure))
#49 D:\\Smart Damage Assessment System\\backend\\vendor\\laravel\\framework\\src\\Illuminate\\Foundation\\Http\\Middleware\\TransformsRequest.php(21): Illuminate\\Pipeline\\Pipeline->Illuminate\\Pipeline\\{closure}(Object(Illuminate\\Http\\Request))
#50 D:\\Smart Damage Assessment System\\backend\\vendor\\laravel\\framework\\src\\Illuminate\\Foundation\\Http\\Middleware\\TrimStrings.php(51): Illuminate\\Foundation\\Http\\Middleware\\TransformsRequest->handle(Object(Illuminate\\Http\\Request), Object(Closure))
#51 D:\\Smart Damage Assessment System\\backend\\vendor\\laravel\\framework\\src\\Illuminate\\Pipeline\\Pipeline.php(209): Illuminate\\Foundation\\Http\\Middleware\\TrimStrings->handle(Object(Illuminate\\Http\\Request), Object(Closure))
#52 D:\\Smart Damage Assessment System\\backend\\vendor\\laravel\\framework\\src\\Illuminate\\Http\\Middleware\\ValidatePostSize.php(27): Illuminate\\Pipeline\\Pipeline->Illuminate\\Pipeline\\{closure}(Object(Illuminate\\Http\\Request))
#53 D:\\Smart Damage Assessment System\\backend\\vendor\\laravel\\framework\\src\\Illuminate\\Pipeline\\Pipeline.php(209): Illuminate\\Http\\Middleware\\ValidatePostSize->handle(Object(Illuminate\\Http\\Request), Object(Closure))
#54 D:\\Smart Damage Assessment System\\backend\\vendor\\laravel\\framework\\src\\Illuminate\\Foundation\\Http\\Middleware\\PreventRequestsDuringMaintenance.php(110): Illuminate\\Pipeline\\Pipeline->Illuminate\\Pipeline\\{closure}(Object(Illuminate\\Http\\Request))
#55 D:\\Smart Damage Assessment System\\backend\\vendor\\laravel\\framework\\src\\Illuminate\\Pipeline\\Pipeline.php(209): Illuminate\\Foundation\\Http\\Middleware\\PreventRequestsDuringMaintenance->handle(Object(Illuminate\\Http\\Request), Object(Closure))
#56 D:\\Smart Damage Assessment System\\backend\\vendor\\laravel\\framework\\src\\Illuminate\\Http\\Middleware\\HandleCors.php(49): Illuminate\\Pipeline\\Pipeline->Illuminate\\Pipeline\\{closure}(Object(Illuminate\\Http\\Request))
#57 D:\\Smart Damage Assessment System\\backend\\vendor\\laravel\\framework\\src\\Illuminate\\Pipeline\\Pipeline.php(209): Illuminate\\Http\\Middleware\\HandleCors->handle(Object(Illuminate\\Http\\Request), Object(Closure))
#58 D:\\Smart Damage Assessment System\\backend\\vendor\\laravel\\framework\\src\\Illuminate\\Http\\Middleware\\TrustProxies.php(58): Illuminate\\Pipeline\\Pipeline->Illuminate\\Pipeline\\{closure}(Object(Illuminate\\Http\\Request))
#59 D:\\Smart Damage Assessment System\\backend\\vendor\\laravel\\framework\\src\\Illuminate\\Pipeline\\Pipeline.php(209): Illuminate\\Http\\Middleware\\TrustProxies->handle(Object(Illuminate\\Http\\Request), Object(Closure))
#60 D:\\Smart Damage Assessment System\\backend\\vendor\\laravel\\framework\\src\\Illuminate\\Foundation\\Http\\Middleware\\InvokeDeferredCallbacks.php(22): Illuminate\\Pipeline\\Pipeline->Illuminate\\Pipeline\\{closure}(Object(Illuminate\\Http\\Request))
#61 D:\\Smart Damage Assessment System\\backend\\vendor\\laravel\\framework\\src\\Illuminate\\Pipeline\\Pipeline.php(209): Illuminate\\Foundation\\Http\\Middleware\\InvokeDeferredCallbacks->handle(Object(Illuminate\\Http\\Request), Object(Closure))
#62 D:\\Smart Damage Assessment System\\backend\\vendor\\laravel\\framework\\src\\Illuminate\\Pipeline\\Pipeline.php(127): Illuminate\\Pipeline\\Pipeline->Illuminate\\Pipeline\\{closure}(Object(Illuminate\\Http\\Request))
#63 D:\\Smart Damage Assessment System\\backend\\vendor\\laravel\\framework\\src\\Illuminate\\Foundation\\Http\\Kernel.php(176): Illuminate\\Pipeline\\Pipeline->then(Object(Closure))
#64 D:\\Smart Damage Assessment System\\backend\\vendor\\laravel\\framework\\src\\Illuminate\\Foundation\\Http\\Kernel.php(145): Illuminate\\Foundation\\Http\\Kernel->sendRequestThroughRouter(Object(Illuminate\\Http\\Request))
#65 D:\\Smart Damage Assessment System\\backend\\public\\index.php(17): Illuminate\\Foundation\\Http\\Kernel->handle(Object(Illuminate\\Http\\Request))
#66 D:\\Smart Damage Assessment System\\backend\\vendor\\laravel\\framework\\src\\Illuminate\\Foundation\\resources\\server.php(23): require_once('D:\\\\Smart Damage...')
#67 {main}

[previous exception] [object] (Illuminate\\Foundation\\ViteManifestNotFoundException(code: 0): Vite manifest not found at: D:\\Smart Damage Assessment System\\backend\\public\\build/manifest.json at D:\\Smart Damage Assessment System\\backend\\vendor\\laravel\\framework\\src\\Illuminate\\Foundation\\Vite.php:934)
[stacktrace]
#0 D:\\Smart Damage Assessment System\\backend\\vendor\\laravel\\framework\\src\\Illuminate\\Foundation\\Vite.php(384): Illuminate\\Foundation\\Vite->manifest('build')
#1 D:\\Smart Damage Assessment System\\backend\\storage\\framework\\views\\c320730eb078dce540e05fd9c925a68d.php(15): Illuminate\\Foundation\\Vite->__invoke(Object(Illuminate\\Support\\Collection))
#2 D:\\Smart Damage Assessment System\\backend\\vendor\\laravel\\framework\\src\\Illuminate\\Filesystem\\Filesystem.php(123): require('D:\\\\Smart Damage...')
#3 D:\\Smart Damage Assessment System\\backend\\vendor\\laravel\\framework\\src\\Illuminate\\Filesystem\\Filesystem.php(124): Illuminate\\Filesystem\\Filesystem::Illuminate\\Filesystem\\{closure}()
#4 D:\\Smart Damage Assessment System\\backend\\vendor\\laravel\\framework\\src\\Illuminate\\View\\Engines\\PhpEngine.php(58): Illuminate\\Filesystem\\Filesystem->getRequire('D:\\\\Smart Damage...', Array)
#5 D:\\Smart Damage Assessment System\\backend\\vendor\\laravel\\framework\\src\\Illuminate\\View\\Engines\\CompilerEngine.php(75): Illuminate\\View\\Engines\\PhpEngine->evaluatePath('D:\\\\Smart Damage...', Array)
#6 D:\\Smart Damage Assessment System\\backend\\vendor\\laravel\\framework\\src\\Illuminate\\View\\View.php(209): Illuminate\\View\\Engines\\CompilerEngine->get('D:\\\\Smart Damage...', Array)
#7 D:\\Smart Damage Assessment System\\backend\\vendor\\laravel\\framework\\src\\Illuminate\\View\\View.php(192): Illuminate\\View\\View->getContents()
#8 D:\\Smart Damage Assessment System\\backend\\vendor\\laravel\\framework\\src\\Illuminate\\View\\View.php(161): Illuminate\\View\\View->renderContents()
#9 D:\\Smart Damage Assessment System\\backend\\vendor\\laravel\\framework\\src\\Illuminate\\View\\Concerns\\ManagesComponents.php(99): Illuminate\\View\\View->render()
#10 D:\\Smart Damage Assessment System\\backend\\storage\\framework\\views\\2a8efb755bf7d3704738e97b22826f29.php(206): Illuminate\\View\\Factory->renderComponent()
#11 D:\\Smart Damage Assessment System\\backend\\vendor\\laravel\\framework\\src\\Illuminate\\Filesystem\\Filesystem.php(123): require('D:\\\\Smart Damage...')
#12 D:\\Smart Damage Assessment System\\backend\\vendor\\laravel\\framework\\src\\Illuminate\\Filesystem\\Filesystem.php(124): Illuminate\\Filesystem\\Filesystem::Illuminate\\Filesystem\\{closure}()
#13 D:\\Smart Damage Assessment System\\backend\\vendor\\laravel\\framework\\src\\Illuminate\\View\\Engines\\PhpEngine.php(58): Illuminate\\Filesystem\\Filesystem->getRequire('D:\\\\Smart Damage...', Array)
#14 D:\\Smart Damage Assessment System\\backend\\vendor\\laravel\\framework\\src\\Illuminate\\View\\Engines\\CompilerEngine.php(75): Illuminate\\View\\Engines\\PhpEngine->evaluatePath('D:\\\\Smart Damage...', Array)
#15 D:\\Smart Damage Assessment System\\backend\\vendor\\laravel\\framework\\src\\Illuminate\\View\\View.php(209): Illuminate\\View\\Engines\\CompilerEngine->get('D:\\\\Smart Damage...', Array)
#16 D:\\Smart Damage Assessment System\\backend\\vendor\\laravel\\framework\\src\\Illuminate\\View\\View.php(192): Illuminate\\View\\View->getContents()
#17 D:\\Smart Damage Assessment System\\backend\\vendor\\laravel\\framework\\src\\Illuminate\\View\\View.php(161): Illuminate\\View\\View->renderContents()
#18 D:\\Smart Damage Assessment System\\backend\\vendor\\laravel\\framework\\src\\Illuminate\\Http\\Response.php(79): Illuminate\\View\\View->render()
#19 D:\\Smart Damage Assessment System\\backend\\vendor\\laravel\\framework\\src\\Illuminate\\Http\\Response.php(35): Illuminate\\Http\\Response->setContent(Object(Illuminate\\View\\View))
#20 D:\\Smart Damage Assessment System\\backend\\vendor\\laravel\\framework\\src\\Illuminate\\Routing\\Router.php(920): Illuminate\\Http\\Response->__construct(Object(Illuminate\\View\\View), 200, Array)
#21 D:\\Smart Damage Assessment System\\backend\\vendor\\laravel\\framework\\src\\Illuminate\\Routing\\Router.php(887): Illuminate\\Routing\\Router::toResponse(Object(Illuminate\\Http\\Request), Object(Illuminate\\View\\View))
#22 D:\\Smart Damage Assessment System\\backend\\vendor\\laravel\\framework\\src\\Illuminate\\Routing\\Router.php(807): Illuminate\\Routing\\Router->prepareResponse(Object(Illuminate\\Http\\Request), Object(Illuminate\\View\\View))
#23 D:\\Smart Damage Assessment System\\backend\\vendor\\laravel\\framework\\src\\Illuminate\\Pipeline\\Pipeline.php(170): Illuminate\\Routing\\Router->Illuminate\\Routing\\{closure}(Object(Illuminate\\Http\\Request))
#24 D:\\Smart Damage Assessment System\\backend\\vendor\\laravel\\framework\\src\\Illuminate\\Auth\\Middleware\\RedirectIfAuthenticated.php(35): Illuminate\\Pipeline\\Pipeline->Illuminate\\Pipeline\\{closure}(Object(Illuminate\\Http\\Request))
#25 D:\\Smart Damage Assessment System\\backend\\vendor\\laravel\\framework\\src\\Illuminate\\Pipeline\\Pipeline.php(209): Illuminate\\Auth\\Middleware\\RedirectIfAuthenticated->handle(Object(Illuminate\\Http\\Request), Object(Closure))
#26 D:\\Smart Damage Assessment System\\backend\\vendor\\laravel\\framework\\src\\Illuminate\\Routing\\Middleware\\SubstituteBindings.php(51): Illuminate\\Pipeline\\Pipeline->Illuminate\\Pipeline\\{closure}(Object(Illuminate\\Http\\Request))
#27 D:\\Smart Damage Assessment System\\backend\\vendor\\laravel\\framework\\src\\Illuminate\\Pipeline\\Pipeline.php(209): Illuminate\\Routing\\Middleware\\SubstituteBindings->handle(Object(Illuminate\\Http\\Request), Object(Closure))
#28 D:\\Smart Damage Assessment System\\backend\\vendor\\laravel\\framework\\src\\Illuminate\\Foundation\\Http\\Middleware\\VerifyCsrfToken.php(88): Illuminate\\Pipeline\\Pipeline->Illuminate\\Pipeline\\{closure}(Object(Illuminate\\Http\\Request))
#29 D:\\Smart Damage Assessment System\\backend\\vendor\\laravel\\framework\\src\\Illuminate\\Pipeline\\Pipeline.php(209): Illuminate\\Foundation\\Http\\Middleware\\VerifyCsrfToken->handle(Object(Illuminate\\Http\\Request), Object(Closure))
#30 D:\\Smart Damage Assessment System\\backend\\vendor\\laravel\\framework\\src\\Illuminate\\View\\Middleware\\ShareErrorsFromSession.php(49): Illuminate\\Pipeline\\Pipeline->Illuminate\\Pipeline\\{closure}(Object(Illuminate\\Http\\Request))
#31 D:\\Smart Damage Assessment System\\backend\\vendor\\laravel\\framework\\src\\Illuminate\\Pipeline\\Pipeline.php(209): Illuminate\\View\\Middleware\\ShareErrorsFromSession->handle(Object(Illuminate\\Http\\Request), Object(Closure))
#32 D:\\Smart Damage Assessment System\\backend\\vendor\\laravel\\framework\\src\\Illuminate\\Session\\Middleware\\StartSession.php(121): Illuminate\\Pipeline\\Pipeline->Illuminate\\Pipeline\\{closure}(Object(Illuminate\\Http\\Request))
#33 D:\\Smart Damage Assessment System\\backend\\vendor\\laravel\\framework\\src\\Illuminate\\Session\\Middleware\\StartSession.php(64): Illuminate\\Session\\Middleware\\StartSession->handleStatefulRequest(Object(Illuminate\\Http\\Request), Object(Illuminate\\Session\\Store), Object(Closure))
#34 D:\\Smart Damage Assessment System\\backend\\vendor\\laravel\\framework\\src\\Illuminate\\Pipeline\\Pipeline.php(209): Illuminate\\Session\\Middleware\\StartSession->handle(Object(Illuminate\\Http\\Request), Object(Closure))
#35 D:\\Smart Damage Assessment System\\backend\\vendor\\laravel\\framework\\src\\Illuminate\\Cookie\\Middleware\\AddQueuedCookiesToResponse.php(37): Illuminate\\Pipeline\\Pipeline->Illuminate\\Pipeline\\{closure}(Object(Illuminate\\Http\\Request))
#36 D:\\Smart Damage Assessment System\\backend\\vendor\\laravel\\framework\\src\\Illuminate\\Pipeline\\Pipeline.php(209): Illuminate\\Cookie\\Middleware\\AddQueuedCookiesToResponse->handle(Object(Illuminate\\Http\\Request), Object(Closure))
#37 D:\\Smart Damage Assessment System\\backend\\vendor\\laravel\\framework\\src\\Illuminate\\Cookie\\Middleware\\EncryptCookies.php(75): Illuminate\\Pipeline\\Pipeline->Illuminate\\Pipeline\\{closure}(Object(Illuminate\\Http\\Request))
#38 D:\\Smart Damage Assessment System\\backend\\vendor\\laravel\\framework\\src\\Illuminate\\Pipeline\\Pipeline.php(209): Illuminate\\Cookie\\Middleware\\EncryptCookies->handle(Object(Illuminate\\Http\\Request), Object(Closure))
#39 D:\\Smart Damage Assessment System\\backend\\vendor\\laravel\\framework\\src\\Illuminate\\Pipeline\\Pipeline.php(127): Illuminate\\Pipeline\\Pipeline->Illuminate\\Pipeline\\{closure}(Object(Illuminate\\Http\\Request))
#40 D:\\Smart Damage Assessment System\\backend\\vendor\\laravel\\framework\\src\\Illuminate\\Routing\\Router.php(807): Illuminate\\Pipeline\\Pipeline->then(Object(Closure))
#41 D:\\Smart Damage Assessment System\\backend\\vendor\\laravel\\framework\\src\\Illuminate\\Routing\\Router.php(786): Illuminate\\Routing\\Router->runRouteWithinStack(Object(Illuminate\\Routing\\Route), Object(Illuminate\\Http\\Request))
#42 D:\\Smart Damage Assessment System\\backend\\vendor\\laravel\\framework\\src\\Illuminate\\Routing\\Router.php(750): Illuminate\\Routing\\Router->runRoute(Object(Illuminate\\Http\\Request), Object(Illuminate\\Routing\\Route))
#43 D:\\Smart Damage Assessment System\\backend\\vendor\\laravel\\framework\\src\\Illuminate\\Routing\\Router.php(739): Illuminate\\Routing\\Router->dispatchToRoute(Object(Illuminate\\Http\\Request))
#44 D:\\Smart Damage Assessment System\\backend\\vendor\\laravel\\framework\\src\\Illuminate\\Foundation\\Http\\Kernel.php(201): Illuminate\\Routing\\Router->dispatch(Object(Illuminate\\Http\\Request))
#45 D:\\Smart Damage Assessment System\\backend\\vendor\\laravel\\framework\\src\\Illuminate\\Pipeline\\Pipeline.php(170): Illuminate\\Foundation\\Http\\Kernel->Illuminate\\Foundation\\Http\\{closure}(Object(Illuminate\\Http\\Request))
#46 D:\\Smart Damage Assessment System\\backend\\vendor\\laravel\\framework\\src\\Illuminate\\Foundation\\Http\\Middleware\\TransformsRequest.php(21): Illuminate\\Pipeline\\Pipeline->Illuminate\\Pipeline\\{closure}(Object(Illuminate\\Http\\Request))
#47 D:\\Smart Damage Assessment System\\backend\\vendor\\laravel\\framework\\src\\Illuminate\\Foundation\\Http\\Middleware\\ConvertEmptyStringsToNull.php(31): Illuminate\\Foundation\\Http\\Middleware\\TransformsRequest->handle(Object(Illuminate\\Http\\Request), Object(Closure))
#48 D:\\Smart Damage Assessment System\\backend\\vendor\\laravel\\framework\\src\\Illuminate\\Pipeline\\Pipeline.php(209): Illuminate\\Foundation\\Http\\Middleware\\ConvertEmptyStringsToNull->handle(Object(Illuminate\\Http\\Request), Object(Closure))
#49 D:\\Smart Damage Assessment System\\backend\\vendor\\laravel\\framework\\src\\Illuminate\\Foundation\\Http\\Middleware\\TransformsRequest.php(21): Illuminate\\Pipeline\\Pipeline->Illuminate\\Pipeline\\{closure}(Object(Illuminate\\Http\\Request))
#50 D:\\Smart Damage Assessment System\\backend\\vendor\\laravel\\framework\\src\\Illuminate\\Foundation\\Http\\Middleware\\TrimStrings.php(51): Illuminate\\Foundation\\Http\\Middleware\\TransformsRequest->handle(Object(Illuminate\\Http\\Request), Object(Closure))
#51 D:\\Smart Damage Assessment System\\backend\\vendor\\laravel\\framework\\src\\Illuminate\\Pipeline\\Pipeline.php(209): Illuminate\\Foundation\\Http\\Middleware\\TrimStrings->handle(Object(Illuminate\\Http\\Request), Object(Closure))
#52 D:\\Smart Damage Assessment System\\backend\\vendor\\laravel\\framework\\src\\Illuminate\\Http\\Middleware\\ValidatePostSize.php(27): Illuminate\\Pipeline\\Pipeline->Illuminate\\Pipeline\\{closure}(Object(Illuminate\\Http\\Request))
#53 D:\\Smart Damage Assessment System\\backend\\vendor\\laravel\\framework\\src\\Illuminate\\Pipeline\\Pipeline.php(209): Illuminate\\Http\\Middleware\\ValidatePostSize->handle(Object(Illuminate\\Http\\Request), Object(Closure))
#54 D:\\Smart Damage Assessment System\\backend\\vendor\\laravel\\framework\\src\\Illuminate\\Foundation\\Http\\Middleware\\PreventRequestsDuringMaintenance.php(110): Illuminate\\Pipeline\\Pipeline->Illuminate\\Pipeline\\{closure}(Object(Illuminate\\Http\\Request))
#55 D:\\Smart Damage Assessment System\\backend\\vendor\\laravel\\framework\\src\\Illuminate\\Pipeline\\Pipeline.php(209): Illuminate\\Foundation\\Http\\Middleware\\PreventRequestsDuringMaintenance->handle(Object(Illuminate\\Http\\Request), Object(Closure))
#56 D:\\Smart Damage Assessment System\\backend\\vendor\\laravel\\framework\\src\\Illuminate\\Http\\Middleware\\HandleCors.php(49): Illuminate\\Pipeline\\Pipeline->Illuminate\\Pipeline\\{closure}(Object(Illuminate\\Http\\Request))
#57 D:\\Smart Damage Assessment System\\backend\\vendor\\laravel\\framework\\src\\Illuminate\\Pipeline\\Pipeline.php(209): Illuminate\\Http\\Middleware\\HandleCors->handle(Object(Illuminate\\Http\\Request), Object(Closure))
#58 D:\\Smart Damage Assessment System\\backend\\vendor\\laravel\\framework\\src\\Illuminate\\Http\\Middleware\\TrustProxies.php(58): Illuminate\\Pipeline\\Pipeline->Illuminate\\Pipeline\\{closure}(Object(Illuminate\\Http\\Request))
#59 D:\\Smart Damage Assessment System\\backend\\vendor\\laravel\\framework\\src\\Illuminate\\Pipeline\\Pipeline.php(209): Illuminate\\Http\\Middleware\\TrustProxies->handle(Object(Illuminate\\Http\\Request), Object(Closure))
#60 D:\\Smart Damage Assessment System\\backend\\vendor\\laravel\\framework\\src\\Illuminate\\Foundation\\Http\\Middleware\\InvokeDeferredCallbacks.php(22): Illuminate\\Pipeline\\Pipeline->Illuminate\\Pipeline\\{closure}(Object(Illuminate\\Http\\Request))
#61 D:\\Smart Damage Assessment System\\backend\\vendor\\laravel\\framework\\src\\Illuminate\\Pipeline\\Pipeline.php(209): Illuminate\\Foundation\\Http\\Middleware\\InvokeDeferredCallbacks->handle(Object(Illuminate\\Http\\Request), Object(Closure))
#62 D:\\Smart Damage Assessment System\\backend\\vendor\\laravel\\framework\\src\\Illuminate\\Pipeline\\Pipeline.php(127): Illuminate\\Pipeline\\Pipeline->Illuminate\\Pipeline\\{closure}(Object(Illuminate\\Http\\Request))
#63 D:\\Smart Damage Assessment System\\backend\\vendor\\laravel\\framework\\src\\Illuminate\\Foundation\\Http\\Kernel.php(176): Illuminate\\Pipeline\\Pipeline->then(Object(Closure))
#64 D:\\Smart Damage Assessment System\\backend\\vendor\\laravel\\framework\\src\\Illuminate\\Foundation\\Http\\Kernel.php(145): Illuminate\\Foundation\\Http\\Kernel->sendRequestThroughRouter(Object(Illuminate\\Http\\Request))
#65 D:\\Smart Damage Assessment System\\backend\\public\\index.php(17): Illuminate\\Foundation\\Http\\Kernel->handle(Object(Illuminate\\Http\\Request))
#66 D:\\Smart Damage Assessment System\\backend\\vendor\\laravel\\framework\\src\\Illuminate\\Foundation\\resources\\server.php(23): require_once('D:\\\\Smart Damage...')
#67 {main}
"} 
[2026-01-15 13:41:47] local.ERROR: Vite manifest not found at: D:\Smart Damage Assessment System\backend\public\build/manifest.json {"view":{"view":"D:\\Smart Damage Assessment System\\backend\\resources\\views\\layouts\\guest.blade.php","data":{"errors":"<pre class=sf-dump id=sf-dump-1078198385 data-indent-pad=\"  \"><span class=sf-dump-note>Illuminate\\Support\\ViewErrorBag</span> {<a class=sf-dump-ref>#359</a><samp data-depth=1 class=sf-dump-expanded>
  #<span class=sf-dump-protected title=\"Protected property\">bags</span>: []
</samp>}
</pre><script>Sfdump(\"sf-dump-1078198385\", {\"maxDepth\":3,\"maxStringLength\":160})</script>
","componentName":"<pre class=sf-dump id=sf-dump-1037117362 data-indent-pad=\"  \">\"<span class=sf-dump-str title=\"12 characters\">guest-layout</span>\"
</pre><script>Sfdump(\"sf-dump-1037117362\", {\"maxDepth\":3,\"maxStringLength\":160})</script>
","attributes":"<pre class=sf-dump id=sf-dump-1854340548 data-indent-pad=\"  \"><span class=sf-dump-note>Illuminate\\View\\ComponentAttributeBag</span> {<a class=sf-dump-ref>#383</a><samp data-depth=1 class=sf-dump-expanded>
  #<span class=sf-dump-protected title=\"Protected property\">attributes</span>: []
</samp>}
</pre><script>Sfdump(\"sf-dump-1854340548\", {\"maxDepth\":3,\"maxStringLength\":160})</script>
","ignoredParameterNames":"<pre class=sf-dump id=sf-dump-511487345 data-indent-pad=\"  \"><span class=sf-dump-note>Illuminate\\View\\InvokableComponentVariable</span> {<a class=sf-dump-ref>#397</a><samp data-depth=1 class=sf-dump-expanded>
  #<span class=sf-dump-protected title=\"Protected property\">callable</span>: <span class=sf-dump-note>Closure()</span> {<a class=sf-dump-ref>#396</a><samp data-depth=2 class=sf-dump-compact>
    <span class=sf-dump-meta>class</span>: \"<span class=\"sf-dump-str sf-dump-ellipsization\" title=\"App\\View\\Components\\GuestLayout
31 characters\"><span class=\"sf-dump-ellipsis sf-dump-ellipsis-class\">App\\View\\Components</span><span class=\"sf-dump-ellipsis sf-dump-ellipsis-class\">\\</span><span class=\"sf-dump-ellipsis-tail\">GuestLayout</span></span>\"
    <span class=sf-dump-meta>this</span>: <span class=\"sf-dump-note sf-dump-ellipsization\" title=\"App\\View\\Components\\GuestLayout
\"><span class=\"sf-dump-ellipsis sf-dump-ellipsis-note\">App\\View\\Components</span><span class=\"sf-dump-ellipsis sf-dump-ellipsis-note\">\\</span><span class=\"sf-dump-ellipsis-tail\">GuestLayout</span></span> {<a class=sf-dump-ref>#381</a> &#8230;}
    <span class=sf-dump-meta>use</span>: {<samp data-depth=3 class=sf-dump-compact>
      <span class=sf-dump-meta>$method</span>: \"<span class=sf-dump-str title=\"21 characters\">ignoredParameterNames</span>\"
    </samp>}
    <span class=sf-dump-meta>file</span>: \"<span class=\"sf-dump-str sf-dump-ellipsization\" title=\"D:\\Smart Damage Assessment System\\backend\\vendor\\laravel\\framework\\src\\Illuminate\\View\\Component.php
100 characters\"><span class=\"sf-dump-ellipsis sf-dump-ellipsis-path\">D:\\Smart Damage Assessment System\\backend\\vendor</span><span class=\"sf-dump-ellipsis sf-dump-ellipsis-path\">\\laravel\\framework\\</span><span class=\"sf-dump-ellipsis-tail\">src\\Illuminate\\View\\Component.php</span></span>\"
    <span class=sf-dump-meta>line</span>: \"<span class=sf-dump-str title=\"10 characters\">303 to 305</span>\"
  </samp>}
</samp>}
</pre><script>Sfdump(\"sf-dump-511487345\", {\"maxDepth\":3,\"maxStringLength\":160})</script>
","slot":"<pre class=sf-dump id=sf-dump-1555089235 data-indent-pad=\"  \"><span class=sf-dump-note>Illuminate\\View\\ComponentSlot</span> {<a class=sf-dump-ref>#400</a><samp data-depth=1 class=sf-dump-expanded>
  +<span class=sf-dump-public title=\"Public property\">attributes</span>: <span class=\"sf-dump-note sf-dump-ellipsization\" title=\"Illuminate\\View\\ComponentAttributeBag
\"><span class=\"sf-dump-ellipsis sf-dump-ellipsis-note\">Illuminate\\View</span><span class=\"sf-dump-ellipsis sf-dump-ellipsis-note\">\\</span><span class=\"sf-dump-ellipsis-tail\">ComponentAttributeBag</span></span> {<a class=sf-dump-ref>#384</a><samp data-depth=2 class=sf-dump-compact>
    #<span class=sf-dump-protected title=\"Protected property\">attributes</span>: []
  </samp>}
  #<span class=sf-dump-protected title=\"Protected property\">contents</span>: \"\"\"
    <span class=sf-dump-str title=\"2181 characters\">&lt;!-- Session Status --&gt;<span class=\"sf-dump-default sf-dump-ns\">\\n</span></span>
    <span class=sf-dump-str title=\"2181 characters\">    <span class=\"sf-dump-default sf-dump-ns\">\\n</span></span>
    <span class=sf-dump-str title=\"2181 characters\">    &lt;form method=&quot;POST&quot; action=&quot;http://127.0.0.1:8000/login&quot;&gt;<span class=\"sf-dump-default sf-dump-ns\">\\n</span></span>
    <span class=sf-dump-str title=\"2181 characters\">        &lt;input type=&quot;hidden&quot; name=&quot;_token&quot; value=&quot;z08OTBlhptgTEbgCU5nxNU5I6rOtrTVvVIR1DzvT&quot; autocomplete=&quot;off&quot;&gt;<span class=\"sf-dump-default sf-dump-ns\">\\n</span></span>
    <span class=sf-dump-str title=\"2181 characters\">        &lt;!-- Email Address --&gt;<span class=\"sf-dump-default sf-dump-ns\">\\n</span></span>
    <span class=sf-dump-str title=\"2181 characters\">        &lt;div&gt;<span class=\"sf-dump-default sf-dump-ns\">\\n</span></span>
    <span class=sf-dump-str title=\"2181 characters\">            &lt;label class=&quot;block font-medium text-sm text-gray-700&quot; for=&quot;email&quot;&gt;<span class=\"sf-dump-default sf-dump-ns\">\\n</span></span>
    <span class=sf-dump-str title=\"2181 characters\">    Email<span class=\"sf-dump-default sf-dump-ns\">\\n</span></span>
    <span class=sf-dump-str title=\"2181 characters\">&lt;/label&gt;<span class=\"sf-dump-default sf-dump-ns\">\\n</span></span>
    <span class=sf-dump-str title=\"2181 characters\">            &lt;input  class=&quot;border-gray-300 focus:border-indigo-500 focus:ring-indigo-500 rounded-md shadow-sm block mt-1 w-full&quot; id=&quot;email&quot; type=&quot;email&quot; name=&quot;email&quot; required=&quot;required&quot; autofocus=&quot;autofocus&quot; autocomplete=&quot;username&quot;&gt;<span class=\"sf-dump-default sf-dump-ns\">\\n</span></span>
    <span class=sf-dump-str title=\"2181 characters\">                    &lt;/div&gt;<span class=\"sf-dump-default sf-dump-ns\">\\n</span></span>
    <span class=sf-dump-str title=\"2181 characters\"><span class=\"sf-dump-default sf-dump-ns\">\\n</span></span>
    <span class=sf-dump-str title=\"2181 characters\">        &lt;!-- Password --&gt;<span class=\"sf-dump-default sf-dump-ns\">\\n</span></span>
    <span class=sf-dump-str title=\"2181 characters\">        &lt;div class=&quot;mt-4&quot;&gt;<span class=\"sf-dump-default sf-dump-ns\">\\n</span></span>
    <span class=sf-dump-str title=\"2181 characters\">            &lt;label class=&quot;block font-medium text-sm text-gray-700&quot; for=&quot;password&quot;&gt;<span class=\"sf-dump-default sf-dump-ns\">\\n</span></span>
    <span class=sf-dump-str title=\"2181 characters\">    Password<span class=\"sf-dump-default sf-dump-ns\">\\n</span></span>
    <span class=sf-dump-str title=\"2181 characters\">&lt;/label&gt;<span class=\"sf-dump-default sf-dump-ns\">\\n</span></span>
    <span class=sf-dump-str title=\"2181 characters\"><span class=\"sf-dump-default sf-dump-ns\">\\n</span></span>
    <span class=sf-dump-str title=\"2181 characters\">            &lt;input  class=&quot;border-gray-300 focus:border-indigo-500 focus:ring-indigo-500 rounded-md shadow-sm block mt-1 w-full&quot; id=&quot;password&quot; type=&quot;password&quot; name=&quot;password&quot; required=&quot;required&quot; autocomplete=&quot;current-password&quot;&gt;<span class=\"sf-dump-default sf-dump-ns\">\\n</span></span>
    <span class=sf-dump-str title=\"2181 characters\"><span class=\"sf-dump-default sf-dump-ns\">\\n</span></span>
    <span class=sf-dump-str title=\"2181 characters\">                    &lt;/div&gt;<span class=\"sf-dump-default sf-dump-ns\">\\n</span></span>
    <span class=sf-dump-str title=\"2181 characters\"><span class=\"sf-dump-default sf-dump-ns\">\\n</span></span>
    <span class=sf-dump-str title=\"2181 characters\">        &lt;!-- Remember Me --&gt;<span class=\"sf-dump-default sf-dump-ns\">\\n</span></span>
    <span class=sf-dump-str title=\"2181 characters\">        &lt;div class=&quot;block mt-4&quot;&gt;<span class=\"sf-dump-default sf-dump-ns\">\\n</span></span>
    <span class=sf-dump-str title=\"2181 characters\">            &lt;label for=&quot;remember_me&quot; class=&quot;inline-flex items-center&quot;&gt;<span class=\"sf-dump-default sf-dump-ns\">\\n</span></span>
    <span class=sf-dump-str title=\"2181 characters\">                &lt;input id=&quot;remember_me&quot; type=&quot;checkbox&quot; class=&quot;rounded border-gray-300 text-indigo-600 shadow-sm focus:ring-indigo-500&quot; name=&quot;remember&quot;&gt;<span class=\"sf-dump-default sf-dump-ns\">\\n</span></span>
    <span class=sf-dump-str title=\"2181 characters\">                &lt;span class=&quot;ms-2 text-sm text-gray-600&quot;&gt;Remember me&lt;/span&gt;<span class=\"sf-dump-default sf-dump-ns\">\\n</span></span>
    <span class=sf-dump-str title=\"2181 characters\">            &lt;/label&gt;<span class=\"sf-dump-default sf-dump-ns\">\\n</span></span>
    <span class=sf-dump-str title=\"2181 characters\">        &lt;/div&gt;<span class=\"sf-dump-default sf-dump-ns\">\\n</span></span>
    <span class=sf-dump-str title=\"2181 characters\"><span class=\"sf-dump-default sf-dump-ns\">\\n</span></span>
    <span class=sf-dump-str title=\"2181 characters\">        &lt;div class=&quot;flex items-center justify-end mt-4&quot;&gt;<span class=\"sf-dump-default sf-dump-ns\">\\n</span></span>
    <span class=sf-dump-str title=\"2181 characters\">                            &lt;a class=&quot;underline text-sm text-gray-600 hover:text-gray-900 rounded-md focus:outline-none focus:ring-2 focus:ring-offset-2 focus:ring-indigo-500&quot; href=&quot;http://127.0.0.1:8000/forgot-password&quot;&gt;<span class=\"sf-dump-default sf-dump-ns\">\\n</span></span>
    <span class=sf-dump-str title=\"2181 characters\">                    Forgot your password?<span class=\"sf-dump-default sf-dump-ns\">\\n</span></span>
    <span class=sf-dump-str title=\"2181 characters\">                &lt;/a&gt;<span class=\"sf-dump-default sf-dump-ns\">\\n</span></span>
    <span class=sf-dump-str title=\"2181 characters\">            <span class=\"sf-dump-default sf-dump-ns\">\\n</span></span>
    <span class=sf-dump-str title=\"2181 characters\">            &lt;button type=&quot;submit&quot; class=&quot;inline-flex items-center px-4 py-2 bg-gray-800 border border-transparent rounded-md font-semibold text-xs text-white uppercase tracking-widest hover:bg-gray-700 focus:bg-gray-700 active:bg-gray-900 focus:outline-none focus:ring-2 focus:ring-indigo-500 focus:ring-offset-2 transition ease-in-out duration-150 ms-3&quot;&gt;<span class=\"sf-dump-default sf-dump-ns\">\\n</span></span>
    <span class=sf-dump-str title=\"2181 characters\">    Log in<span class=\"sf-dump-default sf-dump-ns\">\\n</span></span>
    <span class=sf-dump-str title=\"2181 characters\">&lt;/button&gt;<span class=\"sf-dump-default sf-dump-ns\">\\n</span></span>
    <span class=sf-dump-str title=\"2181 characters\">        &lt;/div&gt;<span class=\"sf-dump-default sf-dump-ns\">\\n</span></span>
    <span class=sf-dump-str title=\"2181 characters\">    &lt;/form&gt;</span>
    \"\"\"
</samp>}
</pre><script>Sfdump(\"sf-dump-1555089235\", {\"maxDepth\":3,\"maxStringLength\":160})</script>
","__laravel_slots":"<pre class=sf-dump id=sf-dump-755961106 data-indent-pad=\"  \"><span class=sf-dump-note>array:1</span> [<samp data-depth=1 class=sf-dump-expanded>
  \"<span class=sf-dump-key>__default</span>\" => <span class=\"sf-dump-note sf-dump-ellipsization\" title=\"Illuminate\\View\\ComponentSlot
\"><span class=\"sf-dump-ellipsis sf-dump-ellipsis-note\">Illuminate\\View</span><span class=\"sf-dump-ellipsis sf-dump-ellipsis-note\">\\</span><span class=\"sf-dump-ellipsis-tail\">ComponentSlot</span></span> {<a class=sf-dump-ref>#400</a><samp data-depth=2 class=sf-dump-compact>
    +<span class=sf-dump-public title=\"Public property\">attributes</span>: <span class=\"sf-dump-note sf-dump-ellipsization\" title=\"Illuminate\\View\\ComponentAttributeBag
\"><span class=\"sf-dump-ellipsis sf-dump-ellipsis-note\">Illuminate\\View</span><span class=\"sf-dump-ellipsis sf-dump-ellipsis-note\">\\</span><span class=\"sf-dump-ellipsis-tail\">ComponentAttributeBag</span></span> {<a class=sf-dump-ref>#384</a><samp data-depth=3 class=sf-dump-compact>
      #<span class=sf-dump-protected title=\"Protected property\">attributes</span>: []
    </samp>}
    #<span class=sf-dump-protected title=\"Protected property\">contents</span>: \"\"\"
      <span class=sf-dump-str title=\"2181 characters\">&lt;!-- Session Status --&gt;<span class=\"sf-dump-default sf-dump-ns\">\\n</span></span>
      <span class=sf-dump-str title=\"2181 characters\">    <span class=\"sf-dump-default sf-dump-ns\">\\n</span></span>
      <span class=sf-dump-str title=\"2181 characters\">    &lt;form method=&quot;POST&quot; action=&quot;http://127.0.0.1:8000/login&quot;&gt;<span class=\"sf-dump-default sf-dump-ns\">\\n</span></span>
      <span class=sf-dump-str title=\"2181 characters\">        &lt;input type=&quot;hidden&quot; name=&quot;_token&quot; value=&quot;z08OTBlhptgTEbgCU5nxNU5I6rOtrTVvVIR1DzvT&quot; autocomplete=&quot;off&quot;&gt;<span class=\"sf-dump-default sf-dump-ns\">\\n</span></span>
      <span class=sf-dump-str title=\"2181 characters\">        &lt;!-- Email Address --&gt;<span class=\"sf-dump-default sf-dump-ns\">\\n</span></span>
      <span class=sf-dump-str title=\"2181 characters\">        &lt;div&gt;<span class=\"sf-dump-default sf-dump-ns\">\\n</span></span>
      <span class=sf-dump-str title=\"2181 characters\">            &lt;label class=&quot;block font-medium text-sm text-gray-700&quot; for=&quot;email&quot;&gt;<span class=\"sf-dump-default sf-dump-ns\">\\n</span></span>
      <span class=sf-dump-str title=\"2181 characters\">    Email<span class=\"sf-dump-default sf-dump-ns\">\\n</span></span>
      <span class=sf-dump-str title=\"2181 characters\">&lt;/label&gt;<span class=\"sf-dump-default sf-dump-ns\">\\n</span></span>
      <span class=sf-dump-str title=\"2181 characters\">            &lt;input  class=&quot;border-gray-300 focus:border-indigo-500 focus:ring-indigo-500 rounded-md shadow-sm block mt-1 w-full&quot; id=&quot;email&quot; type=&quot;email&quot; name=&quot;email&quot; required=&quot;required&quot; autofocus=&quot;autofocus&quot; autocomplete=&quot;username&quot;&gt;<span class=\"sf-dump-default sf-dump-ns\">\\n</span></span>
      <span class=sf-dump-str title=\"2181 characters\">                    &lt;/div&gt;<span class=\"sf-dump-default sf-dump-ns\">\\n</span></span>
      <span class=sf-dump-str title=\"2181 characters\"><span class=\"sf-dump-default sf-dump-ns\">\\n</span></span>
      <span class=sf-dump-str title=\"2181 characters\">        &lt;!-- Password --&gt;<span class=\"sf-dump-default sf-dump-ns\">\\n</span></span>
      <span class=sf-dump-str title=\"2181 characters\">        &lt;div class=&quot;mt-4&quot;&gt;<span class=\"sf-dump-default sf-dump-ns\">\\n</span></span>
      <span class=sf-dump-str title=\"2181 characters\">            &lt;label class=&quot;block font-medium text-sm text-gray-700&quot; for=&quot;password&quot;&gt;<span class=\"sf-dump-default sf-dump-ns\">\\n</span></span>
      <span class=sf-dump-str title=\"2181 characters\">    Password<span class=\"sf-dump-default sf-dump-ns\">\\n</span></span>
      <span class=sf-dump-str title=\"2181 characters\">&lt;/label&gt;<span class=\"sf-dump-default sf-dump-ns\">\\n</span></span>
      <span class=sf-dump-str title=\"2181 characters\"><span class=\"sf-dump-default sf-dump-ns\">\\n</span></span>
      <span class=sf-dump-str title=\"2181 characters\">            &lt;input  class=&quot;border-gray-300 focus:border-indigo-500 focus:ring-indigo-500 rounded-md shadow-sm block mt-1 w-full&quot; id=&quot;password&quot; type=&quot;password&quot; name=&quot;password&quot; required=&quot;required&quot; autocomplete=&quot;current-password&quot;&gt;<span class=\"sf-dump-default sf-dump-ns\">\\n</span></span>
      <span class=sf-dump-str title=\"2181 characters\"><span class=\"sf-dump-default sf-dump-ns\">\\n</span></span>
      <span class=sf-dump-str title=\"2181 characters\">                    &lt;/div&gt;<span class=\"sf-dump-default sf-dump-ns\">\\n</span></span>
      <span class=sf-dump-str title=\"2181 characters\"><span class=\"sf-dump-default sf-dump-ns\">\\n</span></span>
      <span class=sf-dump-str title=\"2181 characters\">        &lt;!-- Remember Me --&gt;<span class=\"sf-dump-default sf-dump-ns\">\\n</span></span>
      <span class=sf-dump-str title=\"2181 characters\">        &lt;div class=&quot;block mt-4&quot;&gt;<span class=\"sf-dump-default sf-dump-ns\">\\n</span></span>
      <span class=sf-dump-str title=\"2181 characters\">            &lt;label for=&quot;remember_me&quot; class=&quot;inline-flex items-center&quot;&gt;<span class=\"sf-dump-default sf-dump-ns\">\\n</span></span>
      <span class=sf-dump-str title=\"2181 characters\">                &lt;input id=&quot;remember_me&quot; type=&quot;checkbox&quot; class=&quot;rounded border-gray-300 text-indigo-600 shadow-sm focus:ring-indigo-500&quot; name=&quot;remember&quot;&gt;<span class=\"sf-dump-default sf-dump-ns\">\\n</span></span>
      <span class=sf-dump-str title=\"2181 characters\">                &lt;span class=&quot;ms-2 text-sm text-gray-600&quot;&gt;Remember me&lt;/span&gt;<span class=\"sf-dump-default sf-dump-ns\">\\n</span></span>
      <span class=sf-dump-str title=\"2181 characters\">            &lt;/label&gt;<span class=\"sf-dump-default sf-dump-ns\">\\n</span></span>
      <span class=sf-dump-str title=\"2181 characters\">        &lt;/div&gt;<span class=\"sf-dump-default sf-dump-ns\">\\n</span></span>
      <span class=sf-dump-str title=\"2181 characters\"><span class=\"sf-dump-default sf-dump-ns\">\\n</span></span>
      <span class=sf-dump-str title=\"2181 characters\">        &lt;div class=&quot;flex items-center justify-end mt-4&quot;&gt;<span class=\"sf-dump-default sf-dump-ns\">\\n</span></span>
      <span class=sf-dump-str title=\"2181 characters\">                            &lt;a class=&quot;underline text-sm text-gray-600 hover:text-gray-900 rounded-md focus:outline-none focus:ring-2 focus:ring-offset-2 focus:ring-indigo-500&quot; href=&quot;http://127.0.0.1:8000/forgot-password&quot;&gt;<span class=\"sf-dump-default sf-dump-ns\">\\n</span></span>
      <span class=sf-dump-str title=\"2181 characters\">                    Forgot your password?<span class=\"sf-dump-default sf-dump-ns\">\\n</span></span>
      <span class=sf-dump-str title=\"2181 characters\">                &lt;/a&gt;<span class=\"sf-dump-default sf-dump-ns\">\\n</span></span>
      <span class=sf-dump-str title=\"2181 characters\">            <span class=\"sf-dump-default sf-dump-ns\">\\n</span></span>
      <span class=sf-dump-str title=\"2181 characters\">            &lt;button type=&quot;submit&quot; class=&quot;inline-flex items-center px-4 py-2 bg-gray-800 border border-transparent rounded-md font-semibold text-xs text-white uppercase tracking-widest hover:bg-gray-700 focus:bg-gray-700 active:bg-gray-900 focus:outline-none focus:ring-2 focus:ring-indigo-500 focus:ring-offset-2 transition ease-in-out duration-150 ms-3&quot;&gt;<span class=\"sf-dump-default sf-dump-ns\">\\n</span></span>
      <span class=sf-dump-str title=\"2181 characters\">    Log in<span class=\"sf-dump-default sf-dump-ns\">\\n</span></span>
      <span class=sf-dump-str title=\"2181 characters\">&lt;/button&gt;<span class=\"sf-dump-default sf-dump-ns\">\\n</span></span>
      <span class=sf-dump-str title=\"2181 characters\">        &lt;/div&gt;<span class=\"sf-dump-default sf-dump-ns\">\\n</span></span>
      <span class=sf-dump-str title=\"2181 characters\">    &lt;/form&gt;</span>
      \"\"\"
  </samp>}
</samp>]
</pre><script>Sfdump(\"sf-dump-755961106\", {\"maxDepth\":3,\"maxStringLength\":160})</script>
"}},"exception":"[object] (Spatie\\LaravelIgnition\\Exceptions\\ViewException(code: 0): Vite manifest not found at: D:\\Smart Damage Assessment System\\backend\\public\\build/manifest.json at D:\\Smart Damage Assessment System\\backend\\vendor\\laravel\\framework\\src\\Illuminate\\Foundation\\Vite.php:934)
[stacktrace]
#0 D:\\Smart Damage Assessment System\\backend\\vendor\\laravel\\framework\\src\\Illuminate\\Foundation\\Vite.php(384): Illuminate\\Foundation\\Vite->manifest('build')
#1 D:\\Smart Damage Assessment System\\backend\\resources\\views\\layouts\\guest.blade.php(15): Illuminate\\Foundation\\Vite->__invoke(Object(Illuminate\\Support\\Collection))
#2 D:\\Smart Damage Assessment System\\backend\\vendor\\laravel\\framework\\src\\Illuminate\\Filesystem\\Filesystem.php(123): require('D:\\\\Smart Damage...')
#3 D:\\Smart Damage Assessment System\\backend\\vendor\\laravel\\framework\\src\\Illuminate\\Filesystem\\Filesystem.php(124): Illuminate\\Filesystem\\Filesystem::Illuminate\\Filesystem\\{closure}()
#4 D:\\Smart Damage Assessment System\\backend\\vendor\\laravel\\framework\\src\\Illuminate\\View\\Engines\\PhpEngine.php(58): Illuminate\\Filesystem\\Filesystem->getRequire('D:\\\\Smart Damage...', Array)
#5 D:\\Smart Damage Assessment System\\backend\\vendor\\laravel\\framework\\src\\Illuminate\\View\\Engines\\CompilerEngine.php(75): Illuminate\\View\\Engines\\PhpEngine->evaluatePath('D:\\\\Smart Damage...', Array)
#6 D:\\Smart Damage Assessment System\\backend\\vendor\\laravel\\framework\\src\\Illuminate\\View\\View.php(209): Illuminate\\View\\Engines\\CompilerEngine->get('D:\\\\Smart Damage...', Array)
#7 D:\\Smart Damage Assessment System\\backend\\vendor\\laravel\\framework\\src\\Illuminate\\View\\View.php(192): Illuminate\\View\\View->getContents()
#8 D:\\Smart Damage Assessment System\\backend\\vendor\\laravel\\framework\\src\\Illuminate\\View\\View.php(161): Illuminate\\View\\View->renderContents()
#9 D:\\Smart Damage Assessment System\\backend\\vendor\\laravel\\framework\\src\\Illuminate\\View\\Concerns\\ManagesComponents.php(99): Illuminate\\View\\View->render()
#10 D:\\Smart Damage Assessment System\\backend\\resources\\views\\auth\\login.blade.php(43): Illuminate\\View\\Factory->renderComponent()
#11 D:\\Smart Damage Assessment System\\backend\\vendor\\laravel\\framework\\src\\Illuminate\\Filesystem\\Filesystem.php(123): require('D:\\\\Smart Damage...')
#12 D:\\Smart Damage Assessment System\\backend\\vendor\\laravel\\framework\\src\\Illuminate\\Filesystem\\Filesystem.php(124): Illuminate\\Filesystem\\Filesystem::Illuminate\\Filesystem\\{closure}()
#13 D:\\Smart Damage Assessment System\\backend\\vendor\\laravel\\framework\\src\\Illuminate\\View\\Engines\\PhpEngine.php(58): Illuminate\\Filesystem\\Filesystem->getRequire('D:\\\\Smart Damage...', Array)
#14 D:\\Smart Damage Assessment System\\backend\\vendor\\laravel\\framework\\src\\Illuminate\\View\\Engines\\CompilerEngine.php(75): Illuminate\\View\\Engines\\PhpEngine->evaluatePath('D:\\\\Smart Damage...', Array)
#15 D:\\Smart Damage Assessment System\\backend\\vendor\\laravel\\framework\\src\\Illuminate\\View\\View.php(209): Illuminate\\View\\Engines\\CompilerEngine->get('D:\\\\Smart Damage...', Array)
#16 D:\\Smart Damage Assessment System\\backend\\vendor\\laravel\\framework\\src\\Illuminate\\View\\View.php(192): Illuminate\\View\\View->getContents()
#17 D:\\Smart Damage Assessment System\\backend\\vendor\\laravel\\framework\\src\\Illuminate\\View\\View.php(161): Illuminate\\View\\View->renderContents()
#18 D:\\Smart Damage Assessment System\\backend\\vendor\\laravel\\framework\\src\\Illuminate\\Http\\Response.php(79): Illuminate\\View\\View->render()
#19 D:\\Smart Damage Assessment System\\backend\\vendor\\laravel\\framework\\src\\Illuminate\\Http\\Response.php(35): Illuminate\\Http\\Response->setContent(Object(Illuminate\\View\\View))
#20 D:\\Smart Damage Assessment System\\backend\\vendor\\laravel\\framework\\src\\Illuminate\\Routing\\Router.php(920): Illuminate\\Http\\Response->__construct(Object(Illuminate\\View\\View), 200, Array)
#21 D:\\Smart Damage Assessment System\\backend\\vendor\\laravel\\framework\\src\\Illuminate\\Routing\\Router.php(887): Illuminate\\Routing\\Router::toResponse(Object(Illuminate\\Http\\Request), Object(Illuminate\\View\\View))
#22 D:\\Smart Damage Assessment System\\backend\\vendor\\laravel\\framework\\src\\Illuminate\\Routing\\Router.php(807): Illuminate\\Routing\\Router->prepareResponse(Object(Illuminate\\Http\\Request), Object(Illuminate\\View\\View))
#23 D:\\Smart Damage Assessment System\\backend\\vendor\\laravel\\framework\\src\\Illuminate\\Pipeline\\Pipeline.php(170): Illuminate\\Routing\\Router->Illuminate\\Routing\\{closure}(Object(Illuminate\\Http\\Request))
#24 D:\\Smart Damage Assessment System\\backend\\vendor\\laravel\\framework\\src\\Illuminate\\Auth\\Middleware\\RedirectIfAuthenticated.php(35): Illuminate\\Pipeline\\Pipeline->Illuminate\\Pipeline\\{closure}(Object(Illuminate\\Http\\Request))
#25 D:\\Smart Damage Assessment System\\backend\\vendor\\laravel\\framework\\src\\Illuminate\\Pipeline\\Pipeline.php(209): Illuminate\\Auth\\Middleware\\RedirectIfAuthenticated->handle(Object(Illuminate\\Http\\Request), Object(Closure))
#26 D:\\Smart Damage Assessment System\\backend\\vendor\\laravel\\framework\\src\\Illuminate\\Routing\\Middleware\\SubstituteBindings.php(51): Illuminate\\Pipeline\\Pipeline->Illuminate\\Pipeline\\{closure}(Object(Illuminate\\Http\\Request))
#27 D:\\Smart Damage Assessment System\\backend\\vendor\\laravel\\framework\\src\\Illuminate\\Pipeline\\Pipeline.php(209): Illuminate\\Routing\\Middleware\\SubstituteBindings->handle(Object(Illuminate\\Http\\Request), Object(Closure))
#28 D:\\Smart Damage Assessment System\\backend\\vendor\\laravel\\framework\\src\\Illuminate\\Foundation\\Http\\Middleware\\VerifyCsrfToken.php(88): Illuminate\\Pipeline\\Pipeline->Illuminate\\Pipeline\\{closure}(Object(Illuminate\\Http\\Request))
#29 D:\\Smart Damage Assessment System\\backend\\vendor\\laravel\\framework\\src\\Illuminate\\Pipeline\\Pipeline.php(209): Illuminate\\Foundation\\Http\\Middleware\\VerifyCsrfToken->handle(Object(Illuminate\\Http\\Request), Object(Closure))
#30 D:\\Smart Damage Assessment System\\backend\\vendor\\laravel\\framework\\src\\Illuminate\\View\\Middleware\\ShareErrorsFromSession.php(49): Illuminate\\Pipeline\\Pipeline->Illuminate\\Pipeline\\{closure}(Object(Illuminate\\Http\\Request))
#31 D:\\Smart Damage Assessment System\\backend\\vendor\\laravel\\framework\\src\\Illuminate\\Pipeline\\Pipeline.php(209): Illuminate\\View\\Middleware\\ShareErrorsFromSession->handle(Object(Illuminate\\Http\\Request), Object(Closure))
#32 D:\\Smart Damage Assessment System\\backend\\vendor\\laravel\\framework\\src\\Illuminate\\Session\\Middleware\\StartSession.php(121): Illuminate\\Pipeline\\Pipeline->Illuminate\\Pipeline\\{closure}(Object(Illuminate\\Http\\Request))
#33 D:\\Smart Damage Assessment System\\backend\\vendor\\laravel\\framework\\src\\Illuminate\\Session\\Middleware\\StartSession.php(64): Illuminate\\Session\\Middleware\\StartSession->handleStatefulRequest(Object(Illuminate\\Http\\Request), Object(Illuminate\\Session\\Store), Object(Closure))
#34 D:\\Smart Damage Assessment System\\backend\\vendor\\laravel\\framework\\src\\Illuminate\\Pipeline\\Pipeline.php(209): Illuminate\\Session\\Middleware\\StartSession->handle(Object(Illuminate\\Http\\Request), Object(Closure))
#35 D:\\Smart Damage Assessment System\\backend\\vendor\\laravel\\framework\\src\\Illuminate\\Cookie\\Middleware\\AddQueuedCookiesToResponse.php(37): Illuminate\\Pipeline\\Pipeline->Illuminate\\Pipeline\\{closure}(Object(Illuminate\\Http\\Request))
#36 D:\\Smart Damage Assessment System\\backend\\vendor\\laravel\\framework\\src\\Illuminate\\Pipeline\\Pipeline.php(209): Illuminate\\Cookie\\Middleware\\AddQueuedCookiesToResponse->handle(Object(Illuminate\\Http\\Request), Object(Closure))
#37 D:\\Smart Damage Assessment System\\backend\\vendor\\laravel\\framework\\src\\Illuminate\\Cookie\\Middleware\\EncryptCookies.php(75): Illuminate\\Pipeline\\Pipeline->Illuminate\\Pipeline\\{closure}(Object(Illuminate\\Http\\Request))
#38 D:\\Smart Damage Assessment System\\backend\\vendor\\laravel\\framework\\src\\Illuminate\\Pipeline\\Pipeline.php(209): Illuminate\\Cookie\\Middleware\\EncryptCookies->handle(Object(Illuminate\\Http\\Request), Object(Closure))
#39 D:\\Smart Damage Assessment System\\backend\\vendor\\laravel\\framework\\src\\Illuminate\\Pipeline\\Pipeline.php(127): Illuminate\\Pipeline\\Pipeline->Illuminate\\Pipeline\\{closure}(Object(Illuminate\\Http\\Request))
#40 D:\\Smart Damage Assessment System\\backend\\vendor\\laravel\\framework\\src\\Illuminate\\Routing\\Router.php(807): Illuminate\\Pipeline\\Pipeline->then(Object(Closure))
#41 D:\\Smart Damage Assessment System\\backend\\vendor\\laravel\\framework\\src\\Illuminate\\Routing\\Router.php(786): Illuminate\\Routing\\Router->runRouteWithinStack(Object(Illuminate\\Routing\\Route), Object(Illuminate\\Http\\Request))
#42 D:\\Smart Damage Assessment System\\backend\\vendor\\laravel\\framework\\src\\Illuminate\\Routing\\Router.php(750): Illuminate\\Routing\\Router->runRoute(Object(Illuminate\\Http\\Request), Object(Illuminate\\Routing\\Route))
#43 D:\\Smart Damage Assessment System\\backend\\vendor\\laravel\\framework\\src\\Illuminate\\Routing\\Router.php(739): Illuminate\\Routing\\Router->dispatchToRoute(Object(Illuminate\\Http\\Request))
#44 D:\\Smart Damage Assessment System\\backend\\vendor\\laravel\\framework\\src\\Illuminate\\Foundation\\Http\\Kernel.php(201): Illuminate\\Routing\\Router->dispatch(Object(Illuminate\\Http\\Request))
#45 D:\\Smart Damage Assessment System\\backend\\vendor\\laravel\\framework\\src\\Illuminate\\Pipeline\\Pipeline.php(170): Illuminate\\Foundation\\Http\\Kernel->Illuminate\\Foundation\\Http\\{closure}(Object(Illuminate\\Http\\Request))
#46 D:\\Smart Damage Assessment System\\backend\\vendor\\laravel\\framework\\src\\Illuminate\\Foundation\\Http\\Middleware\\TransformsRequest.php(21): Illuminate\\Pipeline\\Pipeline->Illuminate\\Pipeline\\{closure}(Object(Illuminate\\Http\\Request))
#47 D:\\Smart Damage Assessment System\\backend\\vendor\\laravel\\framework\\src\\Illuminate\\Foundation\\Http\\Middleware\\ConvertEmptyStringsToNull.php(31): Illuminate\\Foundation\\Http\\Middleware\\TransformsRequest->handle(Object(Illuminate\\Http\\Request), Object(Closure))
#48 D:\\Smart Damage Assessment System\\backend\\vendor\\laravel\\framework\\src\\Illuminate\\Pipeline\\Pipeline.php(209): Illuminate\\Foundation\\Http\\Middleware\\ConvertEmptyStringsToNull->handle(Object(Illuminate\\Http\\Request), Object(Closure))
#49 D:\\Smart Damage Assessment System\\backend\\vendor\\laravel\\framework\\src\\Illuminate\\Foundation\\Http\\Middleware\\TransformsRequest.php(21): Illuminate\\Pipeline\\Pipeline->Illuminate\\Pipeline\\{closure}(Object(Illuminate\\Http\\Request))
#50 D:\\Smart Damage Assessment System\\backend\\vendor\\laravel\\framework\\src\\Illuminate\\Foundation\\Http\\Middleware\\TrimStrings.php(51): Illuminate\\Foundation\\Http\\Middleware\\TransformsRequest->handle(Object(Illuminate\\Http\\Request), Object(Closure))
#51 D:\\Smart Damage Assessment System\\backend\\vendor\\laravel\\framework\\src\\Illuminate\\Pipeline\\Pipeline.php(209): Illuminate\\Foundation\\Http\\Middleware\\TrimStrings->handle(Object(Illuminate\\Http\\Request), Object(Closure))
#52 D:\\Smart Damage Assessment System\\backend\\vendor\\laravel\\framework\\src\\Illuminate\\Http\\Middleware\\ValidatePostSize.php(27): Illuminate\\Pipeline\\Pipeline->Illuminate\\Pipeline\\{closure}(Object(Illuminate\\Http\\Request))
#53 D:\\Smart Damage Assessment System\\backend\\vendor\\laravel\\framework\\src\\Illuminate\\Pipeline\\Pipeline.php(209): Illuminate\\Http\\Middleware\\ValidatePostSize->handle(Object(Illuminate\\Http\\Request), Object(Closure))
#54 D:\\Smart Damage Assessment System\\backend\\vendor\\laravel\\framework\\src\\Illuminate\\Foundation\\Http\\Middleware\\PreventRequestsDuringMaintenance.php(110): Illuminate\\Pipeline\\Pipeline->Illuminate\\Pipeline\\{closure}(Object(Illuminate\\Http\\Request))
#55 D:\\Smart Damage Assessment System\\backend\\vendor\\laravel\\framework\\src\\Illuminate\\Pipeline\\Pipeline.php(209): Illuminate\\Foundation\\Http\\Middleware\\PreventRequestsDuringMaintenance->handle(Object(Illuminate\\Http\\Request), Object(Closure))
#56 D:\\Smart Damage Assessment System\\backend\\vendor\\laravel\\framework\\src\\Illuminate\\Http\\Middleware\\HandleCors.php(49): Illuminate\\Pipeline\\Pipeline->Illuminate\\Pipeline\\{closure}(Object(Illuminate\\Http\\Request))
#57 D:\\Smart Damage Assessment System\\backend\\vendor\\laravel\\framework\\src\\Illuminate\\Pipeline\\Pipeline.php(209): Illuminate\\Http\\Middleware\\HandleCors->handle(Object(Illuminate\\Http\\Request), Object(Closure))
#58 D:\\Smart Damage Assessment System\\backend\\vendor\\laravel\\framework\\src\\Illuminate\\Http\\Middleware\\TrustProxies.php(58): Illuminate\\Pipeline\\Pipeline->Illuminate\\Pipeline\\{closure}(Object(Illuminate\\Http\\Request))
#59 D:\\Smart Damage Assessment System\\backend\\vendor\\laravel\\framework\\src\\Illuminate\\Pipeline\\Pipeline.php(209): Illuminate\\Http\\Middleware\\TrustProxies->handle(Object(Illuminate\\Http\\Request), Object(Closure))
#60 D:\\Smart Damage Assessment System\\backend\\vendor\\laravel\\framework\\src\\Illuminate\\Foundation\\Http\\Middleware\\InvokeDeferredCallbacks.php(22): Illuminate\\Pipeline\\Pipeline->Illuminate\\Pipeline\\{closure}(Object(Illuminate\\Http\\Request))
#61 D:\\Smart Damage Assessment System\\backend\\vendor\\laravel\\framework\\src\\Illuminate\\Pipeline\\Pipeline.php(209): Illuminate\\Foundation\\Http\\Middleware\\InvokeDeferredCallbacks->handle(Object(Illuminate\\Http\\Request), Object(Closure))
#62 D:\\Smart Damage Assessment System\\backend\\vendor\\laravel\\framework\\src\\Illuminate\\Pipeline\\Pipeline.php(127): Illuminate\\Pipeline\\Pipeline->Illuminate\\Pipeline\\{closure}(Object(Illuminate\\Http\\Request))
#63 D:\\Smart Damage Assessment System\\backend\\vendor\\laravel\\framework\\src\\Illuminate\\Foundation\\Http\\Kernel.php(176): Illuminate\\Pipeline\\Pipeline->then(Object(Closure))
#64 D:\\Smart Damage Assessment System\\backend\\vendor\\laravel\\framework\\src\\Illuminate\\Foundation\\Http\\Kernel.php(145): Illuminate\\Foundation\\Http\\Kernel->sendRequestThroughRouter(Object(Illuminate\\Http\\Request))
#65 D:\\Smart Damage Assessment System\\backend\\public\\index.php(17): Illuminate\\Foundation\\Http\\Kernel->handle(Object(Illuminate\\Http\\Request))
#66 D:\\Smart Damage Assessment System\\backend\\vendor\\laravel\\framework\\src\\Illuminate\\Foundation\\resources\\server.php(23): require_once('D:\\\\Smart Damage...')
#67 {main}

[previous exception] [object] (Illuminate\\Foundation\\ViteManifestNotFoundException(code: 0): Vite manifest not found at: D:\\Smart Damage Assessment System\\backend\\public\\build/manifest.json at D:\\Smart Damage Assessment System\\backend\\vendor\\laravel\\framework\\src\\Illuminate\\Foundation\\Vite.php:934)
[stacktrace]
#0 D:\\Smart Damage Assessment System\\backend\\vendor\\laravel\\framework\\src\\Illuminate\\Foundation\\Vite.php(384): Illuminate\\Foundation\\Vite->manifest('build')
#1 D:\\Smart Damage Assessment System\\backend\\storage\\framework\\views\\c320730eb078dce540e05fd9c925a68d.php(15): Illuminate\\Foundation\\Vite->__invoke(Object(Illuminate\\Support\\Collection))
#2 D:\\Smart Damage Assessment System\\backend\\vendor\\laravel\\framework\\src\\Illuminate\\Filesystem\\Filesystem.php(123): require('D:\\\\Smart Damage...')
#3 D:\\Smart Damage Assessment System\\backend\\vendor\\laravel\\framework\\src\\Illuminate\\Filesystem\\Filesystem.php(124): Illuminate\\Filesystem\\Filesystem::Illuminate\\Filesystem\\{closure}()
#4 D:\\Smart Damage Assessment System\\backend\\vendor\\laravel\\framework\\src\\Illuminate\\View\\Engines\\PhpEngine.php(58): Illuminate\\Filesystem\\Filesystem->getRequire('D:\\\\Smart Damage...', Array)
#5 D:\\Smart Damage Assessment System\\backend\\vendor\\laravel\\framework\\src\\Illuminate\\View\\Engines\\CompilerEngine.php(75): Illuminate\\View\\Engines\\PhpEngine->evaluatePath('D:\\\\Smart Damage...', Array)
#6 D:\\Smart Damage Assessment System\\backend\\vendor\\laravel\\framework\\src\\Illuminate\\View\\View.php(209): Illuminate\\View\\Engines\\CompilerEngine->get('D:\\\\Smart Damage...', Array)
#7 D:\\Smart Damage Assessment System\\backend\\vendor\\laravel\\framework\\src\\Illuminate\\View\\View.php(192): Illuminate\\View\\View->getContents()
#8 D:\\Smart Damage Assessment System\\backend\\vendor\\laravel\\framework\\src\\Illuminate\\View\\View.php(161): Illuminate\\View\\View->renderContents()
#9 D:\\Smart Damage Assessment System\\backend\\vendor\\laravel\\framework\\src\\Illuminate\\View\\Concerns\\ManagesComponents.php(99): Illuminate\\View\\View->render()
#10 D:\\Smart Damage Assessment System\\backend\\storage\\framework\\views\\2a8efb755bf7d3704738e97b22826f29.php(206): Illuminate\\View\\Factory->renderComponent()
#11 D:\\Smart Damage Assessment System\\backend\\vendor\\laravel\\framework\\src\\Illuminate\\Filesystem\\Filesystem.php(123): require('D:\\\\Smart Damage...')
#12 D:\\Smart Damage Assessment System\\backend\\vendor\\laravel\\framework\\src\\Illuminate\\Filesystem\\Filesystem.php(124): Illuminate\\Filesystem\\Filesystem::Illuminate\\Filesystem\\{closure}()
#13 D:\\Smart Damage Assessment System\\backend\\vendor\\laravel\\framework\\src\\Illuminate\\View\\Engines\\PhpEngine.php(58): Illuminate\\Filesystem\\Filesystem->getRequire('D:\\\\Smart Damage...', Array)
#14 D:\\Smart Damage Assessment System\\backend\\vendor\\laravel\\framework\\src\\Illuminate\\View\\Engines\\CompilerEngine.php(75): Illuminate\\View\\Engines\\PhpEngine->evaluatePath('D:\\\\Smart Damage...', Array)
#15 D:\\Smart Damage Assessment System\\backend\\vendor\\laravel\\framework\\src\\Illuminate\\View\\View.php(209): Illuminate\\View\\Engines\\CompilerEngine->get('D:\\\\Smart Damage...', Array)
#16 D:\\Smart Damage Assessment System\\backend\\vendor\\laravel\\framework\\src\\Illuminate\\View\\View.php(192): Illuminate\\View\\View->getContents()
#17 D:\\Smart Damage Assessment System\\backend\\vendor\\laravel\\framework\\src\\Illuminate\\View\\View.php(161): Illuminate\\View\\View->renderContents()
#18 D:\\Smart Damage Assessment System\\backend\\vendor\\laravel\\framework\\src\\Illuminate\\Http\\Response.php(79): Illuminate\\View\\View->render()
#19 D:\\Smart Damage Assessment System\\backend\\vendor\\laravel\\framework\\src\\Illuminate\\Http\\Response.php(35): Illuminate\\Http\\Response->setContent(Object(Illuminate\\View\\View))
#20 D:\\Smart Damage Assessment System\\backend\\vendor\\laravel\\framework\\src\\Illuminate\\Routing\\Router.php(920): Illuminate\\Http\\Response->__construct(Object(Illuminate\\View\\View), 200, Array)
#21 D:\\Smart Damage Assessment System\\backend\\vendor\\laravel\\framework\\src\\Illuminate\\Routing\\Router.php(887): Illuminate\\Routing\\Router::toResponse(Object(Illuminate\\Http\\Request), Object(Illuminate\\View\\View))
#22 D:\\Smart Damage Assessment System\\backend\\vendor\\laravel\\framework\\src\\Illuminate\\Routing\\Router.php(807): Illuminate\\Routing\\Router->prepareResponse(Object(Illuminate\\Http\\Request), Object(Illuminate\\View\\View))
#23 D:\\Smart Damage Assessment System\\backend\\vendor\\laravel\\framework\\src\\Illuminate\\Pipeline\\Pipeline.php(170): Illuminate\\Routing\\Router->Illuminate\\Routing\\{closure}(Object(Illuminate\\Http\\Request))
#24 D:\\Smart Damage Assessment System\\backend\\vendor\\laravel\\framework\\src\\Illuminate\\Auth\\Middleware\\RedirectIfAuthenticated.php(35): Illuminate\\Pipeline\\Pipeline->Illuminate\\Pipeline\\{closure}(Object(Illuminate\\Http\\Request))
#25 D:\\Smart Damage Assessment System\\backend\\vendor\\laravel\\framework\\src\\Illuminate\\Pipeline\\Pipeline.php(209): Illuminate\\Auth\\Middleware\\RedirectIfAuthenticated->handle(Object(Illuminate\\Http\\Request), Object(Closure))
#26 D:\\Smart Damage Assessment System\\backend\\vendor\\laravel\\framework\\src\\Illuminate\\Routing\\Middleware\\SubstituteBindings.php(51): Illuminate\\Pipeline\\Pipeline->Illuminate\\Pipeline\\{closure}(Object(Illuminate\\Http\\Request))
#27 D:\\Smart Damage Assessment System\\backend\\vendor\\laravel\\framework\\src\\Illuminate\\Pipeline\\Pipeline.php(209): Illuminate\\Routing\\Middleware\\SubstituteBindings->handle(Object(Illuminate\\Http\\Request), Object(Closure))
#28 D:\\Smart Damage Assessment System\\backend\\vendor\\laravel\\framework\\src\\Illuminate\\Foundation\\Http\\Middleware\\VerifyCsrfToken.php(88): Illuminate\\Pipeline\\Pipeline->Illuminate\\Pipeline\\{closure}(Object(Illuminate\\Http\\Request))
#29 D:\\Smart Damage Assessment System\\backend\\vendor\\laravel\\framework\\src\\Illuminate\\Pipeline\\Pipeline.php(209): Illuminate\\Foundation\\Http\\Middleware\\VerifyCsrfToken->handle(Object(Illuminate\\Http\\Request), Object(Closure))
#30 D:\\Smart Damage Assessment System\\backend\\vendor\\laravel\\framework\\src\\Illuminate\\View\\Middleware\\ShareErrorsFromSession.php(49): Illuminate\\Pipeline\\Pipeline->Illuminate\\Pipeline\\{closure}(Object(Illuminate\\Http\\Request))
#31 D:\\Smart Damage Assessment System\\backend\\vendor\\laravel\\framework\\src\\Illuminate\\Pipeline\\Pipeline.php(209): Illuminate\\View\\Middleware\\ShareErrorsFromSession->handle(Object(Illuminate\\Http\\Request), Object(Closure))
#32 D:\\Smart Damage Assessment System\\backend\\vendor\\laravel\\framework\\src\\Illuminate\\Session\\Middleware\\StartSession.php(121): Illuminate\\Pipeline\\Pipeline->Illuminate\\Pipeline\\{closure}(Object(Illuminate\\Http\\Request))
#33 D:\\Smart Damage Assessment System\\backend\\vendor\\laravel\\framework\\src\\Illuminate\\Session\\Middleware\\StartSession.php(64): Illuminate\\Session\\Middleware\\StartSession->handleStatefulRequest(Object(Illuminate\\Http\\Request), Object(Illuminate\\Session\\Store), Object(Closure))
#34 D:\\Smart Damage Assessment System\\backend\\vendor\\laravel\\framework\\src\\Illuminate\\Pipeline\\Pipeline.php(209): Illuminate\\Session\\Middleware\\StartSession->handle(Object(Illuminate\\Http\\Request), Object(Closure))
#35 D:\\Smart Damage Assessment System\\backend\\vendor\\laravel\\framework\\src\\Illuminate\\Cookie\\Middleware\\AddQueuedCookiesToResponse.php(37): Illuminate\\Pipeline\\Pipeline->Illuminate\\Pipeline\\{closure}(Object(Illuminate\\Http\\Request))
#36 D:\\Smart Damage Assessment System\\backend\\vendor\\laravel\\framework\\src\\Illuminate\\Pipeline\\Pipeline.php(209): Illuminate\\Cookie\\Middleware\\AddQueuedCookiesToResponse->handle(Object(Illuminate\\Http\\Request), Object(Closure))
#37 D:\\Smart Damage Assessment System\\backend\\vendor\\laravel\\framework\\src\\Illuminate\\Cookie\\Middleware\\EncryptCookies.php(75): Illuminate\\Pipeline\\Pipeline->Illuminate\\Pipeline\\{closure}(Object(Illuminate\\Http\\Request))
#38 D:\\Smart Damage Assessment System\\backend\\vendor\\laravel\\framework\\src\\Illuminate\\Pipeline\\Pipeline.php(209): Illuminate\\Cookie\\Middleware\\EncryptCookies->handle(Object(Illuminate\\Http\\Request), Object(Closure))
#39 D:\\Smart Damage Assessment System\\backend\\vendor\\laravel\\framework\\src\\Illuminate\\Pipeline\\Pipeline.php(127): Illuminate\\Pipeline\\Pipeline->Illuminate\\Pipeline\\{closure}(Object(Illuminate\\Http\\Request))
#40 D:\\Smart Damage Assessment System\\backend\\vendor\\laravel\\framework\\src\\Illuminate\\Routing\\Router.php(807): Illuminate\\Pipeline\\Pipeline->then(Object(Closure))
#41 D:\\Smart Damage Assessment System\\backend\\vendor\\laravel\\framework\\src\\Illuminate\\Routing\\Router.php(786): Illuminate\\Routing\\Router->runRouteWithinStack(Object(Illuminate\\Routing\\Route), Object(Illuminate\\Http\\Request))
#42 D:\\Smart Damage Assessment System\\backend\\vendor\\laravel\\framework\\src\\Illuminate\\Routing\\Router.php(750): Illuminate\\Routing\\Router->runRoute(Object(Illuminate\\Http\\Request), Object(Illuminate\\Routing\\Route))
#43 D:\\Smart Damage Assessment System\\backend\\vendor\\laravel\\framework\\src\\Illuminate\\Routing\\Router.php(739): Illuminate\\Routing\\Router->dispatchToRoute(Object(Illuminate\\Http\\Request))
#44 D:\\Smart Damage Assessment System\\backend\\vendor\\laravel\\framework\\src\\Illuminate\\Foundation\\Http\\Kernel.php(201): Illuminate\\Routing\\Router->dispatch(Object(Illuminate\\Http\\Request))
#45 D:\\Smart Damage Assessment System\\backend\\vendor\\laravel\\framework\\src\\Illuminate\\Pipeline\\Pipeline.php(170): Illuminate\\Foundation\\Http\\Kernel->Illuminate\\Foundation\\Http\\{closure}(Object(Illuminate\\Http\\Request))
#46 D:\\Smart Damage Assessment System\\backend\\vendor\\laravel\\framework\\src\\Illuminate\\Foundation\\Http\\Middleware\\TransformsRequest.php(21): Illuminate\\Pipeline\\Pipeline->Illuminate\\Pipeline\\{closure}(Object(Illuminate\\Http\\Request))
#47 D:\\Smart Damage Assessment System\\backend\\vendor\\laravel\\framework\\src\\Illuminate\\Foundation\\Http\\Middleware\\ConvertEmptyStringsToNull.php(31): Illuminate\\Foundation\\Http\\Middleware\\TransformsRequest->handle(Object(Illuminate\\Http\\Request), Object(Closure))
#48 D:\\Smart Damage Assessment System\\backend\\vendor\\laravel\\framework\\src\\Illuminate\\Pipeline\\Pipeline.php(209): Illuminate\\Foundation\\Http\\Middleware\\ConvertEmptyStringsToNull->handle(Object(Illuminate\\Http\\Request), Object(Closure))
#49 D:\\Smart Damage Assessment System\\backend\\vendor\\laravel\\framework\\src\\Illuminate\\Foundation\\Http\\Middleware\\TransformsRequest.php(21): Illuminate\\Pipeline\\Pipeline->Illuminate\\Pipeline\\{closure}(Object(Illuminate\\Http\\Request))
#50 D:\\Smart Damage Assessment System\\backend\\vendor\\laravel\\framework\\src\\Illuminate\\Foundation\\Http\\Middleware\\TrimStrings.php(51): Illuminate\\Foundation\\Http\\Middleware\\TransformsRequest->handle(Object(Illuminate\\Http\\Request), Object(Closure))
#51 D:\\Smart Damage Assessment System\\backend\\vendor\\laravel\\framework\\src\\Illuminate\\Pipeline\\Pipeline.php(209): Illuminate\\Foundation\\Http\\Middleware\\TrimStrings->handle(Object(Illuminate\\Http\\Request), Object(Closure))
#52 D:\\Smart Damage Assessment System\\backend\\vendor\\laravel\\framework\\src\\Illuminate\\Http\\Middleware\\ValidatePostSize.php(27): Illuminate\\Pipeline\\Pipeline->Illuminate\\Pipeline\\{closure}(Object(Illuminate\\Http\\Request))
#53 D:\\Smart Damage Assessment System\\backend\\vendor\\laravel\\framework\\src\\Illuminate\\Pipeline\\Pipeline.php(209): Illuminate\\Http\\Middleware\\ValidatePostSize->handle(Object(Illuminate\\Http\\Request), Object(Closure))
#54 D:\\Smart Damage Assessment System\\backend\\vendor\\laravel\\framework\\src\\Illuminate\\Foundation\\Http\\Middleware\\PreventRequestsDuringMaintenance.php(110): Illuminate\\Pipeline\\Pipeline->Illuminate\\Pipeline\\{closure}(Object(Illuminate\\Http\\Request))
#55 D:\\Smart Damage Assessment System\\backend\\vendor\\laravel\\framework\\src\\Illuminate\\Pipeline\\Pipeline.php(209): Illuminate\\Foundation\\Http\\Middleware\\PreventRequestsDuringMaintenance->handle(Object(Illuminate\\Http\\Request), Object(Closure))
#56 D:\\Smart Damage Assessment System\\backend\\vendor\\laravel\\framework\\src\\Illuminate\\Http\\Middleware\\HandleCors.php(49): Illuminate\\Pipeline\\Pipeline->Illuminate\\Pipeline\\{closure}(Object(Illuminate\\Http\\Request))
#57 D:\\Smart Damage Assessment System\\backend\\vendor\\laravel\\framework\\src\\Illuminate\\Pipeline\\Pipeline.php(209): Illuminate\\Http\\Middleware\\HandleCors->handle(Object(Illuminate\\Http\\Request), Object(Closure))
#58 D:\\Smart Damage Assessment System\\backend\\vendor\\laravel\\framework\\src\\Illuminate\\Http\\Middleware\\TrustProxies.php(58): Illuminate\\Pipeline\\Pipeline->Illuminate\\Pipeline\\{closure}(Object(Illuminate\\Http\\Request))
#59 D:\\Smart Damage Assessment System\\backend\\vendor\\laravel\\framework\\src\\Illuminate\\Pipeline\\Pipeline.php(209): Illuminate\\Http\\Middleware\\TrustProxies->handle(Object(Illuminate\\Http\\Request), Object(Closure))
#60 D:\\Smart Damage Assessment System\\backend\\vendor\\laravel\\framework\\src\\Illuminate\\Foundation\\Http\\Middleware\\InvokeDeferredCallbacks.php(22): Illuminate\\Pipeline\\Pipeline->Illuminate\\Pipeline\\{closure}(Object(Illuminate\\Http\\Request))
#61 D:\\Smart Damage Assessment System\\backend\\vendor\\laravel\\framework\\src\\Illuminate\\Pipeline\\Pipeline.php(209): Illuminate\\Foundation\\Http\\Middleware\\InvokeDeferredCallbacks->handle(Object(Illuminate\\Http\\Request), Object(Closure))
#62 D:\\Smart Damage Assessment System\\backend\\vendor\\laravel\\framework\\src\\Illuminate\\Pipeline\\Pipeline.php(127): Illuminate\\Pipeline\\Pipeline->Illuminate\\Pipeline\\{closure}(Object(Illuminate\\Http\\Request))
#63 D:\\Smart Damage Assessment System\\backend\\vendor\\laravel\\framework\\src\\Illuminate\\Foundation\\Http\\Kernel.php(176): Illuminate\\Pipeline\\Pipeline->then(Object(Closure))
#64 D:\\Smart Damage Assessment System\\backend\\vendor\\laravel\\framework\\src\\Illuminate\\Foundation\\Http\\Kernel.php(145): Illuminate\\Foundation\\Http\\Kernel->sendRequestThroughRouter(Object(Illuminate\\Http\\Request))
#65 D:\\Smart Damage Assessment System\\backend\\public\\index.php(17): Illuminate\\Foundation\\Http\\Kernel->handle(Object(Illuminate\\Http\\Request))
#66 D:\\Smart Damage Assessment System\\backend\\vendor\\laravel\\framework\\src\\Illuminate\\Foundation\\resources\\server.php(23): require_once('D:\\\\Smart Damage...')
#67 {main}
"} 
[2026-01-15 13:43:34] local.ERROR: Vite manifest not found at: D:\Smart Damage Assessment System\backend\public\build/manifest.json {"view":{"view":"D:\\Smart Damage Assessment System\\backend\\resources\\views\\layouts\\guest.blade.php","data":{"errors":"<pre class=sf-dump id=sf-dump-1595454150 data-indent-pad=\"  \"><span class=sf-dump-note>Illuminate\\Support\\ViewErrorBag</span> {<a class=sf-dump-ref>#359</a><samp data-depth=1 class=sf-dump-expanded>
  #<span class=sf-dump-protected title=\"Protected property\">bags</span>: []
</samp>}
</pre><script>Sfdump(\"sf-dump-1595454150\", {\"maxDepth\":3,\"maxStringLength\":160})</script>
","componentName":"<pre class=sf-dump id=sf-dump-451176967 data-indent-pad=\"  \">\"<span class=sf-dump-str title=\"12 characters\">guest-layout</span>\"
</pre><script>Sfdump(\"sf-dump-451176967\", {\"maxDepth\":3,\"maxStringLength\":160})</script>
","attributes":"<pre class=sf-dump id=sf-dump-1909783753 data-indent-pad=\"  \"><span class=sf-dump-note>Illuminate\\View\\ComponentAttributeBag</span> {<a class=sf-dump-ref>#383</a><samp data-depth=1 class=sf-dump-expanded>
  #<span class=sf-dump-protected title=\"Protected property\">attributes</span>: []
</samp>}
</pre><script>Sfdump(\"sf-dump-1909783753\", {\"maxDepth\":3,\"maxStringLength\":160})</script>
","ignoredParameterNames":"<pre class=sf-dump id=sf-dump-373644835 data-indent-pad=\"  \"><span class=sf-dump-note>Illuminate\\View\\InvokableComponentVariable</span> {<a class=sf-dump-ref>#397</a><samp data-depth=1 class=sf-dump-expanded>
  #<span class=sf-dump-protected title=\"Protected property\">callable</span>: <span class=sf-dump-note>Closure()</span> {<a class=sf-dump-ref>#396</a><samp data-depth=2 class=sf-dump-compact>
    <span class=sf-dump-meta>class</span>: \"<span class=\"sf-dump-str sf-dump-ellipsization\" title=\"App\\View\\Components\\GuestLayout
31 characters\"><span class=\"sf-dump-ellipsis sf-dump-ellipsis-class\">App\\View\\Components</span><span class=\"sf-dump-ellipsis sf-dump-ellipsis-class\">\\</span><span class=\"sf-dump-ellipsis-tail\">GuestLayout</span></span>\"
    <span class=sf-dump-meta>this</span>: <span class=\"sf-dump-note sf-dump-ellipsization\" title=\"App\\View\\Components\\GuestLayout
\"><span class=\"sf-dump-ellipsis sf-dump-ellipsis-note\">App\\View\\Components</span><span class=\"sf-dump-ellipsis sf-dump-ellipsis-note\">\\</span><span class=\"sf-dump-ellipsis-tail\">GuestLayout</span></span> {<a class=sf-dump-ref>#381</a> &#8230;}
    <span class=sf-dump-meta>use</span>: {<samp data-depth=3 class=sf-dump-compact>
      <span class=sf-dump-meta>$method</span>: \"<span class=sf-dump-str title=\"21 characters\">ignoredParameterNames</span>\"
    </samp>}
    <span class=sf-dump-meta>file</span>: \"<span class=\"sf-dump-str sf-dump-ellipsization\" title=\"D:\\Smart Damage Assessment System\\backend\\vendor\\laravel\\framework\\src\\Illuminate\\View\\Component.php
100 characters\"><span class=\"sf-dump-ellipsis sf-dump-ellipsis-path\">D:\\Smart Damage Assessment System\\backend\\vendor</span><span class=\"sf-dump-ellipsis sf-dump-ellipsis-path\">\\laravel\\framework\\</span><span class=\"sf-dump-ellipsis-tail\">src\\Illuminate\\View\\Component.php</span></span>\"
    <span class=sf-dump-meta>line</span>: \"<span class=sf-dump-str title=\"10 characters\">303 to 305</span>\"
  </samp>}
</samp>}
</pre><script>Sfdump(\"sf-dump-373644835\", {\"maxDepth\":3,\"maxStringLength\":160})</script>
","slot":"<pre class=sf-dump id=sf-dump-1525647964 data-indent-pad=\"  \"><span class=sf-dump-note>Illuminate\\View\\ComponentSlot</span> {<a class=sf-dump-ref>#400</a><samp data-depth=1 class=sf-dump-expanded>
  +<span class=sf-dump-public title=\"Public property\">attributes</span>: <span class=\"sf-dump-note sf-dump-ellipsization\" title=\"Illuminate\\View\\ComponentAttributeBag
\"><span class=\"sf-dump-ellipsis sf-dump-ellipsis-note\">Illuminate\\View</span><span class=\"sf-dump-ellipsis sf-dump-ellipsis-note\">\\</span><span class=\"sf-dump-ellipsis-tail\">ComponentAttributeBag</span></span> {<a class=sf-dump-ref>#384</a><samp data-depth=2 class=sf-dump-compact>
    #<span class=sf-dump-protected title=\"Protected property\">attributes</span>: []
  </samp>}
  #<span class=sf-dump-protected title=\"Protected property\">contents</span>: \"\"\"
    <span class=sf-dump-str title=\"2181 characters\">&lt;!-- Session Status --&gt;<span class=\"sf-dump-default sf-dump-ns\">\\n</span></span>
    <span class=sf-dump-str title=\"2181 characters\">    <span class=\"sf-dump-default sf-dump-ns\">\\n</span></span>
    <span class=sf-dump-str title=\"2181 characters\">    &lt;form method=&quot;POST&quot; action=&quot;http://127.0.0.1:8000/login&quot;&gt;<span class=\"sf-dump-default sf-dump-ns\">\\n</span></span>
    <span class=sf-dump-str title=\"2181 characters\">        &lt;input type=&quot;hidden&quot; name=&quot;_token&quot; value=&quot;z08OTBlhptgTEbgCU5nxNU5I6rOtrTVvVIR1DzvT&quot; autocomplete=&quot;off&quot;&gt;<span class=\"sf-dump-default sf-dump-ns\">\\n</span></span>
    <span class=sf-dump-str title=\"2181 characters\">        &lt;!-- Email Address --&gt;<span class=\"sf-dump-default sf-dump-ns\">\\n</span></span>
    <span class=sf-dump-str title=\"2181 characters\">        &lt;div&gt;<span class=\"sf-dump-default sf-dump-ns\">\\n</span></span>
    <span class=sf-dump-str title=\"2181 characters\">            &lt;label class=&quot;block font-medium text-sm text-gray-700&quot; for=&quot;email&quot;&gt;<span class=\"sf-dump-default sf-dump-ns\">\\n</span></span>
    <span class=sf-dump-str title=\"2181 characters\">    Email<span class=\"sf-dump-default sf-dump-ns\">\\n</span></span>
    <span class=sf-dump-str title=\"2181 characters\">&lt;/label&gt;<span class=\"sf-dump-default sf-dump-ns\">\\n</span></span>
    <span class=sf-dump-str title=\"2181 characters\">            &lt;input  class=&quot;border-gray-300 focus:border-indigo-500 focus:ring-indigo-500 rounded-md shadow-sm block mt-1 w-full&quot; id=&quot;email&quot; type=&quot;email&quot; name=&quot;email&quot; required=&quot;required&quot; autofocus=&quot;autofocus&quot; autocomplete=&quot;username&quot;&gt;<span class=\"sf-dump-default sf-dump-ns\">\\n</span></span>
    <span class=sf-dump-str title=\"2181 characters\">                    &lt;/div&gt;<span class=\"sf-dump-default sf-dump-ns\">\\n</span></span>
    <span class=sf-dump-str title=\"2181 characters\"><span class=\"sf-dump-default sf-dump-ns\">\\n</span></span>
    <span class=sf-dump-str title=\"2181 characters\">        &lt;!-- Password --&gt;<span class=\"sf-dump-default sf-dump-ns\">\\n</span></span>
    <span class=sf-dump-str title=\"2181 characters\">        &lt;div class=&quot;mt-4&quot;&gt;<span class=\"sf-dump-default sf-dump-ns\">\\n</span></span>
    <span class=sf-dump-str title=\"2181 characters\">            &lt;label class=&quot;block font-medium text-sm text-gray-700&quot; for=&quot;password&quot;&gt;<span class=\"sf-dump-default sf-dump-ns\">\\n</span></span>
    <span class=sf-dump-str title=\"2181 characters\">    Password<span class=\"sf-dump-default sf-dump-ns\">\\n</span></span>
    <span class=sf-dump-str title=\"2181 characters\">&lt;/label&gt;<span class=\"sf-dump-default sf-dump-ns\">\\n</span></span>
    <span class=sf-dump-str title=\"2181 characters\"><span class=\"sf-dump-default sf-dump-ns\">\\n</span></span>
    <span class=sf-dump-str title=\"2181 characters\">            &lt;input  class=&quot;border-gray-300 focus:border-indigo-500 focus:ring-indigo-500 rounded-md shadow-sm block mt-1 w-full&quot; id=&quot;password&quot; type=&quot;password&quot; name=&quot;password&quot; required=&quot;required&quot; autocomplete=&quot;current-password&quot;&gt;<span class=\"sf-dump-default sf-dump-ns\">\\n</span></span>
    <span class=sf-dump-str title=\"2181 characters\"><span class=\"sf-dump-default sf-dump-ns\">\\n</span></span>
    <span class=sf-dump-str title=\"2181 characters\">                    &lt;/div&gt;<span class=\"sf-dump-default sf-dump-ns\">\\n</span></span>
    <span class=sf-dump-str title=\"2181 characters\"><span class=\"sf-dump-default sf-dump-ns\">\\n</span></span>
    <span class=sf-dump-str title=\"2181 characters\">        &lt;!-- Remember Me --&gt;<span class=\"sf-dump-default sf-dump-ns\">\\n</span></span>
    <span class=sf-dump-str title=\"2181 characters\">        &lt;div class=&quot;block mt-4&quot;&gt;<span class=\"sf-dump-default sf-dump-ns\">\\n</span></span>
    <span class=sf-dump-str title=\"2181 characters\">            &lt;label for=&quot;remember_me&quot; class=&quot;inline-flex items-center&quot;&gt;<span class=\"sf-dump-default sf-dump-ns\">\\n</span></span>
    <span class=sf-dump-str title=\"2181 characters\">                &lt;input id=&quot;remember_me&quot; type=&quot;checkbox&quot; class=&quot;rounded border-gray-300 text-indigo-600 shadow-sm focus:ring-indigo-500&quot; name=&quot;remember&quot;&gt;<span class=\"sf-dump-default sf-dump-ns\">\\n</span></span>
    <span class=sf-dump-str title=\"2181 characters\">                &lt;span class=&quot;ms-2 text-sm text-gray-600&quot;&gt;Remember me&lt;/span&gt;<span class=\"sf-dump-default sf-dump-ns\">\\n</span></span>
    <span class=sf-dump-str title=\"2181 characters\">            &lt;/label&gt;<span class=\"sf-dump-default sf-dump-ns\">\\n</span></span>
    <span class=sf-dump-str title=\"2181 characters\">        &lt;/div&gt;<span class=\"sf-dump-default sf-dump-ns\">\\n</span></span>
    <span class=sf-dump-str title=\"2181 characters\"><span class=\"sf-dump-default sf-dump-ns\">\\n</span></span>
    <span class=sf-dump-str title=\"2181 characters\">        &lt;div class=&quot;flex items-center justify-end mt-4&quot;&gt;<span class=\"sf-dump-default sf-dump-ns\">\\n</span></span>
    <span class=sf-dump-str title=\"2181 characters\">                            &lt;a class=&quot;underline text-sm text-gray-600 hover:text-gray-900 rounded-md focus:outline-none focus:ring-2 focus:ring-offset-2 focus:ring-indigo-500&quot; href=&quot;http://127.0.0.1:8000/forgot-password&quot;&gt;<span class=\"sf-dump-default sf-dump-ns\">\\n</span></span>
    <span class=sf-dump-str title=\"2181 characters\">                    Forgot your password?<span class=\"sf-dump-default sf-dump-ns\">\\n</span></span>
    <span class=sf-dump-str title=\"2181 characters\">                &lt;/a&gt;<span class=\"sf-dump-default sf-dump-ns\">\\n</span></span>
    <span class=sf-dump-str title=\"2181 characters\">            <span class=\"sf-dump-default sf-dump-ns\">\\n</span></span>
    <span class=sf-dump-str title=\"2181 characters\">            &lt;button type=&quot;submit&quot; class=&quot;inline-flex items-center px-4 py-2 bg-gray-800 border border-transparent rounded-md font-semibold text-xs text-white uppercase tracking-widest hover:bg-gray-700 focus:bg-gray-700 active:bg-gray-900 focus:outline-none focus:ring-2 focus:ring-indigo-500 focus:ring-offset-2 transition ease-in-out duration-150 ms-3&quot;&gt;<span class=\"sf-dump-default sf-dump-ns\">\\n</span></span>
    <span class=sf-dump-str title=\"2181 characters\">    Log in<span class=\"sf-dump-default sf-dump-ns\">\\n</span></span>
    <span class=sf-dump-str title=\"2181 characters\">&lt;/button&gt;<span class=\"sf-dump-default sf-dump-ns\">\\n</span></span>
    <span class=sf-dump-str title=\"2181 characters\">        &lt;/div&gt;<span class=\"sf-dump-default sf-dump-ns\">\\n</span></span>
    <span class=sf-dump-str title=\"2181 characters\">    &lt;/form&gt;</span>
    \"\"\"
</samp>}
</pre><script>Sfdump(\"sf-dump-1525647964\", {\"maxDepth\":3,\"maxStringLength\":160})</script>
","__laravel_slots":"<pre class=sf-dump id=sf-dump-1602279395 data-indent-pad=\"  \"><span class=sf-dump-note>array:1</span> [<samp data-depth=1 class=sf-dump-expanded>
  \"<span class=sf-dump-key>__default</span>\" => <span class=\"sf-dump-note sf-dump-ellipsization\" title=\"Illuminate\\View\\ComponentSlot
\"><span class=\"sf-dump-ellipsis sf-dump-ellipsis-note\">Illuminate\\View</span><span class=\"sf-dump-ellipsis sf-dump-ellipsis-note\">\\</span><span class=\"sf-dump-ellipsis-tail\">ComponentSlot</span></span> {<a class=sf-dump-ref>#400</a><samp data-depth=2 class=sf-dump-compact>
    +<span class=sf-dump-public title=\"Public property\">attributes</span>: <span class=\"sf-dump-note sf-dump-ellipsization\" title=\"Illuminate\\View\\ComponentAttributeBag
\"><span class=\"sf-dump-ellipsis sf-dump-ellipsis-note\">Illuminate\\View</span><span class=\"sf-dump-ellipsis sf-dump-ellipsis-note\">\\</span><span class=\"sf-dump-ellipsis-tail\">ComponentAttributeBag</span></span> {<a class=sf-dump-ref>#384</a><samp data-depth=3 class=sf-dump-compact>
      #<span class=sf-dump-protected title=\"Protected property\">attributes</span>: []
    </samp>}
    #<span class=sf-dump-protected title=\"Protected property\">contents</span>: \"\"\"
      <span class=sf-dump-str title=\"2181 characters\">&lt;!-- Session Status --&gt;<span class=\"sf-dump-default sf-dump-ns\">\\n</span></span>
      <span class=sf-dump-str title=\"2181 characters\">    <span class=\"sf-dump-default sf-dump-ns\">\\n</span></span>
      <span class=sf-dump-str title=\"2181 characters\">    &lt;form method=&quot;POST&quot; action=&quot;http://127.0.0.1:8000/login&quot;&gt;<span class=\"sf-dump-default sf-dump-ns\">\\n</span></span>
      <span class=sf-dump-str title=\"2181 characters\">        &lt;input type=&quot;hidden&quot; name=&quot;_token&quot; value=&quot;z08OTBlhptgTEbgCU5nxNU5I6rOtrTVvVIR1DzvT&quot; autocomplete=&quot;off&quot;&gt;<span class=\"sf-dump-default sf-dump-ns\">\\n</span></span>
      <span class=sf-dump-str title=\"2181 characters\">        &lt;!-- Email Address --&gt;<span class=\"sf-dump-default sf-dump-ns\">\\n</span></span>
      <span class=sf-dump-str title=\"2181 characters\">        &lt;div&gt;<span class=\"sf-dump-default sf-dump-ns\">\\n</span></span>
      <span class=sf-dump-str title=\"2181 characters\">            &lt;label class=&quot;block font-medium text-sm text-gray-700&quot; for=&quot;email&quot;&gt;<span class=\"sf-dump-default sf-dump-ns\">\\n</span></span>
      <span class=sf-dump-str title=\"2181 characters\">    Email<span class=\"sf-dump-default sf-dump-ns\">\\n</span></span>
      <span class=sf-dump-str title=\"2181 characters\">&lt;/label&gt;<span class=\"sf-dump-default sf-dump-ns\">\\n</span></span>
      <span class=sf-dump-str title=\"2181 characters\">            &lt;input  class=&quot;border-gray-300 focus:border-indigo-500 focus:ring-indigo-500 rounded-md shadow-sm block mt-1 w-full&quot; id=&quot;email&quot; type=&quot;email&quot; name=&quot;email&quot; required=&quot;required&quot; autofocus=&quot;autofocus&quot; autocomplete=&quot;username&quot;&gt;<span class=\"sf-dump-default sf-dump-ns\">\\n</span></span>
      <span class=sf-dump-str title=\"2181 characters\">                    &lt;/div&gt;<span class=\"sf-dump-default sf-dump-ns\">\\n</span></span>
      <span class=sf-dump-str title=\"2181 characters\"><span class=\"sf-dump-default sf-dump-ns\">\\n</span></span>
      <span class=sf-dump-str title=\"2181 characters\">        &lt;!-- Password --&gt;<span class=\"sf-dump-default sf-dump-ns\">\\n</span></span>
      <span class=sf-dump-str title=\"2181 characters\">        &lt;div class=&quot;mt-4&quot;&gt;<span class=\"sf-dump-default sf-dump-ns\">\\n</span></span>
      <span class=sf-dump-str title=\"2181 characters\">            &lt;label class=&quot;block font-medium text-sm text-gray-700&quot; for=&quot;password&quot;&gt;<span class=\"sf-dump-default sf-dump-ns\">\\n</span></span>
      <span class=sf-dump-str title=\"2181 characters\">    Password<span class=\"sf-dump-default sf-dump-ns\">\\n</span></span>
      <span class=sf-dump-str title=\"2181 characters\">&lt;/label&gt;<span class=\"sf-dump-default sf-dump-ns\">\\n</span></span>
      <span class=sf-dump-str title=\"2181 characters\"><span class=\"sf-dump-default sf-dump-ns\">\\n</span></span>
      <span class=sf-dump-str title=\"2181 characters\">            &lt;input  class=&quot;border-gray-300 focus:border-indigo-500 focus:ring-indigo-500 rounded-md shadow-sm block mt-1 w-full&quot; id=&quot;password&quot; type=&quot;password&quot; name=&quot;password&quot; required=&quot;required&quot; autocomplete=&quot;current-password&quot;&gt;<span class=\"sf-dump-default sf-dump-ns\">\\n</span></span>
      <span class=sf-dump-str title=\"2181 characters\"><span class=\"sf-dump-default sf-dump-ns\">\\n</span></span>
      <span class=sf-dump-str title=\"2181 characters\">                    &lt;/div&gt;<span class=\"sf-dump-default sf-dump-ns\">\\n</span></span>
      <span class=sf-dump-str title=\"2181 characters\"><span class=\"sf-dump-default sf-dump-ns\">\\n</span></span>
      <span class=sf-dump-str title=\"2181 characters\">        &lt;!-- Remember Me --&gt;<span class=\"sf-dump-default sf-dump-ns\">\\n</span></span>
      <span class=sf-dump-str title=\"2181 characters\">        &lt;div class=&quot;block mt-4&quot;&gt;<span class=\"sf-dump-default sf-dump-ns\">\\n</span></span>
      <span class=sf-dump-str title=\"2181 characters\">            &lt;label for=&quot;remember_me&quot; class=&quot;inline-flex items-center&quot;&gt;<span class=\"sf-dump-default sf-dump-ns\">\\n</span></span>
      <span class=sf-dump-str title=\"2181 characters\">                &lt;input id=&quot;remember_me&quot; type=&quot;checkbox&quot; class=&quot;rounded border-gray-300 text-indigo-600 shadow-sm focus:ring-indigo-500&quot; name=&quot;remember&quot;&gt;<span class=\"sf-dump-default sf-dump-ns\">\\n</span></span>
      <span class=sf-dump-str title=\"2181 characters\">                &lt;span class=&quot;ms-2 text-sm text-gray-600&quot;&gt;Remember me&lt;/span&gt;<span class=\"sf-dump-default sf-dump-ns\">\\n</span></span>
      <span class=sf-dump-str title=\"2181 characters\">            &lt;/label&gt;<span class=\"sf-dump-default sf-dump-ns\">\\n</span></span>
      <span class=sf-dump-str title=\"2181 characters\">        &lt;/div&gt;<span class=\"sf-dump-default sf-dump-ns\">\\n</span></span>
      <span class=sf-dump-str title=\"2181 characters\"><span class=\"sf-dump-default sf-dump-ns\">\\n</span></span>
      <span class=sf-dump-str title=\"2181 characters\">        &lt;div class=&quot;flex items-center justify-end mt-4&quot;&gt;<span class=\"sf-dump-default sf-dump-ns\">\\n</span></span>
      <span class=sf-dump-str title=\"2181 characters\">                            &lt;a class=&quot;underline text-sm text-gray-600 hover:text-gray-900 rounded-md focus:outline-none focus:ring-2 focus:ring-offset-2 focus:ring-indigo-500&quot; href=&quot;http://127.0.0.1:8000/forgot-password&quot;&gt;<span class=\"sf-dump-default sf-dump-ns\">\\n</span></span>
      <span class=sf-dump-str title=\"2181 characters\">                    Forgot your password?<span class=\"sf-dump-default sf-dump-ns\">\\n</span></span>
      <span class=sf-dump-str title=\"2181 characters\">                &lt;/a&gt;<span class=\"sf-dump-default sf-dump-ns\">\\n</span></span>
      <span class=sf-dump-str title=\"2181 characters\">            <span class=\"sf-dump-default sf-dump-ns\">\\n</span></span>
      <span class=sf-dump-str title=\"2181 characters\">            &lt;button type=&quot;submit&quot; class=&quot;inline-flex items-center px-4 py-2 bg-gray-800 border border-transparent rounded-md font-semibold text-xs text-white uppercase tracking-widest hover:bg-gray-700 focus:bg-gray-700 active:bg-gray-900 focus:outline-none focus:ring-2 focus:ring-indigo-500 focus:ring-offset-2 transition ease-in-out duration-150 ms-3&quot;&gt;<span class=\"sf-dump-default sf-dump-ns\">\\n</span></span>
      <span class=sf-dump-str title=\"2181 characters\">    Log in<span class=\"sf-dump-default sf-dump-ns\">\\n</span></span>
      <span class=sf-dump-str title=\"2181 characters\">&lt;/button&gt;<span class=\"sf-dump-default sf-dump-ns\">\\n</span></span>
      <span class=sf-dump-str title=\"2181 characters\">        &lt;/div&gt;<span class=\"sf-dump-default sf-dump-ns\">\\n</span></span>
      <span class=sf-dump-str title=\"2181 characters\">    &lt;/form&gt;</span>
      \"\"\"
  </samp>}
</samp>]
</pre><script>Sfdump(\"sf-dump-1602279395\", {\"maxDepth\":3,\"maxStringLength\":160})</script>
"}},"exception":"[object] (Spatie\\LaravelIgnition\\Exceptions\\ViewException(code: 0): Vite manifest not found at: D:\\Smart Damage Assessment System\\backend\\public\\build/manifest.json at D:\\Smart Damage Assessment System\\backend\\vendor\\laravel\\framework\\src\\Illuminate\\Foundation\\Vite.php:934)
[stacktrace]
#0 D:\\Smart Damage Assessment System\\backend\\vendor\\laravel\\framework\\src\\Illuminate\\Foundation\\Vite.php(384): Illuminate\\Foundation\\Vite->manifest('build')
#1 D:\\Smart Damage Assessment System\\backend\\resources\\views\\layouts\\guest.blade.php(15): Illuminate\\Foundation\\Vite->__invoke(Object(Illuminate\\Support\\Collection))
#2 D:\\Smart Damage Assessment System\\backend\\vendor\\laravel\\framework\\src\\Illuminate\\Filesystem\\Filesystem.php(123): require('D:\\\\Smart Damage...')
#3 D:\\Smart Damage Assessment System\\backend\\vendor\\laravel\\framework\\src\\Illuminate\\Filesystem\\Filesystem.php(124): Illuminate\\Filesystem\\Filesystem::Illuminate\\Filesystem\\{closure}()
#4 D:\\Smart Damage Assessment System\\backend\\vendor\\laravel\\framework\\src\\Illuminate\\View\\Engines\\PhpEngine.php(58): Illuminate\\Filesystem\\Filesystem->getRequire('D:\\\\Smart Damage...', Array)
#5 D:\\Smart Damage Assessment System\\backend\\vendor\\laravel\\framework\\src\\Illuminate\\View\\Engines\\CompilerEngine.php(75): Illuminate\\View\\Engines\\PhpEngine->evaluatePath('D:\\\\Smart Damage...', Array)
#6 D:\\Smart Damage Assessment System\\backend\\vendor\\laravel\\framework\\src\\Illuminate\\View\\View.php(209): Illuminate\\View\\Engines\\CompilerEngine->get('D:\\\\Smart Damage...', Array)
#7 D:\\Smart Damage Assessment System\\backend\\vendor\\laravel\\framework\\src\\Illuminate\\View\\View.php(192): Illuminate\\View\\View->getContents()
#8 D:\\Smart Damage Assessment System\\backend\\vendor\\laravel\\framework\\src\\Illuminate\\View\\View.php(161): Illuminate\\View\\View->renderContents()
#9 D:\\Smart Damage Assessment System\\backend\\vendor\\laravel\\framework\\src\\Illuminate\\View\\Concerns\\ManagesComponents.php(99): Illuminate\\View\\View->render()
#10 D:\\Smart Damage Assessment System\\backend\\resources\\views\\auth\\login.blade.php(43): Illuminate\\View\\Factory->renderComponent()
#11 D:\\Smart Damage Assessment System\\backend\\vendor\\laravel\\framework\\src\\Illuminate\\Filesystem\\Filesystem.php(123): require('D:\\\\Smart Damage...')
#12 D:\\Smart Damage Assessment System\\backend\\vendor\\laravel\\framework\\src\\Illuminate\\Filesystem\\Filesystem.php(124): Illuminate\\Filesystem\\Filesystem::Illuminate\\Filesystem\\{closure}()
#13 D:\\Smart Damage Assessment System\\backend\\vendor\\laravel\\framework\\src\\Illuminate\\View\\Engines\\PhpEngine.php(58): Illuminate\\Filesystem\\Filesystem->getRequire('D:\\\\Smart Damage...', Array)
#14 D:\\Smart Damage Assessment System\\backend\\vendor\\laravel\\framework\\src\\Illuminate\\View\\Engines\\CompilerEngine.php(75): Illuminate\\View\\Engines\\PhpEngine->evaluatePath('D:\\\\Smart Damage...', Array)
#15 D:\\Smart Damage Assessment System\\backend\\vendor\\laravel\\framework\\src\\Illuminate\\View\\View.php(209): Illuminate\\View\\Engines\\CompilerEngine->get('D:\\\\Smart Damage...', Array)
#16 D:\\Smart Damage Assessment System\\backend\\vendor\\laravel\\framework\\src\\Illuminate\\View\\View.php(192): Illuminate\\View\\View->getContents()
#17 D:\\Smart Damage Assessment System\\backend\\vendor\\laravel\\framework\\src\\Illuminate\\View\\View.php(161): Illuminate\\View\\View->renderContents()
#18 D:\\Smart Damage Assessment System\\backend\\vendor\\laravel\\framework\\src\\Illuminate\\Http\\Response.php(79): Illuminate\\View\\View->render()
#19 D:\\Smart Damage Assessment System\\backend\\vendor\\laravel\\framework\\src\\Illuminate\\Http\\Response.php(35): Illuminate\\Http\\Response->setContent(Object(Illuminate\\View\\View))
#20 D:\\Smart Damage Assessment System\\backend\\vendor\\laravel\\framework\\src\\Illuminate\\Routing\\Router.php(920): Illuminate\\Http\\Response->__construct(Object(Illuminate\\View\\View), 200, Array)
#21 D:\\Smart Damage Assessment System\\backend\\vendor\\laravel\\framework\\src\\Illuminate\\Routing\\Router.php(887): Illuminate\\Routing\\Router::toResponse(Object(Illuminate\\Http\\Request), Object(Illuminate\\View\\View))
#22 D:\\Smart Damage Assessment System\\backend\\vendor\\laravel\\framework\\src\\Illuminate\\Routing\\Router.php(807): Illuminate\\Routing\\Router->prepareResponse(Object(Illuminate\\Http\\Request), Object(Illuminate\\View\\View))
#23 D:\\Smart Damage Assessment System\\backend\\vendor\\laravel\\framework\\src\\Illuminate\\Pipeline\\Pipeline.php(170): Illuminate\\Routing\\Router->Illuminate\\Routing\\{closure}(Object(Illuminate\\Http\\Request))
#24 D:\\Smart Damage Assessment System\\backend\\vendor\\laravel\\framework\\src\\Illuminate\\Auth\\Middleware\\RedirectIfAuthenticated.php(35): Illuminate\\Pipeline\\Pipeline->Illuminate\\Pipeline\\{closure}(Object(Illuminate\\Http\\Request))
#25 D:\\Smart Damage Assessment System\\backend\\vendor\\laravel\\framework\\src\\Illuminate\\Pipeline\\Pipeline.php(209): Illuminate\\Auth\\Middleware\\RedirectIfAuthenticated->handle(Object(Illuminate\\Http\\Request), Object(Closure))
#26 D:\\Smart Damage Assessment System\\backend\\vendor\\laravel\\framework\\src\\Illuminate\\Routing\\Middleware\\SubstituteBindings.php(51): Illuminate\\Pipeline\\Pipeline->Illuminate\\Pipeline\\{closure}(Object(Illuminate\\Http\\Request))
#27 D:\\Smart Damage Assessment System\\backend\\vendor\\laravel\\framework\\src\\Illuminate\\Pipeline\\Pipeline.php(209): Illuminate\\Routing\\Middleware\\SubstituteBindings->handle(Object(Illuminate\\Http\\Request), Object(Closure))
#28 D:\\Smart Damage Assessment System\\backend\\vendor\\laravel\\framework\\src\\Illuminate\\Foundation\\Http\\Middleware\\VerifyCsrfToken.php(88): Illuminate\\Pipeline\\Pipeline->Illuminate\\Pipeline\\{closure}(Object(Illuminate\\Http\\Request))
#29 D:\\Smart Damage Assessment System\\backend\\vendor\\laravel\\framework\\src\\Illuminate\\Pipeline\\Pipeline.php(209): Illuminate\\Foundation\\Http\\Middleware\\VerifyCsrfToken->handle(Object(Illuminate\\Http\\Request), Object(Closure))
#30 D:\\Smart Damage Assessment System\\backend\\vendor\\laravel\\framework\\src\\Illuminate\\View\\Middleware\\ShareErrorsFromSession.php(49): Illuminate\\Pipeline\\Pipeline->Illuminate\\Pipeline\\{closure}(Object(Illuminate\\Http\\Request))
#31 D:\\Smart Damage Assessment System\\backend\\vendor\\laravel\\framework\\src\\Illuminate\\Pipeline\\Pipeline.php(209): Illuminate\\View\\Middleware\\ShareErrorsFromSession->handle(Object(Illuminate\\Http\\Request), Object(Closure))
#32 D:\\Smart Damage Assessment System\\backend\\vendor\\laravel\\framework\\src\\Illuminate\\Session\\Middleware\\StartSession.php(121): Illuminate\\Pipeline\\Pipeline->Illuminate\\Pipeline\\{closure}(Object(Illuminate\\Http\\Request))
#33 D:\\Smart Damage Assessment System\\backend\\vendor\\laravel\\framework\\src\\Illuminate\\Session\\Middleware\\StartSession.php(64): Illuminate\\Session\\Middleware\\StartSession->handleStatefulRequest(Object(Illuminate\\Http\\Request), Object(Illuminate\\Session\\Store), Object(Closure))
#34 D:\\Smart Damage Assessment System\\backend\\vendor\\laravel\\framework\\src\\Illuminate\\Pipeline\\Pipeline.php(209): Illuminate\\Session\\Middleware\\StartSession->handle(Object(Illuminate\\Http\\Request), Object(Closure))
#35 D:\\Smart Damage Assessment System\\backend\\vendor\\laravel\\framework\\src\\Illuminate\\Cookie\\Middleware\\AddQueuedCookiesToResponse.php(37): Illuminate\\Pipeline\\Pipeline->Illuminate\\Pipeline\\{closure}(Object(Illuminate\\Http\\Request))
#36 D:\\Smart Damage Assessment System\\backend\\vendor\\laravel\\framework\\src\\Illuminate\\Pipeline\\Pipeline.php(209): Illuminate\\Cookie\\Middleware\\AddQueuedCookiesToResponse->handle(Object(Illuminate\\Http\\Request), Object(Closure))
#37 D:\\Smart Damage Assessment System\\backend\\vendor\\laravel\\framework\\src\\Illuminate\\Cookie\\Middleware\\EncryptCookies.php(75): Illuminate\\Pipeline\\Pipeline->Illuminate\\Pipeline\\{closure}(Object(Illuminate\\Http\\Request))
#38 D:\\Smart Damage Assessment System\\backend\\vendor\\laravel\\framework\\src\\Illuminate\\Pipeline\\Pipeline.php(209): Illuminate\\Cookie\\Middleware\\EncryptCookies->handle(Object(Illuminate\\Http\\Request), Object(Closure))
#39 D:\\Smart Damage Assessment System\\backend\\vendor\\laravel\\framework\\src\\Illuminate\\Pipeline\\Pipeline.php(127): Illuminate\\Pipeline\\Pipeline->Illuminate\\Pipeline\\{closure}(Object(Illuminate\\Http\\Request))
#40 D:\\Smart Damage Assessment System\\backend\\vendor\\laravel\\framework\\src\\Illuminate\\Routing\\Router.php(807): Illuminate\\Pipeline\\Pipeline->then(Object(Closure))
#41 D:\\Smart Damage Assessment System\\backend\\vendor\\laravel\\framework\\src\\Illuminate\\Routing\\Router.php(786): Illuminate\\Routing\\Router->runRouteWithinStack(Object(Illuminate\\Routing\\Route), Object(Illuminate\\Http\\Request))
#42 D:\\Smart Damage Assessment System\\backend\\vendor\\laravel\\framework\\src\\Illuminate\\Routing\\Router.php(750): Illuminate\\Routing\\Router->runRoute(Object(Illuminate\\Http\\Request), Object(Illuminate\\Routing\\Route))
#43 D:\\Smart Damage Assessment System\\backend\\vendor\\laravel\\framework\\src\\Illuminate\\Routing\\Router.php(739): Illuminate\\Routing\\Router->dispatchToRoute(Object(Illuminate\\Http\\Request))
#44 D:\\Smart Damage Assessment System\\backend\\vendor\\laravel\\framework\\src\\Illuminate\\Foundation\\Http\\Kernel.php(201): Illuminate\\Routing\\Router->dispatch(Object(Illuminate\\Http\\Request))
#45 D:\\Smart Damage Assessment System\\backend\\vendor\\laravel\\framework\\src\\Illuminate\\Pipeline\\Pipeline.php(170): Illuminate\\Foundation\\Http\\Kernel->Illuminate\\Foundation\\Http\\{closure}(Object(Illuminate\\Http\\Request))
#46 D:\\Smart Damage Assessment System\\backend\\vendor\\laravel\\framework\\src\\Illuminate\\Foundation\\Http\\Middleware\\TransformsRequest.php(21): Illuminate\\Pipeline\\Pipeline->Illuminate\\Pipeline\\{closure}(Object(Illuminate\\Http\\Request))
#47 D:\\Smart Damage Assessment System\\backend\\vendor\\laravel\\framework\\src\\Illuminate\\Foundation\\Http\\Middleware\\ConvertEmptyStringsToNull.php(31): Illuminate\\Foundation\\Http\\Middleware\\TransformsRequest->handle(Object(Illuminate\\Http\\Request), Object(Closure))
#48 D:\\Smart Damage Assessment System\\backend\\vendor\\laravel\\framework\\src\\Illuminate\\Pipeline\\Pipeline.php(209): Illuminate\\Foundation\\Http\\Middleware\\ConvertEmptyStringsToNull->handle(Object(Illuminate\\Http\\Request), Object(Closure))
#49 D:\\Smart Damage Assessment System\\backend\\vendor\\laravel\\framework\\src\\Illuminate\\Foundation\\Http\\Middleware\\TransformsRequest.php(21): Illuminate\\Pipeline\\Pipeline->Illuminate\\Pipeline\\{closure}(Object(Illuminate\\Http\\Request))
#50 D:\\Smart Damage Assessment System\\backend\\vendor\\laravel\\framework\\src\\Illuminate\\Foundation\\Http\\Middleware\\TrimStrings.php(51): Illuminate\\Foundation\\Http\\Middleware\\TransformsRequest->handle(Object(Illuminate\\Http\\Request), Object(Closure))
#51 D:\\Smart Damage Assessment System\\backend\\vendor\\laravel\\framework\\src\\Illuminate\\Pipeline\\Pipeline.php(209): Illuminate\\Foundation\\Http\\Middleware\\TrimStrings->handle(Object(Illuminate\\Http\\Request), Object(Closure))
#52 D:\\Smart Damage Assessment System\\backend\\vendor\\laravel\\framework\\src\\Illuminate\\Http\\Middleware\\ValidatePostSize.php(27): Illuminate\\Pipeline\\Pipeline->Illuminate\\Pipeline\\{closure}(Object(Illuminate\\Http\\Request))
#53 D:\\Smart Damage Assessment System\\backend\\vendor\\laravel\\framework\\src\\Illuminate\\Pipeline\\Pipeline.php(209): Illuminate\\Http\\Middleware\\ValidatePostSize->handle(Object(Illuminate\\Http\\Request), Object(Closure))
#54 D:\\Smart Damage Assessment System\\backend\\vendor\\laravel\\framework\\src\\Illuminate\\Foundation\\Http\\Middleware\\PreventRequestsDuringMaintenance.php(110): Illuminate\\Pipeline\\Pipeline->Illuminate\\Pipeline\\{closure}(Object(Illuminate\\Http\\Request))
#55 D:\\Smart Damage Assessment System\\backend\\vendor\\laravel\\framework\\src\\Illuminate\\Pipeline\\Pipeline.php(209): Illuminate\\Foundation\\Http\\Middleware\\PreventRequestsDuringMaintenance->handle(Object(Illuminate\\Http\\Request), Object(Closure))
#56 D:\\Smart Damage Assessment System\\backend\\vendor\\laravel\\framework\\src\\Illuminate\\Http\\Middleware\\HandleCors.php(49): Illuminate\\Pipeline\\Pipeline->Illuminate\\Pipeline\\{closure}(Object(Illuminate\\Http\\Request))
#57 D:\\Smart Damage Assessment System\\backend\\vendor\\laravel\\framework\\src\\Illuminate\\Pipeline\\Pipeline.php(209): Illuminate\\Http\\Middleware\\HandleCors->handle(Object(Illuminate\\Http\\Request), Object(Closure))
#58 D:\\Smart Damage Assessment System\\backend\\vendor\\laravel\\framework\\src\\Illuminate\\Http\\Middleware\\TrustProxies.php(58): Illuminate\\Pipeline\\Pipeline->Illuminate\\Pipeline\\{closure}(Object(Illuminate\\Http\\Request))
#59 D:\\Smart Damage Assessment System\\backend\\vendor\\laravel\\framework\\src\\Illuminate\\Pipeline\\Pipeline.php(209): Illuminate\\Http\\Middleware\\TrustProxies->handle(Object(Illuminate\\Http\\Request), Object(Closure))
#60 D:\\Smart Damage Assessment System\\backend\\vendor\\laravel\\framework\\src\\Illuminate\\Foundation\\Http\\Middleware\\InvokeDeferredCallbacks.php(22): Illuminate\\Pipeline\\Pipeline->Illuminate\\Pipeline\\{closure}(Object(Illuminate\\Http\\Request))
#61 D:\\Smart Damage Assessment System\\backend\\vendor\\laravel\\framework\\src\\Illuminate\\Pipeline\\Pipeline.php(209): Illuminate\\Foundation\\Http\\Middleware\\InvokeDeferredCallbacks->handle(Object(Illuminate\\Http\\Request), Object(Closure))
#62 D:\\Smart Damage Assessment System\\backend\\vendor\\laravel\\framework\\src\\Illuminate\\Pipeline\\Pipeline.php(127): Illuminate\\Pipeline\\Pipeline->Illuminate\\Pipeline\\{closure}(Object(Illuminate\\Http\\Request))
#63 D:\\Smart Damage Assessment System\\backend\\vendor\\laravel\\framework\\src\\Illuminate\\Foundation\\Http\\Kernel.php(176): Illuminate\\Pipeline\\Pipeline->then(Object(Closure))
#64 D:\\Smart Damage Assessment System\\backend\\vendor\\laravel\\framework\\src\\Illuminate\\Foundation\\Http\\Kernel.php(145): Illuminate\\Foundation\\Http\\Kernel->sendRequestThroughRouter(Object(Illuminate\\Http\\Request))
#65 D:\\Smart Damage Assessment System\\backend\\public\\index.php(17): Illuminate\\Foundation\\Http\\Kernel->handle(Object(Illuminate\\Http\\Request))
#66 D:\\Smart Damage Assessment System\\backend\\vendor\\laravel\\framework\\src\\Illuminate\\Foundation\\resources\\server.php(23): require_once('D:\\\\Smart Damage...')
#67 {main}

[previous exception] [object] (Illuminate\\Foundation\\ViteManifestNotFoundException(code: 0): Vite manifest not found at: D:\\Smart Damage Assessment System\\backend\\public\\build/manifest.json at D:\\Smart Damage Assessment System\\backend\\vendor\\laravel\\framework\\src\\Illuminate\\Foundation\\Vite.php:934)
[stacktrace]
#0 D:\\Smart Damage Assessment System\\backend\\vendor\\laravel\\framework\\src\\Illuminate\\Foundation\\Vite.php(384): Illuminate\\Foundation\\Vite->manifest('build')
#1 D:\\Smart Damage Assessment System\\backend\\storage\\framework\\views\\c320730eb078dce540e05fd9c925a68d.php(15): Illuminate\\Foundation\\Vite->__invoke(Object(Illuminate\\Support\\Collection))
#2 D:\\Smart Damage Assessment System\\backend\\vendor\\laravel\\framework\\src\\Illuminate\\Filesystem\\Filesystem.php(123): require('D:\\\\Smart Damage...')
#3 D:\\Smart Damage Assessment System\\backend\\vendor\\laravel\\framework\\src\\Illuminate\\Filesystem\\Filesystem.php(124): Illuminate\\Filesystem\\Filesystem::Illuminate\\Filesystem\\{closure}()
#4 D:\\Smart Damage Assessment System\\backend\\vendor\\laravel\\framework\\src\\Illuminate\\View\\Engines\\PhpEngine.php(58): Illuminate\\Filesystem\\Filesystem->getRequire('D:\\\\Smart Damage...', Array)
#5 D:\\Smart Damage Assessment System\\backend\\vendor\\laravel\\framework\\src\\Illuminate\\View\\Engines\\CompilerEngine.php(75): Illuminate\\View\\Engines\\PhpEngine->evaluatePath('D:\\\\Smart Damage...', Array)
#6 D:\\Smart Damage Assessment System\\backend\\vendor\\laravel\\framework\\src\\Illuminate\\View\\View.php(209): Illuminate\\View\\Engines\\CompilerEngine->get('D:\\\\Smart Damage...', Array)
#7 D:\\Smart Damage Assessment System\\backend\\vendor\\laravel\\framework\\src\\Illuminate\\View\\View.php(192): Illuminate\\View\\View->getContents()
#8 D:\\Smart Damage Assessment System\\backend\\vendor\\laravel\\framework\\src\\Illuminate\\View\\View.php(161): Illuminate\\View\\View->renderContents()
#9 D:\\Smart Damage Assessment System\\backend\\vendor\\laravel\\framework\\src\\Illuminate\\View\\Concerns\\ManagesComponents.php(99): Illuminate\\View\\View->render()
#10 D:\\Smart Damage Assessment System\\backend\\storage\\framework\\views\\2a8efb755bf7d3704738e97b22826f29.php(206): Illuminate\\View\\Factory->renderComponent()
#11 D:\\Smart Damage Assessment System\\backend\\vendor\\laravel\\framework\\src\\Illuminate\\Filesystem\\Filesystem.php(123): require('D:\\\\Smart Damage...')
#12 D:\\Smart Damage Assessment System\\backend\\vendor\\laravel\\framework\\src\\Illuminate\\Filesystem\\Filesystem.php(124): Illuminate\\Filesystem\\Filesystem::Illuminate\\Filesystem\\{closure}()
#13 D:\\Smart Damage Assessment System\\backend\\vendor\\laravel\\framework\\src\\Illuminate\\View\\Engines\\PhpEngine.php(58): Illuminate\\Filesystem\\Filesystem->getRequire('D:\\\\Smart Damage...', Array)
#14 D:\\Smart Damage Assessment System\\backend\\vendor\\laravel\\framework\\src\\Illuminate\\View\\Engines\\CompilerEngine.php(75): Illuminate\\View\\Engines\\PhpEngine->evaluatePath('D:\\\\Smart Damage...', Array)
#15 D:\\Smart Damage Assessment System\\backend\\vendor\\laravel\\framework\\src\\Illuminate\\View\\View.php(209): Illuminate\\View\\Engines\\CompilerEngine->get('D:\\\\Smart Damage...', Array)
#16 D:\\Smart Damage Assessment System\\backend\\vendor\\laravel\\framework\\src\\Illuminate\\View\\View.php(192): Illuminate\\View\\View->getContents()
#17 D:\\Smart Damage Assessment System\\backend\\vendor\\laravel\\framework\\src\\Illuminate\\View\\View.php(161): Illuminate\\View\\View->renderContents()
#18 D:\\Smart Damage Assessment System\\backend\\vendor\\laravel\\framework\\src\\Illuminate\\Http\\Response.php(79): Illuminate\\View\\View->render()
#19 D:\\Smart Damage Assessment System\\backend\\vendor\\laravel\\framework\\src\\Illuminate\\Http\\Response.php(35): Illuminate\\Http\\Response->setContent(Object(Illuminate\\View\\View))
#20 D:\\Smart Damage Assessment System\\backend\\vendor\\laravel\\framework\\src\\Illuminate\\Routing\\Router.php(920): Illuminate\\Http\\Response->__construct(Object(Illuminate\\View\\View), 200, Array)
#21 D:\\Smart Damage Assessment System\\backend\\vendor\\laravel\\framework\\src\\Illuminate\\Routing\\Router.php(887): Illuminate\\Routing\\Router::toResponse(Object(Illuminate\\Http\\Request), Object(Illuminate\\View\\View))
#22 D:\\Smart Damage Assessment System\\backend\\vendor\\laravel\\framework\\src\\Illuminate\\Routing\\Router.php(807): Illuminate\\Routing\\Router->prepareResponse(Object(Illuminate\\Http\\Request), Object(Illuminate\\View\\View))
#23 D:\\Smart Damage Assessment System\\backend\\vendor\\laravel\\framework\\src\\Illuminate\\Pipeline\\Pipeline.php(170): Illuminate\\Routing\\Router->Illuminate\\Routing\\{closure}(Object(Illuminate\\Http\\Request))
#24 D:\\Smart Damage Assessment System\\backend\\vendor\\laravel\\framework\\src\\Illuminate\\Auth\\Middleware\\RedirectIfAuthenticated.php(35): Illuminate\\Pipeline\\Pipeline->Illuminate\\Pipeline\\{closure}(Object(Illuminate\\Http\\Request))
#25 D:\\Smart Damage Assessment System\\backend\\vendor\\laravel\\framework\\src\\Illuminate\\Pipeline\\Pipeline.php(209): Illuminate\\Auth\\Middleware\\RedirectIfAuthenticated->handle(Object(Illuminate\\Http\\Request), Object(Closure))
#26 D:\\Smart Damage Assessment System\\backend\\vendor\\laravel\\framework\\src\\Illuminate\\Routing\\Middleware\\SubstituteBindings.php(51): Illuminate\\Pipeline\\Pipeline->Illuminate\\Pipeline\\{closure}(Object(Illuminate\\Http\\Request))
#27 D:\\Smart Damage Assessment System\\backend\\vendor\\laravel\\framework\\src\\Illuminate\\Pipeline\\Pipeline.php(209): Illuminate\\Routing\\Middleware\\SubstituteBindings->handle(Object(Illuminate\\Http\\Request), Object(Closure))
#28 D:\\Smart Damage Assessment System\\backend\\vendor\\laravel\\framework\\src\\Illuminate\\Foundation\\Http\\Middleware\\VerifyCsrfToken.php(88): Illuminate\\Pipeline\\Pipeline->Illuminate\\Pipeline\\{closure}(Object(Illuminate\\Http\\Request))
#29 D:\\Smart Damage Assessment System\\backend\\vendor\\laravel\\framework\\src\\Illuminate\\Pipeline\\Pipeline.php(209): Illuminate\\Foundation\\Http\\Middleware\\VerifyCsrfToken->handle(Object(Illuminate\\Http\\Request), Object(Closure))
#30 D:\\Smart Damage Assessment System\\backend\\vendor\\laravel\\framework\\src\\Illuminate\\View\\Middleware\\ShareErrorsFromSession.php(49): Illuminate\\Pipeline\\Pipeline->Illuminate\\Pipeline\\{closure}(Object(Illuminate\\Http\\Request))
#31 D:\\Smart Damage Assessment System\\backend\\vendor\\laravel\\framework\\src\\Illuminate\\Pipeline\\Pipeline.php(209): Illuminate\\View\\Middleware\\ShareErrorsFromSession->handle(Object(Illuminate\\Http\\Request), Object(Closure))
#32 D:\\Smart Damage Assessment System\\backend\\vendor\\laravel\\framework\\src\\Illuminate\\Session\\Middleware\\StartSession.php(121): Illuminate\\Pipeline\\Pipeline->Illuminate\\Pipeline\\{closure}(Object(Illuminate\\Http\\Request))
#33 D:\\Smart Damage Assessment System\\backend\\vendor\\laravel\\framework\\src\\Illuminate\\Session\\Middleware\\StartSession.php(64): Illuminate\\Session\\Middleware\\StartSession->handleStatefulRequest(Object(Illuminate\\Http\\Request), Object(Illuminate\\Session\\Store), Object(Closure))
#34 D:\\Smart Damage Assessment System\\backend\\vendor\\laravel\\framework\\src\\Illuminate\\Pipeline\\Pipeline.php(209): Illuminate\\Session\\Middleware\\StartSession->handle(Object(Illuminate\\Http\\Request), Object(Closure))
#35 D:\\Smart Damage Assessment System\\backend\\vendor\\laravel\\framework\\src\\Illuminate\\Cookie\\Middleware\\AddQueuedCookiesToResponse.php(37): Illuminate\\Pipeline\\Pipeline->Illuminate\\Pipeline\\{closure}(Object(Illuminate\\Http\\Request))
#36 D:\\Smart Damage Assessment System\\backend\\vendor\\laravel\\framework\\src\\Illuminate\\Pipeline\\Pipeline.php(209): Illuminate\\Cookie\\Middleware\\AddQueuedCookiesToResponse->handle(Object(Illuminate\\Http\\Request), Object(Closure))
#37 D:\\Smart Damage Assessment System\\backend\\vendor\\laravel\\framework\\src\\Illuminate\\Cookie\\Middleware\\EncryptCookies.php(75): Illuminate\\Pipeline\\Pipeline->Illuminate\\Pipeline\\{closure}(Object(Illuminate\\Http\\Request))
#38 D:\\Smart Damage Assessment System\\backend\\vendor\\laravel\\framework\\src\\Illuminate\\Pipeline\\Pipeline.php(209): Illuminate\\Cookie\\Middleware\\EncryptCookies->handle(Object(Illuminate\\Http\\Request), Object(Closure))
#39 D:\\Smart Damage Assessment System\\backend\\vendor\\laravel\\framework\\src\\Illuminate\\Pipeline\\Pipeline.php(127): Illuminate\\Pipeline\\Pipeline->Illuminate\\Pipeline\\{closure}(Object(Illuminate\\Http\\Request))
#40 D:\\Smart Damage Assessment System\\backend\\vendor\\laravel\\framework\\src\\Illuminate\\Routing\\Router.php(807): Illuminate\\Pipeline\\Pipeline->then(Object(Closure))
#41 D:\\Smart Damage Assessment System\\backend\\vendor\\laravel\\framework\\src\\Illuminate\\Routing\\Router.php(786): Illuminate\\Routing\\Router->runRouteWithinStack(Object(Illuminate\\Routing\\Route), Object(Illuminate\\Http\\Request))
#42 D:\\Smart Damage Assessment System\\backend\\vendor\\laravel\\framework\\src\\Illuminate\\Routing\\Router.php(750): Illuminate\\Routing\\Router->runRoute(Object(Illuminate\\Http\\Request), Object(Illuminate\\Routing\\Route))
#43 D:\\Smart Damage Assessment System\\backend\\vendor\\laravel\\framework\\src\\Illuminate\\Routing\\Router.php(739): Illuminate\\Routing\\Router->dispatchToRoute(Object(Illuminate\\Http\\Request))
#44 D:\\Smart Damage Assessment System\\backend\\vendor\\laravel\\framework\\src\\Illuminate\\Foundation\\Http\\Kernel.php(201): Illuminate\\Routing\\Router->dispatch(Object(Illuminate\\Http\\Request))
#45 D:\\Smart Damage Assessment System\\backend\\vendor\\laravel\\framework\\src\\Illuminate\\Pipeline\\Pipeline.php(170): Illuminate\\Foundation\\Http\\Kernel->Illuminate\\Foundation\\Http\\{closure}(Object(Illuminate\\Http\\Request))
#46 D:\\Smart Damage Assessment System\\backend\\vendor\\laravel\\framework\\src\\Illuminate\\Foundation\\Http\\Middleware\\TransformsRequest.php(21): Illuminate\\Pipeline\\Pipeline->Illuminate\\Pipeline\\{closure}(Object(Illuminate\\Http\\Request))
#47 D:\\Smart Damage Assessment System\\backend\\vendor\\laravel\\framework\\src\\Illuminate\\Foundation\\Http\\Middleware\\ConvertEmptyStringsToNull.php(31): Illuminate\\Foundation\\Http\\Middleware\\TransformsRequest->handle(Object(Illuminate\\Http\\Request), Object(Closure))
#48 D:\\Smart Damage Assessment System\\backend\\vendor\\laravel\\framework\\src\\Illuminate\\Pipeline\\Pipeline.php(209): Illuminate\\Foundation\\Http\\Middleware\\ConvertEmptyStringsToNull->handle(Object(Illuminate\\Http\\Request), Object(Closure))
#49 D:\\Smart Damage Assessment System\\backend\\vendor\\laravel\\framework\\src\\Illuminate\\Foundation\\Http\\Middleware\\TransformsRequest.php(21): Illuminate\\Pipeline\\Pipeline->Illuminate\\Pipeline\\{closure}(Object(Illuminate\\Http\\Request))
#50 D:\\Smart Damage Assessment System\\backend\\vendor\\laravel\\framework\\src\\Illuminate\\Foundation\\Http\\Middleware\\TrimStrings.php(51): Illuminate\\Foundation\\Http\\Middleware\\TransformsRequest->handle(Object(Illuminate\\Http\\Request), Object(Closure))
#51 D:\\Smart Damage Assessment System\\backend\\vendor\\laravel\\framework\\src\\Illuminate\\Pipeline\\Pipeline.php(209): Illuminate\\Foundation\\Http\\Middleware\\TrimStrings->handle(Object(Illuminate\\Http\\Request), Object(Closure))
#52 D:\\Smart Damage Assessment System\\backend\\vendor\\laravel\\framework\\src\\Illuminate\\Http\\Middleware\\ValidatePostSize.php(27): Illuminate\\Pipeline\\Pipeline->Illuminate\\Pipeline\\{closure}(Object(Illuminate\\Http\\Request))
#53 D:\\Smart Damage Assessment System\\backend\\vendor\\laravel\\framework\\src\\Illuminate\\Pipeline\\Pipeline.php(209): Illuminate\\Http\\Middleware\\ValidatePostSize->handle(Object(Illuminate\\Http\\Request), Object(Closure))
#54 D:\\Smart Damage Assessment System\\backend\\vendor\\laravel\\framework\\src\\Illuminate\\Foundation\\Http\\Middleware\\PreventRequestsDuringMaintenance.php(110): Illuminate\\Pipeline\\Pipeline->Illuminate\\Pipeline\\{closure}(Object(Illuminate\\Http\\Request))
#55 D:\\Smart Damage Assessment System\\backend\\vendor\\laravel\\framework\\src\\Illuminate\\Pipeline\\Pipeline.php(209): Illuminate\\Foundation\\Http\\Middleware\\PreventRequestsDuringMaintenance->handle(Object(Illuminate\\Http\\Request), Object(Closure))
#56 D:\\Smart Damage Assessment System\\backend\\vendor\\laravel\\framework\\src\\Illuminate\\Http\\Middleware\\HandleCors.php(49): Illuminate\\Pipeline\\Pipeline->Illuminate\\Pipeline\\{closure}(Object(Illuminate\\Http\\Request))
#57 D:\\Smart Damage Assessment System\\backend\\vendor\\laravel\\framework\\src\\Illuminate\\Pipeline\\Pipeline.php(209): Illuminate\\Http\\Middleware\\HandleCors->handle(Object(Illuminate\\Http\\Request), Object(Closure))
#58 D:\\Smart Damage Assessment System\\backend\\vendor\\laravel\\framework\\src\\Illuminate\\Http\\Middleware\\TrustProxies.php(58): Illuminate\\Pipeline\\Pipeline->Illuminate\\Pipeline\\{closure}(Object(Illuminate\\Http\\Request))
#59 D:\\Smart Damage Assessment System\\backend\\vendor\\laravel\\framework\\src\\Illuminate\\Pipeline\\Pipeline.php(209): Illuminate\\Http\\Middleware\\TrustProxies->handle(Object(Illuminate\\Http\\Request), Object(Closure))
#60 D:\\Smart Damage Assessment System\\backend\\vendor\\laravel\\framework\\src\\Illuminate\\Foundation\\Http\\Middleware\\InvokeDeferredCallbacks.php(22): Illuminate\\Pipeline\\Pipeline->Illuminate\\Pipeline\\{closure}(Object(Illuminate\\Http\\Request))
#61 D:\\Smart Damage Assessment System\\backend\\vendor\\laravel\\framework\\src\\Illuminate\\Pipeline\\Pipeline.php(209): Illuminate\\Foundation\\Http\\Middleware\\InvokeDeferredCallbacks->handle(Object(Illuminate\\Http\\Request), Object(Closure))
#62 D:\\Smart Damage Assessment System\\backend\\vendor\\laravel\\framework\\src\\Illuminate\\Pipeline\\Pipeline.php(127): Illuminate\\Pipeline\\Pipeline->Illuminate\\Pipeline\\{closure}(Object(Illuminate\\Http\\Request))
#63 D:\\Smart Damage Assessment System\\backend\\vendor\\laravel\\framework\\src\\Illuminate\\Foundation\\Http\\Kernel.php(176): Illuminate\\Pipeline\\Pipeline->then(Object(Closure))
#64 D:\\Smart Damage Assessment System\\backend\\vendor\\laravel\\framework\\src\\Illuminate\\Foundation\\Http\\Kernel.php(145): Illuminate\\Foundation\\Http\\Kernel->sendRequestThroughRouter(Object(Illuminate\\Http\\Request))
#65 D:\\Smart Damage Assessment System\\backend\\public\\index.php(17): Illuminate\\Foundation\\Http\\Kernel->handle(Object(Illuminate\\Http\\Request))
#66 D:\\Smart Damage Assessment System\\backend\\vendor\\laravel\\framework\\src\\Illuminate\\Foundation\\resources\\server.php(23): require_once('D:\\\\Smart Damage...')
#67 {main}
"} 
[2026-01-15 17:38:14] local.ERROR: SQLSTATE[HY000] [2002] An attempt was made to access a socket in a way forbidden by its access permissions (Connection: mysql, SQL: select * from `cache` where `key` in (smart_damage_assessment_cache_illuminate:queue:restart)) {"exception":"[object] (Illuminate\\Database\\QueryException(code: 2002): SQLSTATE[HY000] [2002] An attempt was made to access a socket in a way forbidden by its access permissions (Connection: mysql, SQL: select * from `cache` where `key` in (smart_damage_assessment_cache_illuminate:queue:restart)) at D:\\Smart Damage Assessment System\\backend\\vendor\\laravel\\framework\\src\\Illuminate\\Database\\Connection.php:825)
[stacktrace]
#0 D:\\Smart Damage Assessment System\\backend\\vendor\\laravel\\framework\\src\\Illuminate\\Database\\Connection.php(979): Illuminate\\Database\\Connection->runQueryCallback('select * from `...', Array, Object(Closure))
#1 D:\\Smart Damage Assessment System\\backend\\vendor\\laravel\\framework\\src\\Illuminate\\Database\\Connection.php(958): Illuminate\\Database\\Connection->tryAgainIfCausedByLostConnection(Object(Illuminate\\Database\\QueryException), 'select * from `...', Array, Object(Closure))
#2 D:\\Smart Damage Assessment System\\backend\\vendor\\laravel\\framework\\src\\Illuminate\\Database\\Connection.php(781): Illuminate\\Database\\Connection->handleQueryException(Object(Illuminate\\Database\\QueryException), 'select * from `...', Array, Object(Closure))
#3 D:\\Smart Damage Assessment System\\backend\\vendor\\laravel\\framework\\src\\Illuminate\\Database\\Connection.php(398): Illuminate\\Database\\Connection->run('select * from `...', Array, Object(Closure))
#4 D:\\Smart Damage Assessment System\\backend\\vendor\\laravel\\framework\\src\\Illuminate\\Database\\Query\\Builder.php(3106): Illuminate\\Database\\Connection->select('select * from `...', Array, true)
#5 D:\\Smart Damage Assessment System\\backend\\vendor\\laravel\\framework\\src\\Illuminate\\Database\\Query\\Builder.php(3091): Illuminate\\Database\\Query\\Builder->runSelect()
#6 D:\\Smart Damage Assessment System\\backend\\vendor\\laravel\\framework\\src\\Illuminate\\Database\\Query\\Builder.php(3676): Illuminate\\Database\\Query\\Builder->Illuminate\\Database\\Query\\{closure}()
#7 D:\\Smart Damage Assessment System\\backend\\vendor\\laravel\\framework\\src\\Illuminate\\Database\\Query\\Builder.php(3090): Illuminate\\Database\\Query\\Builder->onceWithColumns(Array, Object(Closure))
#8 D:\\Smart Damage Assessment System\\backend\\vendor\\laravel\\framework\\src\\Illuminate\\Cache\\DatabaseStore.php(130): Illuminate\\Database\\Query\\Builder->get()
#9 D:\\Smart Damage Assessment System\\backend\\vendor\\laravel\\framework\\src\\Illuminate\\Cache\\DatabaseStore.php(105): Illuminate\\Cache\\DatabaseStore->many(Array)
#10 D:\\Smart Damage Assessment System\\backend\\vendor\\laravel\\framework\\src\\Illuminate\\Cache\\Repository.php(117): Illuminate\\Cache\\DatabaseStore->get('illuminate:queu...')
#11 D:\\Smart Damage Assessment System\\backend\\vendor\\laravel\\framework\\src\\Illuminate\\Queue\\Worker.php(714): Illuminate\\Cache\\Repository->get('illuminate:queu...')
#12 D:\\Smart Damage Assessment System\\backend\\vendor\\laravel\\framework\\src\\Illuminate\\Queue\\Worker.php(703): Illuminate\\Queue\\Worker->getTimestampOfLastQueueRestart()
#13 D:\\Smart Damage Assessment System\\backend\\vendor\\laravel\\framework\\src\\Illuminate\\Queue\\Worker.php(309): Illuminate\\Queue\\Worker->queueShouldRestart(NULL)
#14 D:\\Smart Damage Assessment System\\backend\\vendor\\laravel\\framework\\src\\Illuminate\\Queue\\Worker.php(194): Illuminate\\Queue\\Worker->stopIfNecessary(Object(Illuminate\\Queue\\WorkerOptions), NULL, 109001.6955836, 0, NULL)
#15 D:\\Smart Damage Assessment System\\backend\\vendor\\laravel\\framework\\src\\Illuminate\\Queue\\Console\\WorkCommand.php(149): Illuminate\\Queue\\Worker->daemon('database', 'default', Object(Illuminate\\Queue\\WorkerOptions))
#16 D:\\Smart Damage Assessment System\\backend\\vendor\\laravel\\framework\\src\\Illuminate\\Queue\\Console\\WorkCommand.php(132): Illuminate\\Queue\\Console\\WorkCommand->runWorker('database', 'default')
#17 D:\\Smart Damage Assessment System\\backend\\vendor\\laravel\\framework\\src\\Illuminate\\Container\\BoundMethod.php(36): Illuminate\\Queue\\Console\\WorkCommand->handle()
#18 D:\\Smart Damage Assessment System\\backend\\vendor\\laravel\\framework\\src\\Illuminate\\Container\\Util.php(43): Illuminate\\Container\\BoundMethod::Illuminate\\Container\\{closure}()
#19 D:\\Smart Damage Assessment System\\backend\\vendor\\laravel\\framework\\src\\Illuminate\\Container\\BoundMethod.php(95): Illuminate\\Container\\Util::unwrapIfClosure(Object(Closure))
#20 D:\\Smart Damage Assessment System\\backend\\vendor\\laravel\\framework\\src\\Illuminate\\Container\\BoundMethod.php(35): Illuminate\\Container\\BoundMethod::callBoundMethod(Object(Illuminate\\Foundation\\Application), Array, Object(Closure))
#21 D:\\Smart Damage Assessment System\\backend\\vendor\\laravel\\framework\\src\\Illuminate\\Container\\Container.php(696): Illuminate\\Container\\BoundMethod::call(Object(Illuminate\\Foundation\\Application), Array, Array, NULL)
#22 D:\\Smart Damage Assessment System\\backend\\vendor\\laravel\\framework\\src\\Illuminate\\Console\\Command.php(213): Illuminate\\Container\\Container->call(Array)
#23 D:\\Smart Damage Assessment System\\backend\\vendor\\symfony\\console\\Command\\Command.php(341): Illuminate\\Console\\Command->execute(Object(Symfony\\Component\\Console\\Input\\ArgvInput), Object(Illuminate\\Console\\OutputStyle))
#24 D:\\Smart Damage Assessment System\\backend\\vendor\\laravel\\framework\\src\\Illuminate\\Console\\Command.php(182): Symfony\\Component\\Console\\Command\\Command->run(Object(Symfony\\Component\\Console\\Input\\ArgvInput), Object(Illuminate\\Console\\OutputStyle))
#25 D:\\Smart Damage Assessment System\\backend\\vendor\\symfony\\console\\Application.php(1102): Illuminate\\Console\\Command->run(Object(Symfony\\Component\\Console\\Input\\ArgvInput), Object(Symfony\\Component\\Console\\Output\\ConsoleOutput))
#26 D:\\Smart Damage Assessment System\\backend\\vendor\\symfony\\console\\Application.php(356): Symfony\\Component\\Console\\Application->doRunCommand(Object(Illuminate\\Queue\\Console\\WorkCommand), Object(Symfony\\Component\\Console\\Input\\ArgvInput), Object(Symfony\\Component\\Console\\Output\\ConsoleOutput))
#27 D:\\Smart Damage Assessment System\\backend\\vendor\\symfony\\console\\Application.php(195): Symfony\\Component\\Console\\Application->doRun(Object(Symfony\\Component\\Console\\Input\\ArgvInput), Object(Symfony\\Component\\Console\\Output\\ConsoleOutput))
#28 D:\\Smart Damage Assessment System\\backend\\vendor\\laravel\\framework\\src\\Illuminate\\Foundation\\Console\\Kernel.php(198): Symfony\\Component\\Console\\Application->run(Object(Symfony\\Component\\Console\\Input\\ArgvInput), Object(Symfony\\Component\\Console\\Output\\ConsoleOutput))
#29 D:\\Smart Damage Assessment System\\backend\\artisan(35): Illuminate\\Foundation\\Console\\Kernel->handle(Object(Symfony\\Component\\Console\\Input\\ArgvInput), Object(Symfony\\Component\\Console\\Output\\ConsoleOutput))
#30 {main}

[previous exception] [object] (PDOException(code: 2002): SQLSTATE[HY000] [2002] An attempt was made to access a socket in a way forbidden by its access permissions at D:\\Smart Damage Assessment System\\backend\\vendor\\laravel\\framework\\src\\Illuminate\\Database\\Connectors\\Connector.php:66)
[stacktrace]
#0 D:\\Smart Damage Assessment System\\backend\\vendor\\laravel\\framework\\src\\Illuminate\\Database\\Connectors\\Connector.php(66): PDO->__construct('mysql:host=127....', 'root', Object(SensitiveParameterValue), Array)
#1 D:\\Smart Damage Assessment System\\backend\\vendor\\laravel\\framework\\src\\Illuminate\\Database\\Connectors\\Connector.php(44): Illuminate\\Database\\Connectors\\Connector->createPdoConnection('mysql:host=127....', 'root', Object(SensitiveParameterValue), Array)
#2 D:\\Smart Damage Assessment System\\backend\\vendor\\laravel\\framework\\src\\Illuminate\\Database\\Connectors\\MySqlConnector.php(24): Illuminate\\Database\\Connectors\\Connector->createConnection('mysql:host=127....', Array, Array)
#3 D:\\Smart Damage Assessment System\\backend\\vendor\\laravel\\framework\\src\\Illuminate\\Database\\Connectors\\ConnectionFactory.php(185): Illuminate\\Database\\Connectors\\MySqlConnector->connect(Array)
#4 [internal function]: Illuminate\\Database\\Connectors\\ConnectionFactory->Illuminate\\Database\\Connectors\\{closure}()
#5 D:\\Smart Damage Assessment System\\backend\\vendor\\laravel\\framework\\src\\Illuminate\\Database\\Connection.php(1231): call_user_func(Object(Closure))
#6 D:\\Smart Damage Assessment System\\backend\\vendor\\laravel\\framework\\src\\Illuminate\\Database\\Connection.php(1267): Illuminate\\Database\\Connection->getPdo()
#7 D:\\Smart Damage Assessment System\\backend\\vendor\\laravel\\framework\\src\\Illuminate\\Database\\Connection.php(512): Illuminate\\Database\\Connection->getReadPdo()
#8 D:\\Smart Damage Assessment System\\backend\\vendor\\laravel\\framework\\src\\Illuminate\\Database\\Connection.php(407): Illuminate\\Database\\Connection->getPdoForSelect(true)
#9 D:\\Smart Damage Assessment System\\backend\\vendor\\laravel\\framework\\src\\Illuminate\\Database\\Connection.php(812): Illuminate\\Database\\Connection->Illuminate\\Database\\{closure}('select * from `...', Array)
#10 D:\\Smart Damage Assessment System\\backend\\vendor\\laravel\\framework\\src\\Illuminate\\Database\\Connection.php(979): Illuminate\\Database\\Connection->runQueryCallback('select * from `...', Array, Object(Closure))
#11 D:\\Smart Damage Assessment System\\backend\\vendor\\laravel\\framework\\src\\Illuminate\\Database\\Connection.php(958): Illuminate\\Database\\Connection->tryAgainIfCausedByLostConnection(Object(Illuminate\\Database\\QueryException), 'select * from `...', Array, Object(Closure))
#12 D:\\Smart Damage Assessment System\\backend\\vendor\\laravel\\framework\\src\\Illuminate\\Database\\Connection.php(781): Illuminate\\Database\\Connection->handleQueryException(Object(Illuminate\\Database\\QueryException), 'select * from `...', Array, Object(Closure))
#13 D:\\Smart Damage Assessment System\\backend\\vendor\\laravel\\framework\\src\\Illuminate\\Database\\Connection.php(398): Illuminate\\Database\\Connection->run('select * from `...', Array, Object(Closure))
#14 D:\\Smart Damage Assessment System\\backend\\vendor\\laravel\\framework\\src\\Illuminate\\Database\\Query\\Builder.php(3106): Illuminate\\Database\\Connection->select('select * from `...', Array, true)
#15 D:\\Smart Damage Assessment System\\backend\\vendor\\laravel\\framework\\src\\Illuminate\\Database\\Query\\Builder.php(3091): Illuminate\\Database\\Query\\Builder->runSelect()
#16 D:\\Smart Damage Assessment System\\backend\\vendor\\laravel\\framework\\src\\Illuminate\\Database\\Query\\Builder.php(3676): Illuminate\\Database\\Query\\Builder->Illuminate\\Database\\Query\\{closure}()
#17 D:\\Smart Damage Assessment System\\backend\\vendor\\laravel\\framework\\src\\Illuminate\\Database\\Query\\Builder.php(3090): Illuminate\\Database\\Query\\Builder->onceWithColumns(Array, Object(Closure))
#18 D:\\Smart Damage Assessment System\\backend\\vendor\\laravel\\framework\\src\\Illuminate\\Cache\\DatabaseStore.php(130): Illuminate\\Database\\Query\\Builder->get()
#19 D:\\Smart Damage Assessment System\\backend\\vendor\\laravel\\framework\\src\\Illuminate\\Cache\\DatabaseStore.php(105): Illuminate\\Cache\\DatabaseStore->many(Array)
#20 D:\\Smart Damage Assessment System\\backend\\vendor\\laravel\\framework\\src\\Illuminate\\Cache\\Repository.php(117): Illuminate\\Cache\\DatabaseStore->get('illuminate:queu...')
#21 D:\\Smart Damage Assessment System\\backend\\vendor\\laravel\\framework\\src\\Illuminate\\Queue\\Worker.php(714): Illuminate\\Cache\\Repository->get('illuminate:queu...')
#22 D:\\Smart Damage Assessment System\\backend\\vendor\\laravel\\framework\\src\\Illuminate\\Queue\\Worker.php(703): Illuminate\\Queue\\Worker->getTimestampOfLastQueueRestart()
#23 D:\\Smart Damage Assessment System\\backend\\vendor\\laravel\\framework\\src\\Illuminate\\Queue\\Worker.php(309): Illuminate\\Queue\\Worker->queueShouldRestart(NULL)
#24 D:\\Smart Damage Assessment System\\backend\\vendor\\laravel\\framework\\src\\Illuminate\\Queue\\Worker.php(194): Illuminate\\Queue\\Worker->stopIfNecessary(Object(Illuminate\\Queue\\WorkerOptions), NULL, 109001.6955836, 0, NULL)
#25 D:\\Smart Damage Assessment System\\backend\\vendor\\laravel\\framework\\src\\Illuminate\\Queue\\Console\\WorkCommand.php(149): Illuminate\\Queue\\Worker->daemon('database', 'default', Object(Illuminate\\Queue\\WorkerOptions))
#26 D:\\Smart Damage Assessment System\\backend\\vendor\\laravel\\framework\\src\\Illuminate\\Queue\\Console\\WorkCommand.php(132): Illuminate\\Queue\\Console\\WorkCommand->runWorker('database', 'default')
#27 D:\\Smart Damage Assessment System\\backend\\vendor\\laravel\\framework\\src\\Illuminate\\Container\\BoundMethod.php(36): Illuminate\\Queue\\Console\\WorkCommand->handle()
#28 D:\\Smart Damage Assessment System\\backend\\vendor\\laravel\\framework\\src\\Illuminate\\Container\\Util.php(43): Illuminate\\Container\\BoundMethod::Illuminate\\Container\\{closure}()
#29 D:\\Smart Damage Assessment System\\backend\\vendor\\laravel\\framework\\src\\Illuminate\\Container\\BoundMethod.php(95): Illuminate\\Container\\Util::unwrapIfClosure(Object(Closure))
#30 D:\\Smart Damage Assessment System\\backend\\vendor\\laravel\\framework\\src\\Illuminate\\Container\\BoundMethod.php(35): Illuminate\\Container\\BoundMethod::callBoundMethod(Object(Illuminate\\Foundation\\Application), Array, Object(Closure))
#31 D:\\Smart Damage Assessment System\\backend\\vendor\\laravel\\framework\\src\\Illuminate\\Container\\Container.php(696): Illuminate\\Container\\BoundMethod::call(Object(Illuminate\\Foundation\\Application), Array, Array, NULL)
#32 D:\\Smart Damage Assessment System\\backend\\vendor\\laravel\\framework\\src\\Illuminate\\Console\\Command.php(213): Illuminate\\Container\\Container->call(Array)
#33 D:\\Smart Damage Assessment System\\backend\\vendor\\symfony\\console\\Command\\Command.php(341): Illuminate\\Console\\Command->execute(Object(Symfony\\Component\\Console\\Input\\ArgvInput), Object(Illuminate\\Console\\OutputStyle))
#34 D:\\Smart Damage Assessment System\\backend\\vendor\\laravel\\framework\\src\\Illuminate\\Console\\Command.php(182): Symfony\\Component\\Console\\Command\\Command->run(Object(Symfony\\Component\\Console\\Input\\ArgvInput), Object(Illuminate\\Console\\OutputStyle))
#35 D:\\Smart Damage Assessment System\\backend\\vendor\\symfony\\console\\Application.php(1102): Illuminate\\Console\\Command->run(Object(Symfony\\Component\\Console\\Input\\ArgvInput), Object(Symfony\\Component\\Console\\Output\\ConsoleOutput))
#36 D:\\Smart Damage Assessment System\\backend\\vendor\\symfony\\console\\Application.php(356): Symfony\\Component\\Console\\Application->doRunCommand(Object(Illuminate\\Queue\\Console\\WorkCommand), Object(Symfony\\Component\\Console\\Input\\ArgvInput), Object(Symfony\\Component\\Console\\Output\\ConsoleOutput))
#37 D:\\Smart Damage Assessment System\\backend\\vendor\\symfony\\console\\Application.php(195): Symfony\\Component\\Console\\Application->doRun(Object(Symfony\\Component\\Console\\Input\\ArgvInput), Object(Symfony\\Component\\Console\\Output\\ConsoleOutput))
#38 D:\\Smart Damage Assessment System\\backend\\vendor\\laravel\\framework\\src\\Illuminate\\Foundation\\Console\\Kernel.php(198): Symfony\\Component\\Console\\Application->run(Object(Symfony\\Component\\Console\\Input\\ArgvInput), Object(Symfony\\Component\\Console\\Output\\ConsoleOutput))
#39 D:\\Smart Damage Assessment System\\backend\\artisan(35): Illuminate\\Foundation\\Console\\Kernel->handle(Object(Symfony\\Component\\Console\\Input\\ArgvInput), Object(Symfony\\Component\\Console\\Output\\ConsoleOutput))
#40 {main}
"} 
[2026-01-19 10:57:48] local.ERROR: SQLSTATE[HY000] [2002] No connection could be made because the target machine actively refused it (Connection: mysql, SQL: select * from `cache` where `key` in (smart_damage_assessment_cache_nash239204@gmail.com|127.0.0.1)) {"exception":"[object] (Illuminate\\Database\\QueryException(code: 2002): SQLSTATE[HY000] [2002] No connection could be made because the target machine actively refused it (Connection: mysql, SQL: select * from `cache` where `key` in (smart_damage_assessment_cache_nash239204@gmail.com|127.0.0.1)) at D:\\Smart Damage Assessment System\\backend\\vendor\\laravel\\framework\\src\\Illuminate\\Database\\Connection.php:825)
[stacktrace]
#0 D:\\Smart Damage Assessment System\\backend\\vendor\\laravel\\framework\\src\\Illuminate\\Database\\Connection.php(979): Illuminate\\Database\\Connection->runQueryCallback('select * from `...', Array, Object(Closure))
#1 D:\\Smart Damage Assessment System\\backend\\vendor\\laravel\\framework\\src\\Illuminate\\Database\\Connection.php(958): Illuminate\\Database\\Connection->tryAgainIfCausedByLostConnection(Object(Illuminate\\Database\\QueryException), 'select * from `...', Array, Object(Closure))
#2 D:\\Smart Damage Assessment System\\backend\\vendor\\laravel\\framework\\src\\Illuminate\\Database\\Connection.php(781): Illuminate\\Database\\Connection->handleQueryException(Object(Illuminate\\Database\\QueryException), 'select * from `...', Array, Object(Closure))
#3 D:\\Smart Damage Assessment System\\backend\\vendor\\laravel\\framework\\src\\Illuminate\\Database\\Connection.php(398): Illuminate\\Database\\Connection->run('select * from `...', Array, Object(Closure))
#4 D:\\Smart Damage Assessment System\\backend\\vendor\\laravel\\framework\\src\\Illuminate\\Database\\Query\\Builder.php(3106): Illuminate\\Database\\Connection->select('select * from `...', Array, true)
#5 D:\\Smart Damage Assessment System\\backend\\vendor\\laravel\\framework\\src\\Illuminate\\Database\\Query\\Builder.php(3091): Illuminate\\Database\\Query\\Builder->runSelect()
#6 D:\\Smart Damage Assessment System\\backend\\vendor\\laravel\\framework\\src\\Illuminate\\Database\\Query\\Builder.php(3676): Illuminate\\Database\\Query\\Builder->Illuminate\\Database\\Query\\{closure}()
#7 D:\\Smart Damage Assessment System\\backend\\vendor\\laravel\\framework\\src\\Illuminate\\Database\\Query\\Builder.php(3090): Illuminate\\Database\\Query\\Builder->onceWithColumns(Array, Object(Closure))
#8 D:\\Smart Damage Assessment System\\backend\\vendor\\laravel\\framework\\src\\Illuminate\\Cache\\DatabaseStore.php(130): Illuminate\\Database\\Query\\Builder->get()
#9 D:\\Smart Damage Assessment System\\backend\\vendor\\laravel\\framework\\src\\Illuminate\\Cache\\DatabaseStore.php(105): Illuminate\\Cache\\DatabaseStore->many(Array)
#10 D:\\Smart Damage Assessment System\\backend\\vendor\\laravel\\framework\\src\\Illuminate\\Cache\\Repository.php(117): Illuminate\\Cache\\DatabaseStore->get('nash239204@gmai...')
#11 D:\\Smart Damage Assessment System\\backend\\vendor\\laravel\\framework\\src\\Illuminate\\Cache\\RateLimiter.php(207): Illuminate\\Cache\\Repository->get('nash239204@gmai...', 0)
#12 D:\\Smart Damage Assessment System\\backend\\vendor\\laravel\\framework\\src\\Illuminate\\Cache\\RateLimiter.php(301): Illuminate\\Cache\\RateLimiter->Illuminate\\Cache\\{closure}()
#13 D:\\Smart Damage Assessment System\\backend\\vendor\\laravel\\framework\\src\\Illuminate\\Cache\\RateLimiter.php(207): Illuminate\\Cache\\RateLimiter->withoutSerializationOrCompression(Object(Closure))
#14 D:\\Smart Damage Assessment System\\backend\\vendor\\laravel\\framework\\src\\Illuminate\\Cache\\RateLimiter.php(130): Illuminate\\Cache\\RateLimiter->attempts('nash239204@gmai...')
#15 D:\\Smart Damage Assessment System\\backend\\vendor\\laravel\\framework\\src\\Illuminate\\Support\\Facades\\Facade.php(361): Illuminate\\Cache\\RateLimiter->tooManyAttempts('nash239204@gmai...', 5)
#16 D:\\Smart Damage Assessment System\\backend\\app\\Http\\Requests\\Auth\\LoginRequest.php(62): Illuminate\\Support\\Facades\\Facade::__callStatic('tooManyAttempts', Array)
#17 D:\\Smart Damage Assessment System\\backend\\app\\Http\\Requests\\Auth\\LoginRequest.php(42): App\\Http\\Requests\\Auth\\LoginRequest->ensureIsNotRateLimited()
#18 D:\\Smart Damage Assessment System\\backend\\app\\Http\\Controllers\\Auth\\AuthenticatedSessionController.php(27): App\\Http\\Requests\\Auth\\LoginRequest->authenticate()
#19 D:\\Smart Damage Assessment System\\backend\\vendor\\laravel\\framework\\src\\Illuminate\\Routing\\Controller.php(54): App\\Http\\Controllers\\Auth\\AuthenticatedSessionController->store(Object(App\\Http\\Requests\\Auth\\LoginRequest))
#20 D:\\Smart Damage Assessment System\\backend\\vendor\\laravel\\framework\\src\\Illuminate\\Routing\\ControllerDispatcher.php(44): Illuminate\\Routing\\Controller->callAction('store', Array)
#21 D:\\Smart Damage Assessment System\\backend\\vendor\\laravel\\framework\\src\\Illuminate\\Routing\\Route.php(266): Illuminate\\Routing\\ControllerDispatcher->dispatch(Object(Illuminate\\Routing\\Route), Object(App\\Http\\Controllers\\Auth\\AuthenticatedSessionController), 'store')
#22 D:\\Smart Damage Assessment System\\backend\\vendor\\laravel\\framework\\src\\Illuminate\\Routing\\Route.php(212): Illuminate\\Routing\\Route->runController()
#23 D:\\Smart Damage Assessment System\\backend\\vendor\\laravel\\framework\\src\\Illuminate\\Routing\\Router.php(808): Illuminate\\Routing\\Route->run()
#24 D:\\Smart Damage Assessment System\\backend\\vendor\\laravel\\framework\\src\\Illuminate\\Pipeline\\Pipeline.php(170): Illuminate\\Routing\\Router->Illuminate\\Routing\\{closure}(Object(Illuminate\\Http\\Request))
#25 D:\\Smart Damage Assessment System\\backend\\vendor\\laravel\\framework\\src\\Illuminate\\Auth\\Middleware\\RedirectIfAuthenticated.php(35): Illuminate\\Pipeline\\Pipeline->Illuminate\\Pipeline\\{closure}(Object(Illuminate\\Http\\Request))
#26 D:\\Smart Damage Assessment System\\backend\\vendor\\laravel\\framework\\src\\Illuminate\\Pipeline\\Pipeline.php(209): Illuminate\\Auth\\Middleware\\RedirectIfAuthenticated->handle(Object(Illuminate\\Http\\Request), Object(Closure))
#27 D:\\Smart Damage Assessment System\\backend\\vendor\\laravel\\framework\\src\\Illuminate\\Routing\\Middleware\\SubstituteBindings.php(51): Illuminate\\Pipeline\\Pipeline->Illuminate\\Pipeline\\{closure}(Object(Illuminate\\Http\\Request))
#28 D:\\Smart Damage Assessment System\\backend\\vendor\\laravel\\framework\\src\\Illuminate\\Pipeline\\Pipeline.php(209): Illuminate\\Routing\\Middleware\\SubstituteBindings->handle(Object(Illuminate\\Http\\Request), Object(Closure))
#29 D:\\Smart Damage Assessment System\\backend\\vendor\\laravel\\framework\\src\\Illuminate\\Foundation\\Http\\Middleware\\VerifyCsrfToken.php(88): Illuminate\\Pipeline\\Pipeline->Illuminate\\Pipeline\\{closure}(Object(Illuminate\\Http\\Request))
#30 D:\\Smart Damage Assessment System\\backend\\vendor\\laravel\\framework\\src\\Illuminate\\Pipeline\\Pipeline.php(209): Illuminate\\Foundation\\Http\\Middleware\\VerifyCsrfToken->handle(Object(Illuminate\\Http\\Request), Object(Closure))
#31 D:\\Smart Damage Assessment System\\backend\\vendor\\laravel\\framework\\src\\Illuminate\\View\\Middleware\\ShareErrorsFromSession.php(49): Illuminate\\Pipeline\\Pipeline->Illuminate\\Pipeline\\{closure}(Object(Illuminate\\Http\\Request))
#32 D:\\Smart Damage Assessment System\\backend\\vendor\\laravel\\framework\\src\\Illuminate\\Pipeline\\Pipeline.php(209): Illuminate\\View\\Middleware\\ShareErrorsFromSession->handle(Object(Illuminate\\Http\\Request), Object(Closure))
#33 D:\\Smart Damage Assessment System\\backend\\vendor\\laravel\\framework\\src\\Illuminate\\Session\\Middleware\\StartSession.php(121): Illuminate\\Pipeline\\Pipeline->Illuminate\\Pipeline\\{closure}(Object(Illuminate\\Http\\Request))
#34 D:\\Smart Damage Assessment System\\backend\\vendor\\laravel\\framework\\src\\Illuminate\\Session\\Middleware\\StartSession.php(64): Illuminate\\Session\\Middleware\\StartSession->handleStatefulRequest(Object(Illuminate\\Http\\Request), Object(Illuminate\\Session\\Store), Object(Closure))
#35 D:\\Smart Damage Assessment System\\backend\\vendor\\laravel\\framework\\src\\Illuminate\\Pipeline\\Pipeline.php(209): Illuminate\\Session\\Middleware\\StartSession->handle(Object(Illuminate\\Http\\Request), Object(Closure))
#36 D:\\Smart Damage Assessment System\\backend\\vendor\\laravel\\framework\\src\\Illuminate\\Cookie\\Middleware\\AddQueuedCookiesToResponse.php(37): Illuminate\\Pipeline\\Pipeline->Illuminate\\Pipeline\\{closure}(Object(Illuminate\\Http\\Request))
#37 D:\\Smart Damage Assessment System\\backend\\vendor\\laravel\\framework\\src\\Illuminate\\Pipeline\\Pipeline.php(209): Illuminate\\Cookie\\Middleware\\AddQueuedCookiesToResponse->handle(Object(Illuminate\\Http\\Request), Object(Closure))
#38 D:\\Smart Damage Assessment System\\backend\\vendor\\laravel\\framework\\src\\Illuminate\\Cookie\\Middleware\\EncryptCookies.php(75): Illuminate\\Pipeline\\Pipeline->Illuminate\\Pipeline\\{closure}(Object(Illuminate\\Http\\Request))
#39 D:\\Smart Damage Assessment System\\backend\\vendor\\laravel\\framework\\src\\Illuminate\\Pipeline\\Pipeline.php(209): Illuminate\\Cookie\\Middleware\\EncryptCookies->handle(Object(Illuminate\\Http\\Request), Object(Closure))
#40 D:\\Smart Damage Assessment System\\backend\\vendor\\laravel\\framework\\src\\Illuminate\\Pipeline\\Pipeline.php(127): Illuminate\\Pipeline\\Pipeline->Illuminate\\Pipeline\\{closure}(Object(Illuminate\\Http\\Request))
#41 D:\\Smart Damage Assessment System\\backend\\vendor\\laravel\\framework\\src\\Illuminate\\Routing\\Router.php(807): Illuminate\\Pipeline\\Pipeline->then(Object(Closure))
#42 D:\\Smart Damage Assessment System\\backend\\vendor\\laravel\\framework\\src\\Illuminate\\Routing\\Router.php(786): Illuminate\\Routing\\Router->runRouteWithinStack(Object(Illuminate\\Routing\\Route), Object(Illuminate\\Http\\Request))
#43 D:\\Smart Damage Assessment System\\backend\\vendor\\laravel\\framework\\src\\Illuminate\\Routing\\Router.php(750): Illuminate\\Routing\\Router->runRoute(Object(Illuminate\\Http\\Request), Object(Illuminate\\Routing\\Route))
#44 D:\\Smart Damage Assessment System\\backend\\vendor\\laravel\\framework\\src\\Illuminate\\Routing\\Router.php(739): Illuminate\\Routing\\Router->dispatchToRoute(Object(Illuminate\\Http\\Request))
#45 D:\\Smart Damage Assessment System\\backend\\vendor\\laravel\\framework\\src\\Illuminate\\Foundation\\Http\\Kernel.php(201): Illuminate\\Routing\\Router->dispatch(Object(Illuminate\\Http\\Request))
#46 D:\\Smart Damage Assessment System\\backend\\vendor\\laravel\\framework\\src\\Illuminate\\Pipeline\\Pipeline.php(170): Illuminate\\Foundation\\Http\\Kernel->Illuminate\\Foundation\\Http\\{closure}(Object(Illuminate\\Http\\Request))
#47 D:\\Smart Damage Assessment System\\backend\\vendor\\laravel\\framework\\src\\Illuminate\\Foundation\\Http\\Middleware\\TransformsRequest.php(21): Illuminate\\Pipeline\\Pipeline->Illuminate\\Pipeline\\{closure}(Object(Illuminate\\Http\\Request))
#48 D:\\Smart Damage Assessment System\\backend\\vendor\\laravel\\framework\\src\\Illuminate\\Foundation\\Http\\Middleware\\ConvertEmptyStringsToNull.php(31): Illuminate\\Foundation\\Http\\Middleware\\TransformsRequest->handle(Object(Illuminate\\Http\\Request), Object(Closure))
#49 D:\\Smart Damage Assessment System\\backend\\vendor\\laravel\\framework\\src\\Illuminate\\Pipeline\\Pipeline.php(209): Illuminate\\Foundation\\Http\\Middleware\\ConvertEmptyStringsToNull->handle(Object(Illuminate\\Http\\Request), Object(Closure))
#50 D:\\Smart Damage Assessment System\\backend\\vendor\\laravel\\framework\\src\\Illuminate\\Foundation\\Http\\Middleware\\TransformsRequest.php(21): Illuminate\\Pipeline\\Pipeline->Illuminate\\Pipeline\\{closure}(Object(Illuminate\\Http\\Request))
#51 D:\\Smart Damage Assessment System\\backend\\vendor\\laravel\\framework\\src\\Illuminate\\Foundation\\Http\\Middleware\\TrimStrings.php(51): Illuminate\\Foundation\\Http\\Middleware\\TransformsRequest->handle(Object(Illuminate\\Http\\Request), Object(Closure))
#52 D:\\Smart Damage Assessment System\\backend\\vendor\\laravel\\framework\\src\\Illuminate\\Pipeline\\Pipeline.php(209): Illuminate\\Foundation\\Http\\Middleware\\TrimStrings->handle(Object(Illuminate\\Http\\Request), Object(Closure))
#53 D:\\Smart Damage Assessment System\\backend\\vendor\\laravel\\framework\\src\\Illuminate\\Http\\Middleware\\ValidatePostSize.php(27): Illuminate\\Pipeline\\Pipeline->Illuminate\\Pipeline\\{closure}(Object(Illuminate\\Http\\Request))
#54 D:\\Smart Damage Assessment System\\backend\\vendor\\laravel\\framework\\src\\Illuminate\\Pipeline\\Pipeline.php(209): Illuminate\\Http\\Middleware\\ValidatePostSize->handle(Object(Illuminate\\Http\\Request), Object(Closure))
#55 D:\\Smart Damage Assessment System\\backend\\vendor\\laravel\\framework\\src\\Illuminate\\Foundation\\Http\\Middleware\\PreventRequestsDuringMaintenance.php(110): Illuminate\\Pipeline\\Pipeline->Illuminate\\Pipeline\\{closure}(Object(Illuminate\\Http\\Request))
#56 D:\\Smart Damage Assessment System\\backend\\vendor\\laravel\\framework\\src\\Illuminate\\Pipeline\\Pipeline.php(209): Illuminate\\Foundation\\Http\\Middleware\\PreventRequestsDuringMaintenance->handle(Object(Illuminate\\Http\\Request), Object(Closure))
#57 D:\\Smart Damage Assessment System\\backend\\vendor\\laravel\\framework\\src\\Illuminate\\Http\\Middleware\\HandleCors.php(49): Illuminate\\Pipeline\\Pipeline->Illuminate\\Pipeline\\{closure}(Object(Illuminate\\Http\\Request))
#58 D:\\Smart Damage Assessment System\\backend\\vendor\\laravel\\framework\\src\\Illuminate\\Pipeline\\Pipeline.php(209): Illuminate\\Http\\Middleware\\HandleCors->handle(Object(Illuminate\\Http\\Request), Object(Closure))
#59 D:\\Smart Damage Assessment System\\backend\\vendor\\laravel\\framework\\src\\Illuminate\\Http\\Middleware\\TrustProxies.php(58): Illuminate\\Pipeline\\Pipeline->Illuminate\\Pipeline\\{closure}(Object(Illuminate\\Http\\Request))
#60 D:\\Smart Damage Assessment System\\backend\\vendor\\laravel\\framework\\src\\Illuminate\\Pipeline\\Pipeline.php(209): Illuminate\\Http\\Middleware\\TrustProxies->handle(Object(Illuminate\\Http\\Request), Object(Closure))
#61 D:\\Smart Damage Assessment System\\backend\\vendor\\laravel\\framework\\src\\Illuminate\\Foundation\\Http\\Middleware\\InvokeDeferredCallbacks.php(22): Illuminate\\Pipeline\\Pipeline->Illuminate\\Pipeline\\{closure}(Object(Illuminate\\Http\\Request))
#62 D:\\Smart Damage Assessment System\\backend\\vendor\\laravel\\framework\\src\\Illuminate\\Pipeline\\Pipeline.php(209): Illuminate\\Foundation\\Http\\Middleware\\InvokeDeferredCallbacks->handle(Object(Illuminate\\Http\\Request), Object(Closure))
#63 D:\\Smart Damage Assessment System\\backend\\vendor\\laravel\\framework\\src\\Illuminate\\Pipeline\\Pipeline.php(127): Illuminate\\Pipeline\\Pipeline->Illuminate\\Pipeline\\{closure}(Object(Illuminate\\Http\\Request))
#64 D:\\Smart Damage Assessment System\\backend\\vendor\\laravel\\framework\\src\\Illuminate\\Foundation\\Http\\Kernel.php(176): Illuminate\\Pipeline\\Pipeline->then(Object(Closure))
#65 D:\\Smart Damage Assessment System\\backend\\vendor\\laravel\\framework\\src\\Illuminate\\Foundation\\Http\\Kernel.php(145): Illuminate\\Foundation\\Http\\Kernel->sendRequestThroughRouter(Object(Illuminate\\Http\\Request))
#66 D:\\Smart Damage Assessment System\\backend\\public\\index.php(17): Illuminate\\Foundation\\Http\\Kernel->handle(Object(Illuminate\\Http\\Request))
#67 D:\\Smart Damage Assessment System\\backend\\vendor\\laravel\\framework\\src\\Illuminate\\Foundation\\resources\\server.php(23): require_once('D:\\\\Smart Damage...')
#68 {main}

[previous exception] [object] (PDOException(code: 2002): SQLSTATE[HY000] [2002] No connection could be made because the target machine actively refused it at D:\\Smart Damage Assessment System\\backend\\vendor\\laravel\\framework\\src\\Illuminate\\Database\\Connectors\\Connector.php:66)
[stacktrace]
#0 D:\\Smart Damage Assessment System\\backend\\vendor\\laravel\\framework\\src\\Illuminate\\Database\\Connectors\\Connector.php(66): PDO->__construct('mysql:host=127....', 'root', Object(SensitiveParameterValue), Array)
#1 D:\\Smart Damage Assessment System\\backend\\vendor\\laravel\\framework\\src\\Illuminate\\Database\\Connectors\\Connector.php(85): Illuminate\\Database\\Connectors\\Connector->createPdoConnection('mysql:host=127....', 'root', Object(SensitiveParameterValue), Array)
#2 D:\\Smart Damage Assessment System\\backend\\vendor\\laravel\\framework\\src\\Illuminate\\Database\\Connectors\\Connector.php(48): Illuminate\\Database\\Connectors\\Connector->tryAgainIfCausedByLostConnection(Object(PDOException), 'mysql:host=127....', 'root', Object(SensitiveParameterValue), Array)
#3 D:\\Smart Damage Assessment System\\backend\\vendor\\laravel\\framework\\src\\Illuminate\\Database\\Connectors\\MySqlConnector.php(24): Illuminate\\Database\\Connectors\\Connector->createConnection('mysql:host=127....', Array, Array)
#4 D:\\Smart Damage Assessment System\\backend\\vendor\\laravel\\framework\\src\\Illuminate\\Database\\Connectors\\ConnectionFactory.php(185): Illuminate\\Database\\Connectors\\MySqlConnector->connect(Array)
#5 [internal function]: Illuminate\\Database\\Connectors\\ConnectionFactory->Illuminate\\Database\\Connectors\\{closure}()
#6 D:\\Smart Damage Assessment System\\backend\\vendor\\laravel\\framework\\src\\Illuminate\\Database\\Connection.php(1231): call_user_func(Object(Closure))
#7 D:\\Smart Damage Assessment System\\backend\\vendor\\laravel\\framework\\src\\Illuminate\\Database\\Connection.php(1267): Illuminate\\Database\\Connection->getPdo()
#8 D:\\Smart Damage Assessment System\\backend\\vendor\\laravel\\framework\\src\\Illuminate\\Database\\Connection.php(512): Illuminate\\Database\\Connection->getReadPdo()
#9 D:\\Smart Damage Assessment System\\backend\\vendor\\laravel\\framework\\src\\Illuminate\\Database\\Connection.php(407): Illuminate\\Database\\Connection->getPdoForSelect(true)
#10 D:\\Smart Damage Assessment System\\backend\\vendor\\laravel\\framework\\src\\Illuminate\\Database\\Connection.php(812): Illuminate\\Database\\Connection->Illuminate\\Database\\{closure}('select * from `...', Array)
#11 D:\\Smart Damage Assessment System\\backend\\vendor\\laravel\\framework\\src\\Illuminate\\Database\\Connection.php(979): Illuminate\\Database\\Connection->runQueryCallback('select * from `...', Array, Object(Closure))
#12 D:\\Smart Damage Assessment System\\backend\\vendor\\laravel\\framework\\src\\Illuminate\\Database\\Connection.php(958): Illuminate\\Database\\Connection->tryAgainIfCausedByLostConnection(Object(Illuminate\\Database\\QueryException), 'select * from `...', Array, Object(Closure))
#13 D:\\Smart Damage Assessment System\\backend\\vendor\\laravel\\framework\\src\\Illuminate\\Database\\Connection.php(781): Illuminate\\Database\\Connection->handleQueryException(Object(Illuminate\\Database\\QueryException), 'select * from `...', Array, Object(Closure))
#14 D:\\Smart Damage Assessment System\\backend\\vendor\\laravel\\framework\\src\\Illuminate\\Database\\Connection.php(398): Illuminate\\Database\\Connection->run('select * from `...', Array, Object(Closure))
#15 D:\\Smart Damage Assessment System\\backend\\vendor\\laravel\\framework\\src\\Illuminate\\Database\\Query\\Builder.php(3106): Illuminate\\Database\\Connection->select('select * from `...', Array, true)
#16 D:\\Smart Damage Assessment System\\backend\\vendor\\laravel\\framework\\src\\Illuminate\\Database\\Query\\Builder.php(3091): Illuminate\\Database\\Query\\Builder->runSelect()
#17 D:\\Smart Damage Assessment System\\backend\\vendor\\laravel\\framework\\src\\Illuminate\\Database\\Query\\Builder.php(3676): Illuminate\\Database\\Query\\Builder->Illuminate\\Database\\Query\\{closure}()
#18 D:\\Smart Damage Assessment System\\backend\\vendor\\laravel\\framework\\src\\Illuminate\\Database\\Query\\Builder.php(3090): Illuminate\\Database\\Query\\Builder->onceWithColumns(Array, Object(Closure))
#19 D:\\Smart Damage Assessment System\\backend\\vendor\\laravel\\framework\\src\\Illuminate\\Cache\\DatabaseStore.php(130): Illuminate\\Database\\Query\\Builder->get()
#20 D:\\Smart Damage Assessment System\\backend\\vendor\\laravel\\framework\\src\\Illuminate\\Cache\\DatabaseStore.php(105): Illuminate\\Cache\\DatabaseStore->many(Array)
#21 D:\\Smart Damage Assessment System\\backend\\vendor\\laravel\\framework\\src\\Illuminate\\Cache\\Repository.php(117): Illuminate\\Cache\\DatabaseStore->get('nash239204@gmai...')
#22 D:\\Smart Damage Assessment System\\backend\\vendor\\laravel\\framework\\src\\Illuminate\\Cache\\RateLimiter.php(207): Illuminate\\Cache\\Repository->get('nash239204@gmai...', 0)
#23 D:\\Smart Damage Assessment System\\backend\\vendor\\laravel\\framework\\src\\Illuminate\\Cache\\RateLimiter.php(301): Illuminate\\Cache\\RateLimiter->Illuminate\\Cache\\{closure}()
#24 D:\\Smart Damage Assessment System\\backend\\vendor\\laravel\\framework\\src\\Illuminate\\Cache\\RateLimiter.php(207): Illuminate\\Cache\\RateLimiter->withoutSerializationOrCompression(Object(Closure))
#25 D:\\Smart Damage Assessment System\\backend\\vendor\\laravel\\framework\\src\\Illuminate\\Cache\\RateLimiter.php(130): Illuminate\\Cache\\RateLimiter->attempts('nash239204@gmai...')
#26 D:\\Smart Damage Assessment System\\backend\\vendor\\laravel\\framework\\src\\Illuminate\\Support\\Facades\\Facade.php(361): Illuminate\\Cache\\RateLimiter->tooManyAttempts('nash239204@gmai...', 5)
#27 D:\\Smart Damage Assessment System\\backend\\app\\Http\\Requests\\Auth\\LoginRequest.php(62): Illuminate\\Support\\Facades\\Facade::__callStatic('tooManyAttempts', Array)
#28 D:\\Smart Damage Assessment System\\backend\\app\\Http\\Requests\\Auth\\LoginRequest.php(42): App\\Http\\Requests\\Auth\\LoginRequest->ensureIsNotRateLimited()
#29 D:\\Smart Damage Assessment System\\backend\\app\\Http\\Controllers\\Auth\\AuthenticatedSessionController.php(27): App\\Http\\Requests\\Auth\\LoginRequest->authenticate()
#30 D:\\Smart Damage Assessment System\\backend\\vendor\\laravel\\framework\\src\\Illuminate\\Routing\\Controller.php(54): App\\Http\\Controllers\\Auth\\AuthenticatedSessionController->store(Object(App\\Http\\Requests\\Auth\\LoginRequest))
#31 D:\\Smart Damage Assessment System\\backend\\vendor\\laravel\\framework\\src\\Illuminate\\Routing\\ControllerDispatcher.php(44): Illuminate\\Routing\\Controller->callAction('store', Array)
#32 D:\\Smart Damage Assessment System\\backend\\vendor\\laravel\\framework\\src\\Illuminate\\Routing\\Route.php(266): Illuminate\\Routing\\ControllerDispatcher->dispatch(Object(Illuminate\\Routing\\Route), Object(App\\Http\\Controllers\\Auth\\AuthenticatedSessionController), 'store')
#33 D:\\Smart Damage Assessment System\\backend\\vendor\\laravel\\framework\\src\\Illuminate\\Routing\\Route.php(212): Illuminate\\Routing\\Route->runController()
#34 D:\\Smart Damage Assessment System\\backend\\vendor\\laravel\\framework\\src\\Illuminate\\Routing\\Router.php(808): Illuminate\\Routing\\Route->run()
#35 D:\\Smart Damage Assessment System\\backend\\vendor\\laravel\\framework\\src\\Illuminate\\Pipeline\\Pipeline.php(170): Illuminate\\Routing\\Router->Illuminate\\Routing\\{closure}(Object(Illuminate\\Http\\Request))
#36 D:\\Smart Damage Assessment System\\backend\\vendor\\laravel\\framework\\src\\Illuminate\\Auth\\Middleware\\RedirectIfAuthenticated.php(35): Illuminate\\Pipeline\\Pipeline->Illuminate\\Pipeline\\{closure}(Object(Illuminate\\Http\\Request))
#37 D:\\Smart Damage Assessment System\\backend\\vendor\\laravel\\framework\\src\\Illuminate\\Pipeline\\Pipeline.php(209): Illuminate\\Auth\\Middleware\\RedirectIfAuthenticated->handle(Object(Illuminate\\Http\\Request), Object(Closure))
#38 D:\\Smart Damage Assessment System\\backend\\vendor\\laravel\\framework\\src\\Illuminate\\Routing\\Middleware\\SubstituteBindings.php(51): Illuminate\\Pipeline\\Pipeline->Illuminate\\Pipeline\\{closure}(Object(Illuminate\\Http\\Request))
#39 D:\\Smart Damage Assessment System\\backend\\vendor\\laravel\\framework\\src\\Illuminate\\Pipeline\\Pipeline.php(209): Illuminate\\Routing\\Middleware\\SubstituteBindings->handle(Object(Illuminate\\Http\\Request), Object(Closure))
#40 D:\\Smart Damage Assessment System\\backend\\vendor\\laravel\\framework\\src\\Illuminate\\Foundation\\Http\\Middleware\\VerifyCsrfToken.php(88): Illuminate\\Pipeline\\Pipeline->Illuminate\\Pipeline\\{closure}(Object(Illuminate\\Http\\Request))
#41 D:\\Smart Damage Assessment System\\backend\\vendor\\laravel\\framework\\src\\Illuminate\\Pipeline\\Pipeline.php(209): Illuminate\\Foundation\\Http\\Middleware\\VerifyCsrfToken->handle(Object(Illuminate\\Http\\Request), Object(Closure))
#42 D:\\Smart Damage Assessment System\\backend\\vendor\\laravel\\framework\\src\\Illuminate\\View\\Middleware\\ShareErrorsFromSession.php(49): Illuminate\\Pipeline\\Pipeline->Illuminate\\Pipeline\\{closure}(Object(Illuminate\\Http\\Request))
#43 D:\\Smart Damage Assessment System\\backend\\vendor\\laravel\\framework\\src\\Illuminate\\Pipeline\\Pipeline.php(209): Illuminate\\View\\Middleware\\ShareErrorsFromSession->handle(Object(Illuminate\\Http\\Request), Object(Closure))
#44 D:\\Smart Damage Assessment System\\backend\\vendor\\laravel\\framework\\src\\Illuminate\\Session\\Middleware\\StartSession.php(121): Illuminate\\Pipeline\\Pipeline->Illuminate\\Pipeline\\{closure}(Object(Illuminate\\Http\\Request))
#45 D:\\Smart Damage Assessment System\\backend\\vendor\\laravel\\framework\\src\\Illuminate\\Session\\Middleware\\StartSession.php(64): Illuminate\\Session\\Middleware\\StartSession->handleStatefulRequest(Object(Illuminate\\Http\\Request), Object(Illuminate\\Session\\Store), Object(Closure))
#46 D:\\Smart Damage Assessment System\\backend\\vendor\\laravel\\framework\\src\\Illuminate\\Pipeline\\Pipeline.php(209): Illuminate\\Session\\Middleware\\StartSession->handle(Object(Illuminate\\Http\\Request), Object(Closure))
#47 D:\\Smart Damage Assessment System\\backend\\vendor\\laravel\\framework\\src\\Illuminate\\Cookie\\Middleware\\AddQueuedCookiesToResponse.php(37): Illuminate\\Pipeline\\Pipeline->Illuminate\\Pipeline\\{closure}(Object(Illuminate\\Http\\Request))
#48 D:\\Smart Damage Assessment System\\backend\\vendor\\laravel\\framework\\src\\Illuminate\\Pipeline\\Pipeline.php(209): Illuminate\\Cookie\\Middleware\\AddQueuedCookiesToResponse->handle(Object(Illuminate\\Http\\Request), Object(Closure))
#49 D:\\Smart Damage Assessment System\\backend\\vendor\\laravel\\framework\\src\\Illuminate\\Cookie\\Middleware\\EncryptCookies.php(75): Illuminate\\Pipeline\\Pipeline->Illuminate\\Pipeline\\{closure}(Object(Illuminate\\Http\\Request))
#50 D:\\Smart Damage Assessment System\\backend\\vendor\\laravel\\framework\\src\\Illuminate\\Pipeline\\Pipeline.php(209): Illuminate\\Cookie\\Middleware\\EncryptCookies->handle(Object(Illuminate\\Http\\Request), Object(Closure))
#51 D:\\Smart Damage Assessment System\\backend\\vendor\\laravel\\framework\\src\\Illuminate\\Pipeline\\Pipeline.php(127): Illuminate\\Pipeline\\Pipeline->Illuminate\\Pipeline\\{closure}(Object(Illuminate\\Http\\Request))
#52 D:\\Smart Damage Assessment System\\backend\\vendor\\laravel\\framework\\src\\Illuminate\\Routing\\Router.php(807): Illuminate\\Pipeline\\Pipeline->then(Object(Closure))
#53 D:\\Smart Damage Assessment System\\backend\\vendor\\laravel\\framework\\src\\Illuminate\\Routing\\Router.php(786): Illuminate\\Routing\\Router->runRouteWithinStack(Object(Illuminate\\Routing\\Route), Object(Illuminate\\Http\\Request))
#54 D:\\Smart Damage Assessment System\\backend\\vendor\\laravel\\framework\\src\\Illuminate\\Routing\\Router.php(750): Illuminate\\Routing\\Router->runRoute(Object(Illuminate\\Http\\Request), Object(Illuminate\\Routing\\Route))
#55 D:\\Smart Damage Assessment System\\backend\\vendor\\laravel\\framework\\src\\Illuminate\\Routing\\Router.php(739): Illuminate\\Routing\\Router->dispatchToRoute(Object(Illuminate\\Http\\Request))
#56 D:\\Smart Damage Assessment System\\backend\\vendor\\laravel\\framework\\src\\Illuminate\\Foundation\\Http\\Kernel.php(201): Illuminate\\Routing\\Router->dispatch(Object(Illuminate\\Http\\Request))
#57 D:\\Smart Damage Assessment System\\backend\\vendor\\laravel\\framework\\src\\Illuminate\\Pipeline\\Pipeline.php(170): Illuminate\\Foundation\\Http\\Kernel->Illuminate\\Foundation\\Http\\{closure}(Object(Illuminate\\Http\\Request))
#58 D:\\Smart Damage Assessment System\\backend\\vendor\\laravel\\framework\\src\\Illuminate\\Foundation\\Http\\Middleware\\TransformsRequest.php(21): Illuminate\\Pipeline\\Pipeline->Illuminate\\Pipeline\\{closure}(Object(Illuminate\\Http\\Request))
#59 D:\\Smart Damage Assessment System\\backend\\vendor\\laravel\\framework\\src\\Illuminate\\Foundation\\Http\\Middleware\\ConvertEmptyStringsToNull.php(31): Illuminate\\Foundation\\Http\\Middleware\\TransformsRequest->handle(Object(Illuminate\\Http\\Request), Object(Closure))
#60 D:\\Smart Damage Assessment System\\backend\\vendor\\laravel\\framework\\src\\Illuminate\\Pipeline\\Pipeline.php(209): Illuminate\\Foundation\\Http\\Middleware\\ConvertEmptyStringsToNull->handle(Object(Illuminate\\Http\\Request), Object(Closure))
#61 D:\\Smart Damage Assessment System\\backend\\vendor\\laravel\\framework\\src\\Illuminate\\Foundation\\Http\\Middleware\\TransformsRequest.php(21): Illuminate\\Pipeline\\Pipeline->Illuminate\\Pipeline\\{closure}(Object(Illuminate\\Http\\Request))
#62 D:\\Smart Damage Assessment System\\backend\\vendor\\laravel\\framework\\src\\Illuminate\\Foundation\\Http\\Middleware\\TrimStrings.php(51): Illuminate\\Foundation\\Http\\Middleware\\TransformsRequest->handle(Object(Illuminate\\Http\\Request), Object(Closure))
#63 D:\\Smart Damage Assessment System\\backend\\vendor\\laravel\\framework\\src\\Illuminate\\Pipeline\\Pipeline.php(209): Illuminate\\Foundation\\Http\\Middleware\\TrimStrings->handle(Object(Illuminate\\Http\\Request), Object(Closure))
#64 D:\\Smart Damage Assessment System\\backend\\vendor\\laravel\\framework\\src\\Illuminate\\Http\\Middleware\\ValidatePostSize.php(27): Illuminate\\Pipeline\\Pipeline->Illuminate\\Pipeline\\{closure}(Object(Illuminate\\Http\\Request))
#65 D:\\Smart Damage Assessment System\\backend\\vendor\\laravel\\framework\\src\\Illuminate\\Pipeline\\Pipeline.php(209): Illuminate\\Http\\Middleware\\ValidatePostSize->handle(Object(Illuminate\\Http\\Request), Object(Closure))
#66 D:\\Smart Damage Assessment System\\backend\\vendor\\laravel\\framework\\src\\Illuminate\\Foundation\\Http\\Middleware\\PreventRequestsDuringMaintenance.php(110): Illuminate\\Pipeline\\Pipeline->Illuminate\\Pipeline\\{closure}(Object(Illuminate\\Http\\Request))
#67 D:\\Smart Damage Assessment System\\backend\\vendor\\laravel\\framework\\src\\Illuminate\\Pipeline\\Pipeline.php(209): Illuminate\\Foundation\\Http\\Middleware\\PreventRequestsDuringMaintenance->handle(Object(Illuminate\\Http\\Request), Object(Closure))
#68 D:\\Smart Damage Assessment System\\backend\\vendor\\laravel\\framework\\src\\Illuminate\\Http\\Middleware\\HandleCors.php(49): Illuminate\\Pipeline\\Pipeline->Illuminate\\Pipeline\\{closure}(Object(Illuminate\\Http\\Request))
#69 D:\\Smart Damage Assessment System\\backend\\vendor\\laravel\\framework\\src\\Illuminate\\Pipeline\\Pipeline.php(209): Illuminate\\Http\\Middleware\\HandleCors->handle(Object(Illuminate\\Http\\Request), Object(Closure))
#70 D:\\Smart Damage Assessment System\\backend\\vendor\\laravel\\framework\\src\\Illuminate\\Http\\Middleware\\TrustProxies.php(58): Illuminate\\Pipeline\\Pipeline->Illuminate\\Pipeline\\{closure}(Object(Illuminate\\Http\\Request))
#71 D:\\Smart Damage Assessment System\\backend\\vendor\\laravel\\framework\\src\\Illuminate\\Pipeline\\Pipeline.php(209): Illuminate\\Http\\Middleware\\TrustProxies->handle(Object(Illuminate\\Http\\Request), Object(Closure))
#72 D:\\Smart Damage Assessment System\\backend\\vendor\\laravel\\framework\\src\\Illuminate\\Foundation\\Http\\Middleware\\InvokeDeferredCallbacks.php(22): Illuminate\\Pipeline\\Pipeline->Illuminate\\Pipeline\\{closure}(Object(Illuminate\\Http\\Request))
#73 D:\\Smart Damage Assessment System\\backend\\vendor\\laravel\\framework\\src\\Illuminate\\Pipeline\\Pipeline.php(209): Illuminate\\Foundation\\Http\\Middleware\\InvokeDeferredCallbacks->handle(Object(Illuminate\\Http\\Request), Object(Closure))
#74 D:\\Smart Damage Assessment System\\backend\\vendor\\laravel\\framework\\src\\Illuminate\\Pipeline\\Pipeline.php(127): Illuminate\\Pipeline\\Pipeline->Illuminate\\Pipeline\\{closure}(Object(Illuminate\\Http\\Request))
#75 D:\\Smart Damage Assessment System\\backend\\vendor\\laravel\\framework\\src\\Illuminate\\Foundation\\Http\\Kernel.php(176): Illuminate\\Pipeline\\Pipeline->then(Object(Closure))
#76 D:\\Smart Damage Assessment System\\backend\\vendor\\laravel\\framework\\src\\Illuminate\\Foundation\\Http\\Kernel.php(145): Illuminate\\Foundation\\Http\\Kernel->sendRequestThroughRouter(Object(Illuminate\\Http\\Request))
#77 D:\\Smart Damage Assessment System\\backend\\public\\index.php(17): Illuminate\\Foundation\\Http\\Kernel->handle(Object(Illuminate\\Http\\Request))
#78 D:\\Smart Damage Assessment System\\backend\\vendor\\laravel\\framework\\src\\Illuminate\\Foundation\\resources\\server.php(23): require_once('D:\\\\Smart Damage...')
#79 {main}
"} 
[2026-01-19 11:03:38] local.ERROR: SQLSTATE[HY000] [2002] No connection could be made because the target machine actively refused it (Connection: mysql, SQL: select * from `cache` where `key` in (smart_damage_assessment_cache_admin@test.com|127.0.0.1)) {"exception":"[object] (Illuminate\\Database\\QueryException(code: 2002): SQLSTATE[HY000] [2002] No connection could be made because the target machine actively refused it (Connection: mysql, SQL: select * from `cache` where `key` in (smart_damage_assessment_cache_admin@test.com|127.0.0.1)) at D:\\Smart Damage Assessment System\\backend\\vendor\\laravel\\framework\\src\\Illuminate\\Database\\Connection.php:825)
[stacktrace]
#0 D:\\Smart Damage Assessment System\\backend\\vendor\\laravel\\framework\\src\\Illuminate\\Database\\Connection.php(979): Illuminate\\Database\\Connection->runQueryCallback('select * from `...', Array, Object(Closure))
#1 D:\\Smart Damage Assessment System\\backend\\vendor\\laravel\\framework\\src\\Illuminate\\Database\\Connection.php(958): Illuminate\\Database\\Connection->tryAgainIfCausedByLostConnection(Object(Illuminate\\Database\\QueryException), 'select * from `...', Array, Object(Closure))
#2 D:\\Smart Damage Assessment System\\backend\\vendor\\laravel\\framework\\src\\Illuminate\\Database\\Connection.php(781): Illuminate\\Database\\Connection->handleQueryException(Object(Illuminate\\Database\\QueryException), 'select * from `...', Array, Object(Closure))
#3 D:\\Smart Damage Assessment System\\backend\\vendor\\laravel\\framework\\src\\Illuminate\\Database\\Connection.php(398): Illuminate\\Database\\Connection->run('select * from `...', Array, Object(Closure))
#4 D:\\Smart Damage Assessment System\\backend\\vendor\\laravel\\framework\\src\\Illuminate\\Database\\Query\\Builder.php(3106): Illuminate\\Database\\Connection->select('select * from `...', Array, true)
#5 D:\\Smart Damage Assessment System\\backend\\vendor\\laravel\\framework\\src\\Illuminate\\Database\\Query\\Builder.php(3091): Illuminate\\Database\\Query\\Builder->runSelect()
#6 D:\\Smart Damage Assessment System\\backend\\vendor\\laravel\\framework\\src\\Illuminate\\Database\\Query\\Builder.php(3676): Illuminate\\Database\\Query\\Builder->Illuminate\\Database\\Query\\{closure}()
#7 D:\\Smart Damage Assessment System\\backend\\vendor\\laravel\\framework\\src\\Illuminate\\Database\\Query\\Builder.php(3090): Illuminate\\Database\\Query\\Builder->onceWithColumns(Array, Object(Closure))
#8 D:\\Smart Damage Assessment System\\backend\\vendor\\laravel\\framework\\src\\Illuminate\\Cache\\DatabaseStore.php(130): Illuminate\\Database\\Query\\Builder->get()
#9 D:\\Smart Damage Assessment System\\backend\\vendor\\laravel\\framework\\src\\Illuminate\\Cache\\DatabaseStore.php(105): Illuminate\\Cache\\DatabaseStore->many(Array)
#10 D:\\Smart Damage Assessment System\\backend\\vendor\\laravel\\framework\\src\\Illuminate\\Cache\\Repository.php(117): Illuminate\\Cache\\DatabaseStore->get('admin@test.com|...')
#11 D:\\Smart Damage Assessment System\\backend\\vendor\\laravel\\framework\\src\\Illuminate\\Cache\\RateLimiter.php(207): Illuminate\\Cache\\Repository->get('admin@test.com|...', 0)
#12 D:\\Smart Damage Assessment System\\backend\\vendor\\laravel\\framework\\src\\Illuminate\\Cache\\RateLimiter.php(301): Illuminate\\Cache\\RateLimiter->Illuminate\\Cache\\{closure}()
#13 D:\\Smart Damage Assessment System\\backend\\vendor\\laravel\\framework\\src\\Illuminate\\Cache\\RateLimiter.php(207): Illuminate\\Cache\\RateLimiter->withoutSerializationOrCompression(Object(Closure))
#14 D:\\Smart Damage Assessment System\\backend\\vendor\\laravel\\framework\\src\\Illuminate\\Cache\\RateLimiter.php(130): Illuminate\\Cache\\RateLimiter->attempts('admin@test.com|...')
#15 D:\\Smart Damage Assessment System\\backend\\vendor\\laravel\\framework\\src\\Illuminate\\Support\\Facades\\Facade.php(361): Illuminate\\Cache\\RateLimiter->tooManyAttempts('admin@test.com|...', 5)
#16 D:\\Smart Damage Assessment System\\backend\\app\\Http\\Requests\\Auth\\LoginRequest.php(62): Illuminate\\Support\\Facades\\Facade::__callStatic('tooManyAttempts', Array)
#17 D:\\Smart Damage Assessment System\\backend\\app\\Http\\Requests\\Auth\\LoginRequest.php(42): App\\Http\\Requests\\Auth\\LoginRequest->ensureIsNotRateLimited()
#18 D:\\Smart Damage Assessment System\\backend\\app\\Http\\Controllers\\Auth\\AuthenticatedSessionController.php(27): App\\Http\\Requests\\Auth\\LoginRequest->authenticate()
#19 D:\\Smart Damage Assessment System\\backend\\vendor\\laravel\\framework\\src\\Illuminate\\Routing\\Controller.php(54): App\\Http\\Controllers\\Auth\\AuthenticatedSessionController->store(Object(App\\Http\\Requests\\Auth\\LoginRequest))
#20 D:\\Smart Damage Assessment System\\backend\\vendor\\laravel\\framework\\src\\Illuminate\\Routing\\ControllerDispatcher.php(44): Illuminate\\Routing\\Controller->callAction('store', Array)
#21 D:\\Smart Damage Assessment System\\backend\\vendor\\laravel\\framework\\src\\Illuminate\\Routing\\Route.php(266): Illuminate\\Routing\\ControllerDispatcher->dispatch(Object(Illuminate\\Routing\\Route), Object(App\\Http\\Controllers\\Auth\\AuthenticatedSessionController), 'store')
#22 D:\\Smart Damage Assessment System\\backend\\vendor\\laravel\\framework\\src\\Illuminate\\Routing\\Route.php(212): Illuminate\\Routing\\Route->runController()
#23 D:\\Smart Damage Assessment System\\backend\\vendor\\laravel\\framework\\src\\Illuminate\\Routing\\Router.php(808): Illuminate\\Routing\\Route->run()
#24 D:\\Smart Damage Assessment System\\backend\\vendor\\laravel\\framework\\src\\Illuminate\\Pipeline\\Pipeline.php(170): Illuminate\\Routing\\Router->Illuminate\\Routing\\{closure}(Object(Illuminate\\Http\\Request))
#25 D:\\Smart Damage Assessment System\\backend\\vendor\\laravel\\framework\\src\\Illuminate\\Auth\\Middleware\\RedirectIfAuthenticated.php(35): Illuminate\\Pipeline\\Pipeline->Illuminate\\Pipeline\\{closure}(Object(Illuminate\\Http\\Request))
#26 D:\\Smart Damage Assessment System\\backend\\vendor\\laravel\\framework\\src\\Illuminate\\Pipeline\\Pipeline.php(209): Illuminate\\Auth\\Middleware\\RedirectIfAuthenticated->handle(Object(Illuminate\\Http\\Request), Object(Closure))
#27 D:\\Smart Damage Assessment System\\backend\\vendor\\laravel\\framework\\src\\Illuminate\\Routing\\Middleware\\SubstituteBindings.php(51): Illuminate\\Pipeline\\Pipeline->Illuminate\\Pipeline\\{closure}(Object(Illuminate\\Http\\Request))
#28 D:\\Smart Damage Assessment System\\backend\\vendor\\laravel\\framework\\src\\Illuminate\\Pipeline\\Pipeline.php(209): Illuminate\\Routing\\Middleware\\SubstituteBindings->handle(Object(Illuminate\\Http\\Request), Object(Closure))
#29 D:\\Smart Damage Assessment System\\backend\\vendor\\laravel\\framework\\src\\Illuminate\\Foundation\\Http\\Middleware\\VerifyCsrfToken.php(88): Illuminate\\Pipeline\\Pipeline->Illuminate\\Pipeline\\{closure}(Object(Illuminate\\Http\\Request))
#30 D:\\Smart Damage Assessment System\\backend\\vendor\\laravel\\framework\\src\\Illuminate\\Pipeline\\Pipeline.php(209): Illuminate\\Foundation\\Http\\Middleware\\VerifyCsrfToken->handle(Object(Illuminate\\Http\\Request), Object(Closure))
#31 D:\\Smart Damage Assessment System\\backend\\vendor\\laravel\\framework\\src\\Illuminate\\View\\Middleware\\ShareErrorsFromSession.php(49): Illuminate\\Pipeline\\Pipeline->Illuminate\\Pipeline\\{closure}(Object(Illuminate\\Http\\Request))
#32 D:\\Smart Damage Assessment System\\backend\\vendor\\laravel\\framework\\src\\Illuminate\\Pipeline\\Pipeline.php(209): Illuminate\\View\\Middleware\\ShareErrorsFromSession->handle(Object(Illuminate\\Http\\Request), Object(Closure))
#33 D:\\Smart Damage Assessment System\\backend\\vendor\\laravel\\framework\\src\\Illuminate\\Session\\Middleware\\StartSession.php(121): Illuminate\\Pipeline\\Pipeline->Illuminate\\Pipeline\\{closure}(Object(Illuminate\\Http\\Request))
#34 D:\\Smart Damage Assessment System\\backend\\vendor\\laravel\\framework\\src\\Illuminate\\Session\\Middleware\\StartSession.php(64): Illuminate\\Session\\Middleware\\StartSession->handleStatefulRequest(Object(Illuminate\\Http\\Request), Object(Illuminate\\Session\\Store), Object(Closure))
#35 D:\\Smart Damage Assessment System\\backend\\vendor\\laravel\\framework\\src\\Illuminate\\Pipeline\\Pipeline.php(209): Illuminate\\Session\\Middleware\\StartSession->handle(Object(Illuminate\\Http\\Request), Object(Closure))
#36 D:\\Smart Damage Assessment System\\backend\\vendor\\laravel\\framework\\src\\Illuminate\\Cookie\\Middleware\\AddQueuedCookiesToResponse.php(37): Illuminate\\Pipeline\\Pipeline->Illuminate\\Pipeline\\{closure}(Object(Illuminate\\Http\\Request))
#37 D:\\Smart Damage Assessment System\\backend\\vendor\\laravel\\framework\\src\\Illuminate\\Pipeline\\Pipeline.php(209): Illuminate\\Cookie\\Middleware\\AddQueuedCookiesToResponse->handle(Object(Illuminate\\Http\\Request), Object(Closure))
#38 D:\\Smart Damage Assessment System\\backend\\vendor\\laravel\\framework\\src\\Illuminate\\Cookie\\Middleware\\EncryptCookies.php(75): Illuminate\\Pipeline\\Pipeline->Illuminate\\Pipeline\\{closure}(Object(Illuminate\\Http\\Request))
#39 D:\\Smart Damage Assessment System\\backend\\vendor\\laravel\\framework\\src\\Illuminate\\Pipeline\\Pipeline.php(209): Illuminate\\Cookie\\Middleware\\EncryptCookies->handle(Object(Illuminate\\Http\\Request), Object(Closure))
#40 D:\\Smart Damage Assessment System\\backend\\vendor\\laravel\\framework\\src\\Illuminate\\Pipeline\\Pipeline.php(127): Illuminate\\Pipeline\\Pipeline->Illuminate\\Pipeline\\{closure}(Object(Illuminate\\Http\\Request))
#41 D:\\Smart Damage Assessment System\\backend\\vendor\\laravel\\framework\\src\\Illuminate\\Routing\\Router.php(807): Illuminate\\Pipeline\\Pipeline->then(Object(Closure))
#42 D:\\Smart Damage Assessment System\\backend\\vendor\\laravel\\framework\\src\\Illuminate\\Routing\\Router.php(786): Illuminate\\Routing\\Router->runRouteWithinStack(Object(Illuminate\\Routing\\Route), Object(Illuminate\\Http\\Request))
#43 D:\\Smart Damage Assessment System\\backend\\vendor\\laravel\\framework\\src\\Illuminate\\Routing\\Router.php(750): Illuminate\\Routing\\Router->runRoute(Object(Illuminate\\Http\\Request), Object(Illuminate\\Routing\\Route))
#44 D:\\Smart Damage Assessment System\\backend\\vendor\\laravel\\framework\\src\\Illuminate\\Routing\\Router.php(739): Illuminate\\Routing\\Router->dispatchToRoute(Object(Illuminate\\Http\\Request))
#45 D:\\Smart Damage Assessment System\\backend\\vendor\\laravel\\framework\\src\\Illuminate\\Foundation\\Http\\Kernel.php(201): Illuminate\\Routing\\Router->dispatch(Object(Illuminate\\Http\\Request))
#46 D:\\Smart Damage Assessment System\\backend\\vendor\\laravel\\framework\\src\\Illuminate\\Pipeline\\Pipeline.php(170): Illuminate\\Foundation\\Http\\Kernel->Illuminate\\Foundation\\Http\\{closure}(Object(Illuminate\\Http\\Request))
#47 D:\\Smart Damage Assessment System\\backend\\vendor\\laravel\\framework\\src\\Illuminate\\Foundation\\Http\\Middleware\\TransformsRequest.php(21): Illuminate\\Pipeline\\Pipeline->Illuminate\\Pipeline\\{closure}(Object(Illuminate\\Http\\Request))
#48 D:\\Smart Damage Assessment System\\backend\\vendor\\laravel\\framework\\src\\Illuminate\\Foundation\\Http\\Middleware\\ConvertEmptyStringsToNull.php(31): Illuminate\\Foundation\\Http\\Middleware\\TransformsRequest->handle(Object(Illuminate\\Http\\Request), Object(Closure))
#49 D:\\Smart Damage Assessment System\\backend\\vendor\\laravel\\framework\\src\\Illuminate\\Pipeline\\Pipeline.php(209): Illuminate\\Foundation\\Http\\Middleware\\ConvertEmptyStringsToNull->handle(Object(Illuminate\\Http\\Request), Object(Closure))
#50 D:\\Smart Damage Assessment System\\backend\\vendor\\laravel\\framework\\src\\Illuminate\\Foundation\\Http\\Middleware\\TransformsRequest.php(21): Illuminate\\Pipeline\\Pipeline->Illuminate\\Pipeline\\{closure}(Object(Illuminate\\Http\\Request))
#51 D:\\Smart Damage Assessment System\\backend\\vendor\\laravel\\framework\\src\\Illuminate\\Foundation\\Http\\Middleware\\TrimStrings.php(51): Illuminate\\Foundation\\Http\\Middleware\\TransformsRequest->handle(Object(Illuminate\\Http\\Request), Object(Closure))
#52 D:\\Smart Damage Assessment System\\backend\\vendor\\laravel\\framework\\src\\Illuminate\\Pipeline\\Pipeline.php(209): Illuminate\\Foundation\\Http\\Middleware\\TrimStrings->handle(Object(Illuminate\\Http\\Request), Object(Closure))
#53 D:\\Smart Damage Assessment System\\backend\\vendor\\laravel\\framework\\src\\Illuminate\\Http\\Middleware\\ValidatePostSize.php(27): Illuminate\\Pipeline\\Pipeline->Illuminate\\Pipeline\\{closure}(Object(Illuminate\\Http\\Request))
#54 D:\\Smart Damage Assessment System\\backend\\vendor\\laravel\\framework\\src\\Illuminate\\Pipeline\\Pipeline.php(209): Illuminate\\Http\\Middleware\\ValidatePostSize->handle(Object(Illuminate\\Http\\Request), Object(Closure))
#55 D:\\Smart Damage Assessment System\\backend\\vendor\\laravel\\framework\\src\\Illuminate\\Foundation\\Http\\Middleware\\PreventRequestsDuringMaintenance.php(110): Illuminate\\Pipeline\\Pipeline->Illuminate\\Pipeline\\{closure}(Object(Illuminate\\Http\\Request))
#56 D:\\Smart Damage Assessment System\\backend\\vendor\\laravel\\framework\\src\\Illuminate\\Pipeline\\Pipeline.php(209): Illuminate\\Foundation\\Http\\Middleware\\PreventRequestsDuringMaintenance->handle(Object(Illuminate\\Http\\Request), Object(Closure))
#57 D:\\Smart Damage Assessment System\\backend\\vendor\\laravel\\framework\\src\\Illuminate\\Http\\Middleware\\HandleCors.php(49): Illuminate\\Pipeline\\Pipeline->Illuminate\\Pipeline\\{closure}(Object(Illuminate\\Http\\Request))
#58 D:\\Smart Damage Assessment System\\backend\\vendor\\laravel\\framework\\src\\Illuminate\\Pipeline\\Pipeline.php(209): Illuminate\\Http\\Middleware\\HandleCors->handle(Object(Illuminate\\Http\\Request), Object(Closure))
#59 D:\\Smart Damage Assessment System\\backend\\vendor\\laravel\\framework\\src\\Illuminate\\Http\\Middleware\\TrustProxies.php(58): Illuminate\\Pipeline\\Pipeline->Illuminate\\Pipeline\\{closure}(Object(Illuminate\\Http\\Request))
#60 D:\\Smart Damage Assessment System\\backend\\vendor\\laravel\\framework\\src\\Illuminate\\Pipeline\\Pipeline.php(209): Illuminate\\Http\\Middleware\\TrustProxies->handle(Object(Illuminate\\Http\\Request), Object(Closure))
#61 D:\\Smart Damage Assessment System\\backend\\vendor\\laravel\\framework\\src\\Illuminate\\Foundation\\Http\\Middleware\\InvokeDeferredCallbacks.php(22): Illuminate\\Pipeline\\Pipeline->Illuminate\\Pipeline\\{closure}(Object(Illuminate\\Http\\Request))
#62 D:\\Smart Damage Assessment System\\backend\\vendor\\laravel\\framework\\src\\Illuminate\\Pipeline\\Pipeline.php(209): Illuminate\\Foundation\\Http\\Middleware\\InvokeDeferredCallbacks->handle(Object(Illuminate\\Http\\Request), Object(Closure))
#63 D:\\Smart Damage Assessment System\\backend\\vendor\\laravel\\framework\\src\\Illuminate\\Pipeline\\Pipeline.php(127): Illuminate\\Pipeline\\Pipeline->Illuminate\\Pipeline\\{closure}(Object(Illuminate\\Http\\Request))
#64 D:\\Smart Damage Assessment System\\backend\\vendor\\laravel\\framework\\src\\Illuminate\\Foundation\\Http\\Kernel.php(176): Illuminate\\Pipeline\\Pipeline->then(Object(Closure))
#65 D:\\Smart Damage Assessment System\\backend\\vendor\\laravel\\framework\\src\\Illuminate\\Foundation\\Http\\Kernel.php(145): Illuminate\\Foundation\\Http\\Kernel->sendRequestThroughRouter(Object(Illuminate\\Http\\Request))
#66 D:\\Smart Damage Assessment System\\backend\\public\\index.php(17): Illuminate\\Foundation\\Http\\Kernel->handle(Object(Illuminate\\Http\\Request))
#67 D:\\Smart Damage Assessment System\\backend\\vendor\\laravel\\framework\\src\\Illuminate\\Foundation\\resources\\server.php(23): require_once('D:\\\\Smart Damage...')
#68 {main}

[previous exception] [object] (PDOException(code: 2002): SQLSTATE[HY000] [2002] No connection could be made because the target machine actively refused it at D:\\Smart Damage Assessment System\\backend\\vendor\\laravel\\framework\\src\\Illuminate\\Database\\Connectors\\Connector.php:66)
[stacktrace]
#0 D:\\Smart Damage Assessment System\\backend\\vendor\\laravel\\framework\\src\\Illuminate\\Database\\Connectors\\Connector.php(66): PDO->__construct('mysql:host=127....', 'root', Object(SensitiveParameterValue), Array)
#1 D:\\Smart Damage Assessment System\\backend\\vendor\\laravel\\framework\\src\\Illuminate\\Database\\Connectors\\Connector.php(85): Illuminate\\Database\\Connectors\\Connector->createPdoConnection('mysql:host=127....', 'root', Object(SensitiveParameterValue), Array)
#2 D:\\Smart Damage Assessment System\\backend\\vendor\\laravel\\framework\\src\\Illuminate\\Database\\Connectors\\Connector.php(48): Illuminate\\Database\\Connectors\\Connector->tryAgainIfCausedByLostConnection(Object(PDOException), 'mysql:host=127....', 'root', Object(SensitiveParameterValue), Array)
#3 D:\\Smart Damage Assessment System\\backend\\vendor\\laravel\\framework\\src\\Illuminate\\Database\\Connectors\\MySqlConnector.php(24): Illuminate\\Database\\Connectors\\Connector->createConnection('mysql:host=127....', Array, Array)
#4 D:\\Smart Damage Assessment System\\backend\\vendor\\laravel\\framework\\src\\Illuminate\\Database\\Connectors\\ConnectionFactory.php(185): Illuminate\\Database\\Connectors\\MySqlConnector->connect(Array)
#5 [internal function]: Illuminate\\Database\\Connectors\\ConnectionFactory->Illuminate\\Database\\Connectors\\{closure}()
#6 D:\\Smart Damage Assessment System\\backend\\vendor\\laravel\\framework\\src\\Illuminate\\Database\\Connection.php(1231): call_user_func(Object(Closure))
#7 D:\\Smart Damage Assessment System\\backend\\vendor\\laravel\\framework\\src\\Illuminate\\Database\\Connection.php(1267): Illuminate\\Database\\Connection->getPdo()
#8 D:\\Smart Damage Assessment System\\backend\\vendor\\laravel\\framework\\src\\Illuminate\\Database\\Connection.php(512): Illuminate\\Database\\Connection->getReadPdo()
#9 D:\\Smart Damage Assessment System\\backend\\vendor\\laravel\\framework\\src\\Illuminate\\Database\\Connection.php(407): Illuminate\\Database\\Connection->getPdoForSelect(true)
#10 D:\\Smart Damage Assessment System\\backend\\vendor\\laravel\\framework\\src\\Illuminate\\Database\\Connection.php(812): Illuminate\\Database\\Connection->Illuminate\\Database\\{closure}('select * from `...', Array)
#11 D:\\Smart Damage Assessment System\\backend\\vendor\\laravel\\framework\\src\\Illuminate\\Database\\Connection.php(979): Illuminate\\Database\\Connection->runQueryCallback('select * from `...', Array, Object(Closure))
#12 D:\\Smart Damage Assessment System\\backend\\vendor\\laravel\\framework\\src\\Illuminate\\Database\\Connection.php(958): Illuminate\\Database\\Connection->tryAgainIfCausedByLostConnection(Object(Illuminate\\Database\\QueryException), 'select * from `...', Array, Object(Closure))
#13 D:\\Smart Damage Assessment System\\backend\\vendor\\laravel\\framework\\src\\Illuminate\\Database\\Connection.php(781): Illuminate\\Database\\Connection->handleQueryException(Object(Illuminate\\Database\\QueryException), 'select * from `...', Array, Object(Closure))
#14 D:\\Smart Damage Assessment System\\backend\\vendor\\laravel\\framework\\src\\Illuminate\\Database\\Connection.php(398): Illuminate\\Database\\Connection->run('select * from `...', Array, Object(Closure))
#15 D:\\Smart Damage Assessment System\\backend\\vendor\\laravel\\framework\\src\\Illuminate\\Database\\Query\\Builder.php(3106): Illuminate\\Database\\Connection->select('select * from `...', Array, true)
#16 D:\\Smart Damage Assessment System\\backend\\vendor\\laravel\\framework\\src\\Illuminate\\Database\\Query\\Builder.php(3091): Illuminate\\Database\\Query\\Builder->runSelect()
#17 D:\\Smart Damage Assessment System\\backend\\vendor\\laravel\\framework\\src\\Illuminate\\Database\\Query\\Builder.php(3676): Illuminate\\Database\\Query\\Builder->Illuminate\\Database\\Query\\{closure}()
#18 D:\\Smart Damage Assessment System\\backend\\vendor\\laravel\\framework\\src\\Illuminate\\Database\\Query\\Builder.php(3090): Illuminate\\Database\\Query\\Builder->onceWithColumns(Array, Object(Closure))
#19 D:\\Smart Damage Assessment System\\backend\\vendor\\laravel\\framework\\src\\Illuminate\\Cache\\DatabaseStore.php(130): Illuminate\\Database\\Query\\Builder->get()
#20 D:\\Smart Damage Assessment System\\backend\\vendor\\laravel\\framework\\src\\Illuminate\\Cache\\DatabaseStore.php(105): Illuminate\\Cache\\DatabaseStore->many(Array)
#21 D:\\Smart Damage Assessment System\\backend\\vendor\\laravel\\framework\\src\\Illuminate\\Cache\\Repository.php(117): Illuminate\\Cache\\DatabaseStore->get('admin@test.com|...')
#22 D:\\Smart Damage Assessment System\\backend\\vendor\\laravel\\framework\\src\\Illuminate\\Cache\\RateLimiter.php(207): Illuminate\\Cache\\Repository->get('admin@test.com|...', 0)
#23 D:\\Smart Damage Assessment System\\backend\\vendor\\laravel\\framework\\src\\Illuminate\\Cache\\RateLimiter.php(301): Illuminate\\Cache\\RateLimiter->Illuminate\\Cache\\{closure}()
#24 D:\\Smart Damage Assessment System\\backend\\vendor\\laravel\\framework\\src\\Illuminate\\Cache\\RateLimiter.php(207): Illuminate\\Cache\\RateLimiter->withoutSerializationOrCompression(Object(Closure))
#25 D:\\Smart Damage Assessment System\\backend\\vendor\\laravel\\framework\\src\\Illuminate\\Cache\\RateLimiter.php(130): Illuminate\\Cache\\RateLimiter->attempts('admin@test.com|...')
#26 D:\\Smart Damage Assessment System\\backend\\vendor\\laravel\\framework\\src\\Illuminate\\Support\\Facades\\Facade.php(361): Illuminate\\Cache\\RateLimiter->tooManyAttempts('admin@test.com|...', 5)
#27 D:\\Smart Damage Assessment System\\backend\\app\\Http\\Requests\\Auth\\LoginRequest.php(62): Illuminate\\Support\\Facades\\Facade::__callStatic('tooManyAttempts', Array)
#28 D:\\Smart Damage Assessment System\\backend\\app\\Http\\Requests\\Auth\\LoginRequest.php(42): App\\Http\\Requests\\Auth\\LoginRequest->ensureIsNotRateLimited()
#29 D:\\Smart Damage Assessment System\\backend\\app\\Http\\Controllers\\Auth\\AuthenticatedSessionController.php(27): App\\Http\\Requests\\Auth\\LoginRequest->authenticate()
#30 D:\\Smart Damage Assessment System\\backend\\vendor\\laravel\\framework\\src\\Illuminate\\Routing\\Controller.php(54): App\\Http\\Controllers\\Auth\\AuthenticatedSessionController->store(Object(App\\Http\\Requests\\Auth\\LoginRequest))
#31 D:\\Smart Damage Assessment System\\backend\\vendor\\laravel\\framework\\src\\Illuminate\\Routing\\ControllerDispatcher.php(44): Illuminate\\Routing\\Controller->callAction('store', Array)
#32 D:\\Smart Damage Assessment System\\backend\\vendor\\laravel\\framework\\src\\Illuminate\\Routing\\Route.php(266): Illuminate\\Routing\\ControllerDispatcher->dispatch(Object(Illuminate\\Routing\\Route), Object(App\\Http\\Controllers\\Auth\\AuthenticatedSessionController), 'store')
#33 D:\\Smart Damage Assessment System\\backend\\vendor\\laravel\\framework\\src\\Illuminate\\Routing\\Route.php(212): Illuminate\\Routing\\Route->runController()
#34 D:\\Smart Damage Assessment System\\backend\\vendor\\laravel\\framework\\src\\Illuminate\\Routing\\Router.php(808): Illuminate\\Routing\\Route->run()
#35 D:\\Smart Damage Assessment System\\backend\\vendor\\laravel\\framework\\src\\Illuminate\\Pipeline\\Pipeline.php(170): Illuminate\\Routing\\Router->Illuminate\\Routing\\{closure}(Object(Illuminate\\Http\\Request))
#36 D:\\Smart Damage Assessment System\\backend\\vendor\\laravel\\framework\\src\\Illuminate\\Auth\\Middleware\\RedirectIfAuthenticated.php(35): Illuminate\\Pipeline\\Pipeline->Illuminate\\Pipeline\\{closure}(Object(Illuminate\\Http\\Request))
#37 D:\\Smart Damage Assessment System\\backend\\vendor\\laravel\\framework\\src\\Illuminate\\Pipeline\\Pipeline.php(209): Illuminate\\Auth\\Middleware\\RedirectIfAuthenticated->handle(Object(Illuminate\\Http\\Request), Object(Closure))
#38 D:\\Smart Damage Assessment System\\backend\\vendor\\laravel\\framework\\src\\Illuminate\\Routing\\Middleware\\SubstituteBindings.php(51): Illuminate\\Pipeline\\Pipeline->Illuminate\\Pipeline\\{closure}(Object(Illuminate\\Http\\Request))
#39 D:\\Smart Damage Assessment System\\backend\\vendor\\laravel\\framework\\src\\Illuminate\\Pipeline\\Pipeline.php(209): Illuminate\\Routing\\Middleware\\SubstituteBindings->handle(Object(Illuminate\\Http\\Request), Object(Closure))
#40 D:\\Smart Damage Assessment System\\backend\\vendor\\laravel\\framework\\src\\Illuminate\\Foundation\\Http\\Middleware\\VerifyCsrfToken.php(88): Illuminate\\Pipeline\\Pipeline->Illuminate\\Pipeline\\{closure}(Object(Illuminate\\Http\\Request))
#41 D:\\Smart Damage Assessment System\\backend\\vendor\\laravel\\framework\\src\\Illuminate\\Pipeline\\Pipeline.php(209): Illuminate\\Foundation\\Http\\Middleware\\VerifyCsrfToken->handle(Object(Illuminate\\Http\\Request), Object(Closure))
#42 D:\\Smart Damage Assessment System\\backend\\vendor\\laravel\\framework\\src\\Illuminate\\View\\Middleware\\ShareErrorsFromSession.php(49): Illuminate\\Pipeline\\Pipeline->Illuminate\\Pipeline\\{closure}(Object(Illuminate\\Http\\Request))
#43 D:\\Smart Damage Assessment System\\backend\\vendor\\laravel\\framework\\src\\Illuminate\\Pipeline\\Pipeline.php(209): Illuminate\\View\\Middleware\\ShareErrorsFromSession->handle(Object(Illuminate\\Http\\Request), Object(Closure))
#44 D:\\Smart Damage Assessment System\\backend\\vendor\\laravel\\framework\\src\\Illuminate\\Session\\Middleware\\StartSession.php(121): Illuminate\\Pipeline\\Pipeline->Illuminate\\Pipeline\\{closure}(Object(Illuminate\\Http\\Request))
#45 D:\\Smart Damage Assessment System\\backend\\vendor\\laravel\\framework\\src\\Illuminate\\Session\\Middleware\\StartSession.php(64): Illuminate\\Session\\Middleware\\StartSession->handleStatefulRequest(Object(Illuminate\\Http\\Request), Object(Illuminate\\Session\\Store), Object(Closure))
#46 D:\\Smart Damage Assessment System\\backend\\vendor\\laravel\\framework\\src\\Illuminate\\Pipeline\\Pipeline.php(209): Illuminate\\Session\\Middleware\\StartSession->handle(Object(Illuminate\\Http\\Request), Object(Closure))
#47 D:\\Smart Damage Assessment System\\backend\\vendor\\laravel\\framework\\src\\Illuminate\\Cookie\\Middleware\\AddQueuedCookiesToResponse.php(37): Illuminate\\Pipeline\\Pipeline->Illuminate\\Pipeline\\{closure}(Object(Illuminate\\Http\\Request))
#48 D:\\Smart Damage Assessment System\\backend\\vendor\\laravel\\framework\\src\\Illuminate\\Pipeline\\Pipeline.php(209): Illuminate\\Cookie\\Middleware\\AddQueuedCookiesToResponse->handle(Object(Illuminate\\Http\\Request), Object(Closure))
#49 D:\\Smart Damage Assessment System\\backend\\vendor\\laravel\\framework\\src\\Illuminate\\Cookie\\Middleware\\EncryptCookies.php(75): Illuminate\\Pipeline\\Pipeline->Illuminate\\Pipeline\\{closure}(Object(Illuminate\\Http\\Request))
#50 D:\\Smart Damage Assessment System\\backend\\vendor\\laravel\\framework\\src\\Illuminate\\Pipeline\\Pipeline.php(209): Illuminate\\Cookie\\Middleware\\EncryptCookies->handle(Object(Illuminate\\Http\\Request), Object(Closure))
#51 D:\\Smart Damage Assessment System\\backend\\vendor\\laravel\\framework\\src\\Illuminate\\Pipeline\\Pipeline.php(127): Illuminate\\Pipeline\\Pipeline->Illuminate\\Pipeline\\{closure}(Object(Illuminate\\Http\\Request))
#52 D:\\Smart Damage Assessment System\\backend\\vendor\\laravel\\framework\\src\\Illuminate\\Routing\\Router.php(807): Illuminate\\Pipeline\\Pipeline->then(Object(Closure))
#53 D:\\Smart Damage Assessment System\\backend\\vendor\\laravel\\framework\\src\\Illuminate\\Routing\\Router.php(786): Illuminate\\Routing\\Router->runRouteWithinStack(Object(Illuminate\\Routing\\Route), Object(Illuminate\\Http\\Request))
#54 D:\\Smart Damage Assessment System\\backend\\vendor\\laravel\\framework\\src\\Illuminate\\Routing\\Router.php(750): Illuminate\\Routing\\Router->runRoute(Object(Illuminate\\Http\\Request), Object(Illuminate\\Routing\\Route))
#55 D:\\Smart Damage Assessment System\\backend\\vendor\\laravel\\framework\\src\\Illuminate\\Routing\\Router.php(739): Illuminate\\Routing\\Router->dispatchToRoute(Object(Illuminate\\Http\\Request))
#56 D:\\Smart Damage Assessment System\\backend\\vendor\\laravel\\framework\\src\\Illuminate\\Foundation\\Http\\Kernel.php(201): Illuminate\\Routing\\Router->dispatch(Object(Illuminate\\Http\\Request))
#57 D:\\Smart Damage Assessment System\\backend\\vendor\\laravel\\framework\\src\\Illuminate\\Pipeline\\Pipeline.php(170): Illuminate\\Foundation\\Http\\Kernel->Illuminate\\Foundation\\Http\\{closure}(Object(Illuminate\\Http\\Request))
#58 D:\\Smart Damage Assessment System\\backend\\vendor\\laravel\\framework\\src\\Illuminate\\Foundation\\Http\\Middleware\\TransformsRequest.php(21): Illuminate\\Pipeline\\Pipeline->Illuminate\\Pipeline\\{closure}(Object(Illuminate\\Http\\Request))
#59 D:\\Smart Damage Assessment System\\backend\\vendor\\laravel\\framework\\src\\Illuminate\\Foundation\\Http\\Middleware\\ConvertEmptyStringsToNull.php(31): Illuminate\\Foundation\\Http\\Middleware\\TransformsRequest->handle(Object(Illuminate\\Http\\Request), Object(Closure))
#60 D:\\Smart Damage Assessment System\\backend\\vendor\\laravel\\framework\\src\\Illuminate\\Pipeline\\Pipeline.php(209): Illuminate\\Foundation\\Http\\Middleware\\ConvertEmptyStringsToNull->handle(Object(Illuminate\\Http\\Request), Object(Closure))
#61 D:\\Smart Damage Assessment System\\backend\\vendor\\laravel\\framework\\src\\Illuminate\\Foundation\\Http\\Middleware\\TransformsRequest.php(21): Illuminate\\Pipeline\\Pipeline->Illuminate\\Pipeline\\{closure}(Object(Illuminate\\Http\\Request))
#62 D:\\Smart Damage Assessment System\\backend\\vendor\\laravel\\framework\\src\\Illuminate\\Foundation\\Http\\Middleware\\TrimStrings.php(51): Illuminate\\Foundation\\Http\\Middleware\\TransformsRequest->handle(Object(Illuminate\\Http\\Request), Object(Closure))
#63 D:\\Smart Damage Assessment System\\backend\\vendor\\laravel\\framework\\src\\Illuminate\\Pipeline\\Pipeline.php(209): Illuminate\\Foundation\\Http\\Middleware\\TrimStrings->handle(Object(Illuminate\\Http\\Request), Object(Closure))
#64 D:\\Smart Damage Assessment System\\backend\\vendor\\laravel\\framework\\src\\Illuminate\\Http\\Middleware\\ValidatePostSize.php(27): Illuminate\\Pipeline\\Pipeline->Illuminate\\Pipeline\\{closure}(Object(Illuminate\\Http\\Request))
#65 D:\\Smart Damage Assessment System\\backend\\vendor\\laravel\\framework\\src\\Illuminate\\Pipeline\\Pipeline.php(209): Illuminate\\Http\\Middleware\\ValidatePostSize->handle(Object(Illuminate\\Http\\Request), Object(Closure))
#66 D:\\Smart Damage Assessment System\\backend\\vendor\\laravel\\framework\\src\\Illuminate\\Foundation\\Http\\Middleware\\PreventRequestsDuringMaintenance.php(110): Illuminate\\Pipeline\\Pipeline->Illuminate\\Pipeline\\{closure}(Object(Illuminate\\Http\\Request))
#67 D:\\Smart Damage Assessment System\\backend\\vendor\\laravel\\framework\\src\\Illuminate\\Pipeline\\Pipeline.php(209): Illuminate\\Foundation\\Http\\Middleware\\PreventRequestsDuringMaintenance->handle(Object(Illuminate\\Http\\Request), Object(Closure))
#68 D:\\Smart Damage Assessment System\\backend\\vendor\\laravel\\framework\\src\\Illuminate\\Http\\Middleware\\HandleCors.php(49): Illuminate\\Pipeline\\Pipeline->Illuminate\\Pipeline\\{closure}(Object(Illuminate\\Http\\Request))
#69 D:\\Smart Damage Assessment System\\backend\\vendor\\laravel\\framework\\src\\Illuminate\\Pipeline\\Pipeline.php(209): Illuminate\\Http\\Middleware\\HandleCors->handle(Object(Illuminate\\Http\\Request), Object(Closure))
#70 D:\\Smart Damage Assessment System\\backend\\vendor\\laravel\\framework\\src\\Illuminate\\Http\\Middleware\\TrustProxies.php(58): Illuminate\\Pipeline\\Pipeline->Illuminate\\Pipeline\\{closure}(Object(Illuminate\\Http\\Request))
#71 D:\\Smart Damage Assessment System\\backend\\vendor\\laravel\\framework\\src\\Illuminate\\Pipeline\\Pipeline.php(209): Illuminate\\Http\\Middleware\\TrustProxies->handle(Object(Illuminate\\Http\\Request), Object(Closure))
#72 D:\\Smart Damage Assessment System\\backend\\vendor\\laravel\\framework\\src\\Illuminate\\Foundation\\Http\\Middleware\\InvokeDeferredCallbacks.php(22): Illuminate\\Pipeline\\Pipeline->Illuminate\\Pipeline\\{closure}(Object(Illuminate\\Http\\Request))
#73 D:\\Smart Damage Assessment System\\backend\\vendor\\laravel\\framework\\src\\Illuminate\\Pipeline\\Pipeline.php(209): Illuminate\\Foundation\\Http\\Middleware\\InvokeDeferredCallbacks->handle(Object(Illuminate\\Http\\Request), Object(Closure))
#74 D:\\Smart Damage Assessment System\\backend\\vendor\\laravel\\framework\\src\\Illuminate\\Pipeline\\Pipeline.php(127): Illuminate\\Pipeline\\Pipeline->Illuminate\\Pipeline\\{closure}(Object(Illuminate\\Http\\Request))
#75 D:\\Smart Damage Assessment System\\backend\\vendor\\laravel\\framework\\src\\Illuminate\\Foundation\\Http\\Kernel.php(176): Illuminate\\Pipeline\\Pipeline->then(Object(Closure))
#76 D:\\Smart Damage Assessment System\\backend\\vendor\\laravel\\framework\\src\\Illuminate\\Foundation\\Http\\Kernel.php(145): Illuminate\\Foundation\\Http\\Kernel->sendRequestThroughRouter(Object(Illuminate\\Http\\Request))
#77 D:\\Smart Damage Assessment System\\backend\\public\\index.php(17): Illuminate\\Foundation\\Http\\Kernel->handle(Object(Illuminate\\Http\\Request))
#78 D:\\Smart Damage Assessment System\\backend\\vendor\\laravel\\framework\\src\\Illuminate\\Foundation\\resources\\server.php(23): require_once('D:\\\\Smart Damage...')
#79 {main}
"} 
[2026-01-19 11:12:17] local.ERROR: Database file at path [D:\Smart Damage Assessment System\backend\database\database.sqlite] does not exist. Ensure this is an absolute path to the database. (Connection: sqlite, SQL: select * from "cache" where "key" in (smart_damage_assessment_cache_admin@test.com|127.0.0.1)) {"exception":"[object] (Illuminate\\Database\\QueryException(code: 0): Database file at path [D:\\Smart Damage Assessment System\\backend\\database\\database.sqlite] does not exist. Ensure this is an absolute path to the database. (Connection: sqlite, SQL: select * from \"cache\" where \"key\" in (smart_damage_assessment_cache_admin@test.com|127.0.0.1)) at D:\\Smart Damage Assessment System\\backend\\vendor\\laravel\\framework\\src\\Illuminate\\Database\\Connection.php:825)
[stacktrace]
#0 D:\\Smart Damage Assessment System\\backend\\vendor\\laravel\\framework\\src\\Illuminate\\Database\\Connection.php(779): Illuminate\\Database\\Connection->runQueryCallback('select * from \"...', Array, Object(Closure))
#1 D:\\Smart Damage Assessment System\\backend\\vendor\\laravel\\framework\\src\\Illuminate\\Database\\Connection.php(398): Illuminate\\Database\\Connection->run('select * from \"...', Array, Object(Closure))
#2 D:\\Smart Damage Assessment System\\backend\\vendor\\laravel\\framework\\src\\Illuminate\\Database\\Query\\Builder.php(3106): Illuminate\\Database\\Connection->select('select * from \"...', Array, true)
#3 D:\\Smart Damage Assessment System\\backend\\vendor\\laravel\\framework\\src\\Illuminate\\Database\\Query\\Builder.php(3091): Illuminate\\Database\\Query\\Builder->runSelect()
#4 D:\\Smart Damage Assessment System\\backend\\vendor\\laravel\\framework\\src\\Illuminate\\Database\\Query\\Builder.php(3676): Illuminate\\Database\\Query\\Builder->Illuminate\\Database\\Query\\{closure}()
#5 D:\\Smart Damage Assessment System\\backend\\vendor\\laravel\\framework\\src\\Illuminate\\Database\\Query\\Builder.php(3090): Illuminate\\Database\\Query\\Builder->onceWithColumns(Array, Object(Closure))
#6 D:\\Smart Damage Assessment System\\backend\\vendor\\laravel\\framework\\src\\Illuminate\\Cache\\DatabaseStore.php(130): Illuminate\\Database\\Query\\Builder->get()
#7 D:\\Smart Damage Assessment System\\backend\\vendor\\laravel\\framework\\src\\Illuminate\\Cache\\DatabaseStore.php(105): Illuminate\\Cache\\DatabaseStore->many(Array)
#8 D:\\Smart Damage Assessment System\\backend\\vendor\\laravel\\framework\\src\\Illuminate\\Cache\\Repository.php(117): Illuminate\\Cache\\DatabaseStore->get('admin@test.com|...')
#9 D:\\Smart Damage Assessment System\\backend\\vendor\\laravel\\framework\\src\\Illuminate\\Cache\\RateLimiter.php(207): Illuminate\\Cache\\Repository->get('admin@test.com|...', 0)
#10 D:\\Smart Damage Assessment System\\backend\\vendor\\laravel\\framework\\src\\Illuminate\\Cache\\RateLimiter.php(301): Illuminate\\Cache\\RateLimiter->Illuminate\\Cache\\{closure}()
#11 D:\\Smart Damage Assessment System\\backend\\vendor\\laravel\\framework\\src\\Illuminate\\Cache\\RateLimiter.php(207): Illuminate\\Cache\\RateLimiter->withoutSerializationOrCompression(Object(Closure))
#12 D:\\Smart Damage Assessment System\\backend\\vendor\\laravel\\framework\\src\\Illuminate\\Cache\\RateLimiter.php(130): Illuminate\\Cache\\RateLimiter->attempts('admin@test.com|...')
#13 D:\\Smart Damage Assessment System\\backend\\vendor\\laravel\\framework\\src\\Illuminate\\Support\\Facades\\Facade.php(361): Illuminate\\Cache\\RateLimiter->tooManyAttempts('admin@test.com|...', 5)
#14 D:\\Smart Damage Assessment System\\backend\\app\\Http\\Requests\\Auth\\LoginRequest.php(62): Illuminate\\Support\\Facades\\Facade::__callStatic('tooManyAttempts', Array)
#15 D:\\Smart Damage Assessment System\\backend\\app\\Http\\Requests\\Auth\\LoginRequest.php(42): App\\Http\\Requests\\Auth\\LoginRequest->ensureIsNotRateLimited()
#16 D:\\Smart Damage Assessment System\\backend\\app\\Http\\Controllers\\Auth\\AuthenticatedSessionController.php(27): App\\Http\\Requests\\Auth\\LoginRequest->authenticate()
#17 D:\\Smart Damage Assessment System\\backend\\vendor\\laravel\\framework\\src\\Illuminate\\Routing\\Controller.php(54): App\\Http\\Controllers\\Auth\\AuthenticatedSessionController->store(Object(App\\Http\\Requests\\Auth\\LoginRequest))
#18 D:\\Smart Damage Assessment System\\backend\\vendor\\laravel\\framework\\src\\Illuminate\\Routing\\ControllerDispatcher.php(44): Illuminate\\Routing\\Controller->callAction('store', Array)
#19 D:\\Smart Damage Assessment System\\backend\\vendor\\laravel\\framework\\src\\Illuminate\\Routing\\Route.php(266): Illuminate\\Routing\\ControllerDispatcher->dispatch(Object(Illuminate\\Routing\\Route), Object(App\\Http\\Controllers\\Auth\\AuthenticatedSessionController), 'store')
#20 D:\\Smart Damage Assessment System\\backend\\vendor\\laravel\\framework\\src\\Illuminate\\Routing\\Route.php(212): Illuminate\\Routing\\Route->runController()
#21 D:\\Smart Damage Assessment System\\backend\\vendor\\laravel\\framework\\src\\Illuminate\\Routing\\Router.php(808): Illuminate\\Routing\\Route->run()
#22 D:\\Smart Damage Assessment System\\backend\\vendor\\laravel\\framework\\src\\Illuminate\\Pipeline\\Pipeline.php(170): Illuminate\\Routing\\Router->Illuminate\\Routing\\{closure}(Object(Illuminate\\Http\\Request))
#23 D:\\Smart Damage Assessment System\\backend\\vendor\\laravel\\framework\\src\\Illuminate\\Auth\\Middleware\\RedirectIfAuthenticated.php(35): Illuminate\\Pipeline\\Pipeline->Illuminate\\Pipeline\\{closure}(Object(Illuminate\\Http\\Request))
#24 D:\\Smart Damage Assessment System\\backend\\vendor\\laravel\\framework\\src\\Illuminate\\Pipeline\\Pipeline.php(209): Illuminate\\Auth\\Middleware\\RedirectIfAuthenticated->handle(Object(Illuminate\\Http\\Request), Object(Closure))
#25 D:\\Smart Damage Assessment System\\backend\\vendor\\laravel\\framework\\src\\Illuminate\\Routing\\Middleware\\SubstituteBindings.php(51): Illuminate\\Pipeline\\Pipeline->Illuminate\\Pipeline\\{closure}(Object(Illuminate\\Http\\Request))
#26 D:\\Smart Damage Assessment System\\backend\\vendor\\laravel\\framework\\src\\Illuminate\\Pipeline\\Pipeline.php(209): Illuminate\\Routing\\Middleware\\SubstituteBindings->handle(Object(Illuminate\\Http\\Request), Object(Closure))
#27 D:\\Smart Damage Assessment System\\backend\\vendor\\laravel\\framework\\src\\Illuminate\\Foundation\\Http\\Middleware\\VerifyCsrfToken.php(88): Illuminate\\Pipeline\\Pipeline->Illuminate\\Pipeline\\{closure}(Object(Illuminate\\Http\\Request))
#28 D:\\Smart Damage Assessment System\\backend\\vendor\\laravel\\framework\\src\\Illuminate\\Pipeline\\Pipeline.php(209): Illuminate\\Foundation\\Http\\Middleware\\VerifyCsrfToken->handle(Object(Illuminate\\Http\\Request), Object(Closure))
#29 D:\\Smart Damage Assessment System\\backend\\vendor\\laravel\\framework\\src\\Illuminate\\View\\Middleware\\ShareErrorsFromSession.php(49): Illuminate\\Pipeline\\Pipeline->Illuminate\\Pipeline\\{closure}(Object(Illuminate\\Http\\Request))
#30 D:\\Smart Damage Assessment System\\backend\\vendor\\laravel\\framework\\src\\Illuminate\\Pipeline\\Pipeline.php(209): Illuminate\\View\\Middleware\\ShareErrorsFromSession->handle(Object(Illuminate\\Http\\Request), Object(Closure))
#31 D:\\Smart Damage Assessment System\\backend\\vendor\\laravel\\framework\\src\\Illuminate\\Session\\Middleware\\StartSession.php(121): Illuminate\\Pipeline\\Pipeline->Illuminate\\Pipeline\\{closure}(Object(Illuminate\\Http\\Request))
#32 D:\\Smart Damage Assessment System\\backend\\vendor\\laravel\\framework\\src\\Illuminate\\Session\\Middleware\\StartSession.php(64): Illuminate\\Session\\Middleware\\StartSession->handleStatefulRequest(Object(Illuminate\\Http\\Request), Object(Illuminate\\Session\\Store), Object(Closure))
#33 D:\\Smart Damage Assessment System\\backend\\vendor\\laravel\\framework\\src\\Illuminate\\Pipeline\\Pipeline.php(209): Illuminate\\Session\\Middleware\\StartSession->handle(Object(Illuminate\\Http\\Request), Object(Closure))
#34 D:\\Smart Damage Assessment System\\backend\\vendor\\laravel\\framework\\src\\Illuminate\\Cookie\\Middleware\\AddQueuedCookiesToResponse.php(37): Illuminate\\Pipeline\\Pipeline->Illuminate\\Pipeline\\{closure}(Object(Illuminate\\Http\\Request))
#35 D:\\Smart Damage Assessment System\\backend\\vendor\\laravel\\framework\\src\\Illuminate\\Pipeline\\Pipeline.php(209): Illuminate\\Cookie\\Middleware\\AddQueuedCookiesToResponse->handle(Object(Illuminate\\Http\\Request), Object(Closure))
#36 D:\\Smart Damage Assessment System\\backend\\vendor\\laravel\\framework\\src\\Illuminate\\Cookie\\Middleware\\EncryptCookies.php(75): Illuminate\\Pipeline\\Pipeline->Illuminate\\Pipeline\\{closure}(Object(Illuminate\\Http\\Request))
#37 D:\\Smart Damage Assessment System\\backend\\vendor\\laravel\\framework\\src\\Illuminate\\Pipeline\\Pipeline.php(209): Illuminate\\Cookie\\Middleware\\EncryptCookies->handle(Object(Illuminate\\Http\\Request), Object(Closure))
#38 D:\\Smart Damage Assessment System\\backend\\vendor\\laravel\\framework\\src\\Illuminate\\Pipeline\\Pipeline.php(127): Illuminate\\Pipeline\\Pipeline->Illuminate\\Pipeline\\{closure}(Object(Illuminate\\Http\\Request))
#39 D:\\Smart Damage Assessment System\\backend\\vendor\\laravel\\framework\\src\\Illuminate\\Routing\\Router.php(807): Illuminate\\Pipeline\\Pipeline->then(Object(Closure))
#40 D:\\Smart Damage Assessment System\\backend\\vendor\\laravel\\framework\\src\\Illuminate\\Routing\\Router.php(786): Illuminate\\Routing\\Router->runRouteWithinStack(Object(Illuminate\\Routing\\Route), Object(Illuminate\\Http\\Request))
#41 D:\\Smart Damage Assessment System\\backend\\vendor\\laravel\\framework\\src\\Illuminate\\Routing\\Router.php(750): Illuminate\\Routing\\Router->runRoute(Object(Illuminate\\Http\\Request), Object(Illuminate\\Routing\\Route))
#42 D:\\Smart Damage Assessment System\\backend\\vendor\\laravel\\framework\\src\\Illuminate\\Routing\\Router.php(739): Illuminate\\Routing\\Router->dispatchToRoute(Object(Illuminate\\Http\\Request))
#43 D:\\Smart Damage Assessment System\\backend\\vendor\\laravel\\framework\\src\\Illuminate\\Foundation\\Http\\Kernel.php(201): Illuminate\\Routing\\Router->dispatch(Object(Illuminate\\Http\\Request))
#44 D:\\Smart Damage Assessment System\\backend\\vendor\\laravel\\framework\\src\\Illuminate\\Pipeline\\Pipeline.php(170): Illuminate\\Foundation\\Http\\Kernel->Illuminate\\Foundation\\Http\\{closure}(Object(Illuminate\\Http\\Request))
#45 D:\\Smart Damage Assessment System\\backend\\vendor\\laravel\\framework\\src\\Illuminate\\Foundation\\Http\\Middleware\\TransformsRequest.php(21): Illuminate\\Pipeline\\Pipeline->Illuminate\\Pipeline\\{closure}(Object(Illuminate\\Http\\Request))
#46 D:\\Smart Damage Assessment System\\backend\\vendor\\laravel\\framework\\src\\Illuminate\\Foundation\\Http\\Middleware\\ConvertEmptyStringsToNull.php(31): Illuminate\\Foundation\\Http\\Middleware\\TransformsRequest->handle(Object(Illuminate\\Http\\Request), Object(Closure))
#47 D:\\Smart Damage Assessment System\\backend\\vendor\\laravel\\framework\\src\\Illuminate\\Pipeline\\Pipeline.php(209): Illuminate\\Foundation\\Http\\Middleware\\ConvertEmptyStringsToNull->handle(Object(Illuminate\\Http\\Request), Object(Closure))
#48 D:\\Smart Damage Assessment System\\backend\\vendor\\laravel\\framework\\src\\Illuminate\\Foundation\\Http\\Middleware\\TransformsRequest.php(21): Illuminate\\Pipeline\\Pipeline->Illuminate\\Pipeline\\{closure}(Object(Illuminate\\Http\\Request))
#49 D:\\Smart Damage Assessment System\\backend\\vendor\\laravel\\framework\\src\\Illuminate\\Foundation\\Http\\Middleware\\TrimStrings.php(51): Illuminate\\Foundation\\Http\\Middleware\\TransformsRequest->handle(Object(Illuminate\\Http\\Request), Object(Closure))
#50 D:\\Smart Damage Assessment System\\backend\\vendor\\laravel\\framework\\src\\Illuminate\\Pipeline\\Pipeline.php(209): Illuminate\\Foundation\\Http\\Middleware\\TrimStrings->handle(Object(Illuminate\\Http\\Request), Object(Closure))
#51 D:\\Smart Damage Assessment System\\backend\\vendor\\laravel\\framework\\src\\Illuminate\\Http\\Middleware\\ValidatePostSize.php(27): Illuminate\\Pipeline\\Pipeline->Illuminate\\Pipeline\\{closure}(Object(Illuminate\\Http\\Request))
#52 D:\\Smart Damage Assessment System\\backend\\vendor\\laravel\\framework\\src\\Illuminate\\Pipeline\\Pipeline.php(209): Illuminate\\Http\\Middleware\\ValidatePostSize->handle(Object(Illuminate\\Http\\Request), Object(Closure))
#53 D:\\Smart Damage Assessment System\\backend\\vendor\\laravel\\framework\\src\\Illuminate\\Foundation\\Http\\Middleware\\PreventRequestsDuringMaintenance.php(110): Illuminate\\Pipeline\\Pipeline->Illuminate\\Pipeline\\{closure}(Object(Illuminate\\Http\\Request))
#54 D:\\Smart Damage Assessment System\\backend\\vendor\\laravel\\framework\\src\\Illuminate\\Pipeline\\Pipeline.php(209): Illuminate\\Foundation\\Http\\Middleware\\PreventRequestsDuringMaintenance->handle(Object(Illuminate\\Http\\Request), Object(Closure))
#55 D:\\Smart Damage Assessment System\\backend\\vendor\\laravel\\framework\\src\\Illuminate\\Http\\Middleware\\HandleCors.php(49): Illuminate\\Pipeline\\Pipeline->Illuminate\\Pipeline\\{closure}(Object(Illuminate\\Http\\Request))
#56 D:\\Smart Damage Assessment System\\backend\\vendor\\laravel\\framework\\src\\Illuminate\\Pipeline\\Pipeline.php(209): Illuminate\\Http\\Middleware\\HandleCors->handle(Object(Illuminate\\Http\\Request), Object(Closure))
#57 D:\\Smart Damage Assessment System\\backend\\vendor\\laravel\\framework\\src\\Illuminate\\Http\\Middleware\\TrustProxies.php(58): Illuminate\\Pipeline\\Pipeline->Illuminate\\Pipeline\\{closure}(Object(Illuminate\\Http\\Request))
#58 D:\\Smart Damage Assessment System\\backend\\vendor\\laravel\\framework\\src\\Illuminate\\Pipeline\\Pipeline.php(209): Illuminate\\Http\\Middleware\\TrustProxies->handle(Object(Illuminate\\Http\\Request), Object(Closure))
#59 D:\\Smart Damage Assessment System\\backend\\vendor\\laravel\\framework\\src\\Illuminate\\Foundation\\Http\\Middleware\\InvokeDeferredCallbacks.php(22): Illuminate\\Pipeline\\Pipeline->Illuminate\\Pipeline\\{closure}(Object(Illuminate\\Http\\Request))
#60 D:\\Smart Damage Assessment System\\backend\\vendor\\laravel\\framework\\src\\Illuminate\\Pipeline\\Pipeline.php(209): Illuminate\\Foundation\\Http\\Middleware\\InvokeDeferredCallbacks->handle(Object(Illuminate\\Http\\Request), Object(Closure))
#61 D:\\Smart Damage Assessment System\\backend\\vendor\\laravel\\framework\\src\\Illuminate\\Pipeline\\Pipeline.php(127): Illuminate\\Pipeline\\Pipeline->Illuminate\\Pipeline\\{closure}(Object(Illuminate\\Http\\Request))
#62 D:\\Smart Damage Assessment System\\backend\\vendor\\laravel\\framework\\src\\Illuminate\\Foundation\\Http\\Kernel.php(176): Illuminate\\Pipeline\\Pipeline->then(Object(Closure))
#63 D:\\Smart Damage Assessment System\\backend\\vendor\\laravel\\framework\\src\\Illuminate\\Foundation\\Http\\Kernel.php(145): Illuminate\\Foundation\\Http\\Kernel->sendRequestThroughRouter(Object(Illuminate\\Http\\Request))
#64 D:\\Smart Damage Assessment System\\backend\\public\\index.php(17): Illuminate\\Foundation\\Http\\Kernel->handle(Object(Illuminate\\Http\\Request))
#65 D:\\Smart Damage Assessment System\\backend\\vendor\\laravel\\framework\\src\\Illuminate\\Foundation\\resources\\server.php(23): require_once('D:\\\\Smart Damage...')
#66 {main}

[previous exception] [object] (Illuminate\\Database\\SQLiteDatabaseDoesNotExistException(code: 0): Database file at path [D:\\Smart Damage Assessment System\\backend\\database\\database.sqlite] does not exist. Ensure this is an absolute path to the database. at D:\\Smart Damage Assessment System\\backend\\vendor\\laravel\\framework\\src\\Illuminate\\Database\\Connectors\\SQLiteConnector.php:37)
[stacktrace]
#0 D:\\Smart Damage Assessment System\\backend\\vendor\\laravel\\framework\\src\\Illuminate\\Database\\Connectors\\ConnectionFactory.php(224): Illuminate\\Database\\Connectors\\SQLiteConnector->connect(Array)
#1 [internal function]: Illuminate\\Database\\Connectors\\ConnectionFactory->Illuminate\\Database\\Connectors\\{closure}()
#2 D:\\Smart Damage Assessment System\\backend\\vendor\\laravel\\framework\\src\\Illuminate\\Database\\Connection.php(1231): call_user_func(Object(Closure))
#3 D:\\Smart Damage Assessment System\\backend\\vendor\\laravel\\framework\\src\\Illuminate\\Database\\Connection.php(1267): Illuminate\\Database\\Connection->getPdo()
#4 D:\\Smart Damage Assessment System\\backend\\vendor\\laravel\\framework\\src\\Illuminate\\Database\\Connection.php(512): Illuminate\\Database\\Connection->getReadPdo()
#5 D:\\Smart Damage Assessment System\\backend\\vendor\\laravel\\framework\\src\\Illuminate\\Database\\Connection.php(407): Illuminate\\Database\\Connection->getPdoForSelect(true)
#6 D:\\Smart Damage Assessment System\\backend\\vendor\\laravel\\framework\\src\\Illuminate\\Database\\Connection.php(812): Illuminate\\Database\\Connection->Illuminate\\Database\\{closure}('select * from \"...', Array)
#7 D:\\Smart Damage Assessment System\\backend\\vendor\\laravel\\framework\\src\\Illuminate\\Database\\Connection.php(779): Illuminate\\Database\\Connection->runQueryCallback('select * from \"...', Array, Object(Closure))
#8 D:\\Smart Damage Assessment System\\backend\\vendor\\laravel\\framework\\src\\Illuminate\\Database\\Connection.php(398): Illuminate\\Database\\Connection->run('select * from \"...', Array, Object(Closure))
#9 D:\\Smart Damage Assessment System\\backend\\vendor\\laravel\\framework\\src\\Illuminate\\Database\\Query\\Builder.php(3106): Illuminate\\Database\\Connection->select('select * from \"...', Array, true)
#10 D:\\Smart Damage Assessment System\\backend\\vendor\\laravel\\framework\\src\\Illuminate\\Database\\Query\\Builder.php(3091): Illuminate\\Database\\Query\\Builder->runSelect()
#11 D:\\Smart Damage Assessment System\\backend\\vendor\\laravel\\framework\\src\\Illuminate\\Database\\Query\\Builder.php(3676): Illuminate\\Database\\Query\\Builder->Illuminate\\Database\\Query\\{closure}()
#12 D:\\Smart Damage Assessment System\\backend\\vendor\\laravel\\framework\\src\\Illuminate\\Database\\Query\\Builder.php(3090): Illuminate\\Database\\Query\\Builder->onceWithColumns(Array, Object(Closure))
#13 D:\\Smart Damage Assessment System\\backend\\vendor\\laravel\\framework\\src\\Illuminate\\Cache\\DatabaseStore.php(130): Illuminate\\Database\\Query\\Builder->get()
#14 D:\\Smart Damage Assessment System\\backend\\vendor\\laravel\\framework\\src\\Illuminate\\Cache\\DatabaseStore.php(105): Illuminate\\Cache\\DatabaseStore->many(Array)
#15 D:\\Smart Damage Assessment System\\backend\\vendor\\laravel\\framework\\src\\Illuminate\\Cache\\Repository.php(117): Illuminate\\Cache\\DatabaseStore->get('admin@test.com|...')
#16 D:\\Smart Damage Assessment System\\backend\\vendor\\laravel\\framework\\src\\Illuminate\\Cache\\RateLimiter.php(207): Illuminate\\Cache\\Repository->get('admin@test.com|...', 0)
#17 D:\\Smart Damage Assessment System\\backend\\vendor\\laravel\\framework\\src\\Illuminate\\Cache\\RateLimiter.php(301): Illuminate\\Cache\\RateLimiter->Illuminate\\Cache\\{closure}()
#18 D:\\Smart Damage Assessment System\\backend\\vendor\\laravel\\framework\\src\\Illuminate\\Cache\\RateLimiter.php(207): Illuminate\\Cache\\RateLimiter->withoutSerializationOrCompression(Object(Closure))
#19 D:\\Smart Damage Assessment System\\backend\\vendor\\laravel\\framework\\src\\Illuminate\\Cache\\RateLimiter.php(130): Illuminate\\Cache\\RateLimiter->attempts('admin@test.com|...')
#20 D:\\Smart Damage Assessment System\\backend\\vendor\\laravel\\framework\\src\\Illuminate\\Support\\Facades\\Facade.php(361): Illuminate\\Cache\\RateLimiter->tooManyAttempts('admin@test.com|...', 5)
#21 D:\\Smart Damage Assessment System\\backend\\app\\Http\\Requests\\Auth\\LoginRequest.php(62): Illuminate\\Support\\Facades\\Facade::__callStatic('tooManyAttempts', Array)
#22 D:\\Smart Damage Assessment System\\backend\\app\\Http\\Requests\\Auth\\LoginRequest.php(42): App\\Http\\Requests\\Auth\\LoginRequest->ensureIsNotRateLimited()
#23 D:\\Smart Damage Assessment System\\backend\\app\\Http\\Controllers\\Auth\\AuthenticatedSessionController.php(27): App\\Http\\Requests\\Auth\\LoginRequest->authenticate()
#24 D:\\Smart Damage Assessment System\\backend\\vendor\\laravel\\framework\\src\\Illuminate\\Routing\\Controller.php(54): App\\Http\\Controllers\\Auth\\AuthenticatedSessionController->store(Object(App\\Http\\Requests\\Auth\\LoginRequest))
#25 D:\\Smart Damage Assessment System\\backend\\vendor\\laravel\\framework\\src\\Illuminate\\Routing\\ControllerDispatcher.php(44): Illuminate\\Routing\\Controller->callAction('store', Array)
#26 D:\\Smart Damage Assessment System\\backend\\vendor\\laravel\\framework\\src\\Illuminate\\Routing\\Route.php(266): Illuminate\\Routing\\ControllerDispatcher->dispatch(Object(Illuminate\\Routing\\Route), Object(App\\Http\\Controllers\\Auth\\AuthenticatedSessionController), 'store')
#27 D:\\Smart Damage Assessment System\\backend\\vendor\\laravel\\framework\\src\\Illuminate\\Routing\\Route.php(212): Illuminate\\Routing\\Route->runController()
#28 D:\\Smart Damage Assessment System\\backend\\vendor\\laravel\\framework\\src\\Illuminate\\Routing\\Router.php(808): Illuminate\\Routing\\Route->run()
#29 D:\\Smart Damage Assessment System\\backend\\vendor\\laravel\\framework\\src\\Illuminate\\Pipeline\\Pipeline.php(170): Illuminate\\Routing\\Router->Illuminate\\Routing\\{closure}(Object(Illuminate\\Http\\Request))
#30 D:\\Smart Damage Assessment System\\backend\\vendor\\laravel\\framework\\src\\Illuminate\\Auth\\Middleware\\RedirectIfAuthenticated.php(35): Illuminate\\Pipeline\\Pipeline->Illuminate\\Pipeline\\{closure}(Object(Illuminate\\Http\\Request))
#31 D:\\Smart Damage Assessment System\\backend\\vendor\\laravel\\framework\\src\\Illuminate\\Pipeline\\Pipeline.php(209): Illuminate\\Auth\\Middleware\\RedirectIfAuthenticated->handle(Object(Illuminate\\Http\\Request), Object(Closure))
#32 D:\\Smart Damage Assessment System\\backend\\vendor\\laravel\\framework\\src\\Illuminate\\Routing\\Middleware\\SubstituteBindings.php(51): Illuminate\\Pipeline\\Pipeline->Illuminate\\Pipeline\\{closure}(Object(Illuminate\\Http\\Request))
#33 D:\\Smart Damage Assessment System\\backend\\vendor\\laravel\\framework\\src\\Illuminate\\Pipeline\\Pipeline.php(209): Illuminate\\Routing\\Middleware\\SubstituteBindings->handle(Object(Illuminate\\Http\\Request), Object(Closure))
#34 D:\\Smart Damage Assessment System\\backend\\vendor\\laravel\\framework\\src\\Illuminate\\Foundation\\Http\\Middleware\\VerifyCsrfToken.php(88): Illuminate\\Pipeline\\Pipeline->Illuminate\\Pipeline\\{closure}(Object(Illuminate\\Http\\Request))
#35 D:\\Smart Damage Assessment System\\backend\\vendor\\laravel\\framework\\src\\Illuminate\\Pipeline\\Pipeline.php(209): Illuminate\\Foundation\\Http\\Middleware\\VerifyCsrfToken->handle(Object(Illuminate\\Http\\Request), Object(Closure))
#36 D:\\Smart Damage Assessment System\\backend\\vendor\\laravel\\framework\\src\\Illuminate\\View\\Middleware\\ShareErrorsFromSession.php(49): Illuminate\\Pipeline\\Pipeline->Illuminate\\Pipeline\\{closure}(Object(Illuminate\\Http\\Request))
#37 D:\\Smart Damage Assessment System\\backend\\vendor\\laravel\\framework\\src\\Illuminate\\Pipeline\\Pipeline.php(209): Illuminate\\View\\Middleware\\ShareErrorsFromSession->handle(Object(Illuminate\\Http\\Request), Object(Closure))
#38 D:\\Smart Damage Assessment System\\backend\\vendor\\laravel\\framework\\src\\Illuminate\\Session\\Middleware\\StartSession.php(121): Illuminate\\Pipeline\\Pipeline->Illuminate\\Pipeline\\{closure}(Object(Illuminate\\Http\\Request))
#39 D:\\Smart Damage Assessment System\\backend\\vendor\\laravel\\framework\\src\\Illuminate\\Session\\Middleware\\StartSession.php(64): Illuminate\\Session\\Middleware\\StartSession->handleStatefulRequest(Object(Illuminate\\Http\\Request), Object(Illuminate\\Session\\Store), Object(Closure))
#40 D:\\Smart Damage Assessment System\\backend\\vendor\\laravel\\framework\\src\\Illuminate\\Pipeline\\Pipeline.php(209): Illuminate\\Session\\Middleware\\StartSession->handle(Object(Illuminate\\Http\\Request), Object(Closure))
#41 D:\\Smart Damage Assessment System\\backend\\vendor\\laravel\\framework\\src\\Illuminate\\Cookie\\Middleware\\AddQueuedCookiesToResponse.php(37): Illuminate\\Pipeline\\Pipeline->Illuminate\\Pipeline\\{closure}(Object(Illuminate\\Http\\Request))
#42 D:\\Smart Damage Assessment System\\backend\\vendor\\laravel\\framework\\src\\Illuminate\\Pipeline\\Pipeline.php(209): Illuminate\\Cookie\\Middleware\\AddQueuedCookiesToResponse->handle(Object(Illuminate\\Http\\Request), Object(Closure))
#43 D:\\Smart Damage Assessment System\\backend\\vendor\\laravel\\framework\\src\\Illuminate\\Cookie\\Middleware\\EncryptCookies.php(75): Illuminate\\Pipeline\\Pipeline->Illuminate\\Pipeline\\{closure}(Object(Illuminate\\Http\\Request))
#44 D:\\Smart Damage Assessment System\\backend\\vendor\\laravel\\framework\\src\\Illuminate\\Pipeline\\Pipeline.php(209): Illuminate\\Cookie\\Middleware\\EncryptCookies->handle(Object(Illuminate\\Http\\Request), Object(Closure))
#45 D:\\Smart Damage Assessment System\\backend\\vendor\\laravel\\framework\\src\\Illuminate\\Pipeline\\Pipeline.php(127): Illuminate\\Pipeline\\Pipeline->Illuminate\\Pipeline\\{closure}(Object(Illuminate\\Http\\Request))
#46 D:\\Smart Damage Assessment System\\backend\\vendor\\laravel\\framework\\src\\Illuminate\\Routing\\Router.php(807): Illuminate\\Pipeline\\Pipeline->then(Object(Closure))
#47 D:\\Smart Damage Assessment System\\backend\\vendor\\laravel\\framework\\src\\Illuminate\\Routing\\Router.php(786): Illuminate\\Routing\\Router->runRouteWithinStack(Object(Illuminate\\Routing\\Route), Object(Illuminate\\Http\\Request))
#48 D:\\Smart Damage Assessment System\\backend\\vendor\\laravel\\framework\\src\\Illuminate\\Routing\\Router.php(750): Illuminate\\Routing\\Router->runRoute(Object(Illuminate\\Http\\Request), Object(Illuminate\\Routing\\Route))
#49 D:\\Smart Damage Assessment System\\backend\\vendor\\laravel\\framework\\src\\Illuminate\\Routing\\Router.php(739): Illuminate\\Routing\\Router->dispatchToRoute(Object(Illuminate\\Http\\Request))
#50 D:\\Smart Damage Assessment System\\backend\\vendor\\laravel\\framework\\src\\Illuminate\\Foundation\\Http\\Kernel.php(201): Illuminate\\Routing\\Router->dispatch(Object(Illuminate\\Http\\Request))
#51 D:\\Smart Damage Assessment System\\backend\\vendor\\laravel\\framework\\src\\Illuminate\\Pipeline\\Pipeline.php(170): Illuminate\\Foundation\\Http\\Kernel->Illuminate\\Foundation\\Http\\{closure}(Object(Illuminate\\Http\\Request))
#52 D:\\Smart Damage Assessment System\\backend\\vendor\\laravel\\framework\\src\\Illuminate\\Foundation\\Http\\Middleware\\TransformsRequest.php(21): Illuminate\\Pipeline\\Pipeline->Illuminate\\Pipeline\\{closure}(Object(Illuminate\\Http\\Request))
#53 D:\\Smart Damage Assessment System\\backend\\vendor\\laravel\\framework\\src\\Illuminate\\Foundation\\Http\\Middleware\\ConvertEmptyStringsToNull.php(31): Illuminate\\Foundation\\Http\\Middleware\\TransformsRequest->handle(Object(Illuminate\\Http\\Request), Object(Closure))
#54 D:\\Smart Damage Assessment System\\backend\\vendor\\laravel\\framework\\src\\Illuminate\\Pipeline\\Pipeline.php(209): Illuminate\\Foundation\\Http\\Middleware\\ConvertEmptyStringsToNull->handle(Object(Illuminate\\Http\\Request), Object(Closure))
#55 D:\\Smart Damage Assessment System\\backend\\vendor\\laravel\\framework\\src\\Illuminate\\Foundation\\Http\\Middleware\\TransformsRequest.php(21): Illuminate\\Pipeline\\Pipeline->Illuminate\\Pipeline\\{closure}(Object(Illuminate\\Http\\Request))
#56 D:\\Smart Damage Assessment System\\backend\\vendor\\laravel\\framework\\src\\Illuminate\\Foundation\\Http\\Middleware\\TrimStrings.php(51): Illuminate\\Foundation\\Http\\Middleware\\TransformsRequest->handle(Object(Illuminate\\Http\\Request), Object(Closure))
#57 D:\\Smart Damage Assessment System\\backend\\vendor\\laravel\\framework\\src\\Illuminate\\Pipeline\\Pipeline.php(209): Illuminate\\Foundation\\Http\\Middleware\\TrimStrings->handle(Object(Illuminate\\Http\\Request), Object(Closure))
#58 D:\\Smart Damage Assessment System\\backend\\vendor\\laravel\\framework\\src\\Illuminate\\Http\\Middleware\\ValidatePostSize.php(27): Illuminate\\Pipeline\\Pipeline->Illuminate\\Pipeline\\{closure}(Object(Illuminate\\Http\\Request))
#59 D:\\Smart Damage Assessment System\\backend\\vendor\\laravel\\framework\\src\\Illuminate\\Pipeline\\Pipeline.php(209): Illuminate\\Http\\Middleware\\ValidatePostSize->handle(Object(Illuminate\\Http\\Request), Object(Closure))
#60 D:\\Smart Damage Assessment System\\backend\\vendor\\laravel\\framework\\src\\Illuminate\\Foundation\\Http\\Middleware\\PreventRequestsDuringMaintenance.php(110): Illuminate\\Pipeline\\Pipeline->Illuminate\\Pipeline\\{closure}(Object(Illuminate\\Http\\Request))
#61 D:\\Smart Damage Assessment System\\backend\\vendor\\laravel\\framework\\src\\Illuminate\\Pipeline\\Pipeline.php(209): Illuminate\\Foundation\\Http\\Middleware\\PreventRequestsDuringMaintenance->handle(Object(Illuminate\\Http\\Request), Object(Closure))
#62 D:\\Smart Damage Assessment System\\backend\\vendor\\laravel\\framework\\src\\Illuminate\\Http\\Middleware\\HandleCors.php(49): Illuminate\\Pipeline\\Pipeline->Illuminate\\Pipeline\\{closure}(Object(Illuminate\\Http\\Request))
#63 D:\\Smart Damage Assessment System\\backend\\vendor\\laravel\\framework\\src\\Illuminate\\Pipeline\\Pipeline.php(209): Illuminate\\Http\\Middleware\\HandleCors->handle(Object(Illuminate\\Http\\Request), Object(Closure))
#64 D:\\Smart Damage Assessment System\\backend\\vendor\\laravel\\framework\\src\\Illuminate\\Http\\Middleware\\TrustProxies.php(58): Illuminate\\Pipeline\\Pipeline->Illuminate\\Pipeline\\{closure}(Object(Illuminate\\Http\\Request))
#65 D:\\Smart Damage Assessment System\\backend\\vendor\\laravel\\framework\\src\\Illuminate\\Pipeline\\Pipeline.php(209): Illuminate\\Http\\Middleware\\TrustProxies->handle(Object(Illuminate\\Http\\Request), Object(Closure))
#66 D:\\Smart Damage Assessment System\\backend\\vendor\\laravel\\framework\\src\\Illuminate\\Foundation\\Http\\Middleware\\InvokeDeferredCallbacks.php(22): Illuminate\\Pipeline\\Pipeline->Illuminate\\Pipeline\\{closure}(Object(Illuminate\\Http\\Request))
#67 D:\\Smart Damage Assessment System\\backend\\vendor\\laravel\\framework\\src\\Illuminate\\Pipeline\\Pipeline.php(209): Illuminate\\Foundation\\Http\\Middleware\\InvokeDeferredCallbacks->handle(Object(Illuminate\\Http\\Request), Object(Closure))
#68 D:\\Smart Damage Assessment System\\backend\\vendor\\laravel\\framework\\src\\Illuminate\\Pipeline\\Pipeline.php(127): Illuminate\\Pipeline\\Pipeline->Illuminate\\Pipeline\\{closure}(Object(Illuminate\\Http\\Request))
#69 D:\\Smart Damage Assessment System\\backend\\vendor\\laravel\\framework\\src\\Illuminate\\Foundation\\Http\\Kernel.php(176): Illuminate\\Pipeline\\Pipeline->then(Object(Closure))
#70 D:\\Smart Damage Assessment System\\backend\\vendor\\laravel\\framework\\src\\Illuminate\\Foundation\\Http\\Kernel.php(145): Illuminate\\Foundation\\Http\\Kernel->sendRequestThroughRouter(Object(Illuminate\\Http\\Request))
#71 D:\\Smart Damage Assessment System\\backend\\public\\index.php(17): Illuminate\\Foundation\\Http\\Kernel->handle(Object(Illuminate\\Http\\Request))
#72 D:\\Smart Damage Assessment System\\backend\\vendor\\laravel\\framework\\src\\Illuminate\\Foundation\\resources\\server.php(23): require_once('D:\\\\Smart Damage...')
#73 {main}
"} 
[2026-01-19 11:48:21] local.ERROR: The "--compact" option does not exist. {"exception":"[object] (Symfony\\Component\\Console\\Exception\\RuntimeException(code: 0): The \"--compact\" option does not exist. at D:\\Smart Damage Assessment System\\backend\\vendor\\symfony\\console\\Input\\ArgvInput.php:226)
[stacktrace]
#0 D:\\Smart Damage Assessment System\\backend\\vendor\\symfony\\console\\Input\\ArgvInput.php(155): Symfony\\Component\\Console\\Input\\ArgvInput->addLongOption('compact', NULL)
#1 D:\\Smart Damage Assessment System\\backend\\vendor\\symfony\\console\\Input\\ArgvInput.php(88): Symfony\\Component\\Console\\Input\\ArgvInput->parseLongOption('--compact')
#2 D:\\Smart Damage Assessment System\\backend\\vendor\\symfony\\console\\Input\\ArgvInput.php(77): Symfony\\Component\\Console\\Input\\ArgvInput->parseToken('--compact', true)
#3 D:\\Smart Damage Assessment System\\backend\\vendor\\symfony\\console\\Input\\Input.php(53): Symfony\\Component\\Console\\Input\\ArgvInput->parse()
#4 D:\\Smart Damage Assessment System\\backend\\vendor\\symfony\\console\\Command\\Command.php(295): Symfony\\Component\\Console\\Input\\Input->bind(Object(Symfony\\Component\\Console\\Input\\InputDefinition))
#5 D:\\Smart Damage Assessment System\\backend\\vendor\\laravel\\framework\\src\\Illuminate\\Console\\Command.php(182): Symfony\\Component\\Console\\Command\\Command->run(Object(Symfony\\Component\\Console\\Input\\ArgvInput), Object(Illuminate\\Console\\OutputStyle))
#6 D:\\Smart Damage Assessment System\\backend\\vendor\\symfony\\console\\Application.php(1102): Illuminate\\Console\\Command->run(Object(Symfony\\Component\\Console\\Input\\ArgvInput), Object(Symfony\\Component\\Console\\Output\\ConsoleOutput))
#7 D:\\Smart Damage Assessment System\\backend\\vendor\\symfony\\console\\Application.php(356): Symfony\\Component\\Console\\Application->doRunCommand(Object(Illuminate\\Foundation\\Console\\RouteListCommand), Object(Symfony\\Component\\Console\\Input\\ArgvInput), Object(Symfony\\Component\\Console\\Output\\ConsoleOutput))
#8 D:\\Smart Damage Assessment System\\backend\\vendor\\symfony\\console\\Application.php(195): Symfony\\Component\\Console\\Application->doRun(Object(Symfony\\Component\\Console\\Input\\ArgvInput), Object(Symfony\\Component\\Console\\Output\\ConsoleOutput))
#9 D:\\Smart Damage Assessment System\\backend\\vendor\\laravel\\framework\\src\\Illuminate\\Foundation\\Console\\Kernel.php(198): Symfony\\Component\\Console\\Application->run(Object(Symfony\\Component\\Console\\Input\\ArgvInput), Object(Symfony\\Component\\Console\\Output\\ConsoleOutput))
#10 D:\\Smart Damage Assessment System\\backend\\artisan(35): Illuminate\\Foundation\\Console\\Kernel->handle(Object(Symfony\\Component\\Console\\Input\\ArgvInput), Object(Symfony\\Component\\Console\\Output\\ConsoleOutput))
#11 {main}
"} 
[2026-01-19 11:50:32] local.ERROR: Command "storage:status" is not defined.

Did you mean one of these?
    migrate:status
    storage:link
    storage:unlink {"exception":"[object] (Symfony\\Component\\Console\\Exception\\CommandNotFoundException(code: 0): Command \"storage:status\" is not defined.

Did you mean one of these?
    migrate:status
    storage:link
    storage:unlink at D:\\Smart Damage Assessment System\\backend\\vendor\\symfony\\console\\Application.php:759)
[stacktrace]
#0 D:\\Smart Damage Assessment System\\backend\\vendor\\symfony\\console\\Application.php(298): Symfony\\Component\\Console\\Application->find('storage:status')
#1 D:\\Smart Damage Assessment System\\backend\\vendor\\symfony\\console\\Application.php(195): Symfony\\Component\\Console\\Application->doRun(Object(Symfony\\Component\\Console\\Input\\ArgvInput), Object(Symfony\\Component\\Console\\Output\\ConsoleOutput))
#2 D:\\Smart Damage Assessment System\\backend\\vendor\\laravel\\framework\\src\\Illuminate\\Foundation\\Console\\Kernel.php(198): Symfony\\Component\\Console\\Application->run(Object(Symfony\\Component\\Console\\Input\\ArgvInput), Object(Symfony\\Component\\Console\\Output\\ConsoleOutput))
#3 D:\\Smart Damage Assessment System\\backend\\artisan(35): Illuminate\\Foundation\\Console\\Kernel->handle(Object(Symfony\\Component\\Console\\Input\\ArgvInput), Object(Symfony\\Component\\Console\\Output\\ConsoleOutput))
#4 {main}
"} 
[2026-01-19 11:54:16] local.ERROR: View [scribe.index] not found. {"exception":"[object] (InvalidArgumentException(code: 0): View [scribe.index] not found. at D:\\Smart Damage Assessment System\\backend\\vendor\\laravel\\framework\\src\\Illuminate\\View\\FileViewFinder.php:139)
[stacktrace]
#0 D:\\Smart Damage Assessment System\\backend\\vendor\\laravel\\framework\\src\\Illuminate\\View\\FileViewFinder.php(79): Illuminate\\View\\FileViewFinder->findInPaths('scribe.index', Array)
#1 D:\\Smart Damage Assessment System\\backend\\vendor\\laravel\\framework\\src\\Illuminate\\View\\Factory.php(151): Illuminate\\View\\FileViewFinder->find('scribe.index')
#2 D:\\Smart Damage Assessment System\\backend\\vendor\\laravel\\framework\\src\\Illuminate\\Routing\\ResponseFactory.php(90): Illuminate\\View\\Factory->make('scribe.index', Array)
#3 D:\\Smart Damage Assessment System\\backend\\vendor\\laravel\\framework\\src\\Illuminate\\Routing\\ViewController.php(41): Illuminate\\Routing\\ResponseFactory->view('scribe.index', Array, 200, Array)
#4 D:\\Smart Damage Assessment System\\backend\\vendor\\laravel\\framework\\src\\Illuminate\\Routing\\ViewController.php(58): Illuminate\\Routing\\ViewController->__invoke(view: 'scribe.index', data: Array, status: 200, headers: Array)
#5 D:\\Smart Damage Assessment System\\backend\\vendor\\laravel\\framework\\src\\Illuminate\\Routing\\ControllerDispatcher.php(44): Illuminate\\Routing\\ViewController->callAction('__invoke', Array)
#6 D:\\Smart Damage Assessment System\\backend\\vendor\\laravel\\framework\\src\\Illuminate\\Routing\\Route.php(266): Illuminate\\Routing\\ControllerDispatcher->dispatch(Object(Illuminate\\Routing\\Route), Object(Illuminate\\Routing\\ViewController), '__invoke')
#7 D:\\Smart Damage Assessment System\\backend\\vendor\\laravel\\framework\\src\\Illuminate\\Routing\\Route.php(212): Illuminate\\Routing\\Route->runController()
#8 D:\\Smart Damage Assessment System\\backend\\vendor\\laravel\\framework\\src\\Illuminate\\Routing\\Router.php(808): Illuminate\\Routing\\Route->run()
#9 D:\\Smart Damage Assessment System\\backend\\vendor\\laravel\\framework\\src\\Illuminate\\Pipeline\\Pipeline.php(170): Illuminate\\Routing\\Router->Illuminate\\Routing\\{closure}(Object(Illuminate\\Http\\Request))
#10 D:\\Smart Damage Assessment System\\backend\\vendor\\laravel\\framework\\src\\Illuminate\\Pipeline\\Pipeline.php(127): Illuminate\\Pipeline\\Pipeline->Illuminate\\Pipeline\\{closure}(Object(Illuminate\\Http\\Request))
#11 D:\\Smart Damage Assessment System\\backend\\vendor\\laravel\\framework\\src\\Illuminate\\Routing\\Router.php(807): Illuminate\\Pipeline\\Pipeline->then(Object(Closure))
#12 D:\\Smart Damage Assessment System\\backend\\vendor\\laravel\\framework\\src\\Illuminate\\Routing\\Router.php(786): Illuminate\\Routing\\Router->runRouteWithinStack(Object(Illuminate\\Routing\\Route), Object(Illuminate\\Http\\Request))
#13 D:\\Smart Damage Assessment System\\backend\\vendor\\laravel\\framework\\src\\Illuminate\\Routing\\Router.php(750): Illuminate\\Routing\\Router->runRoute(Object(Illuminate\\Http\\Request), Object(Illuminate\\Routing\\Route))
#14 D:\\Smart Damage Assessment System\\backend\\vendor\\laravel\\framework\\src\\Illuminate\\Routing\\Router.php(739): Illuminate\\Routing\\Router->dispatchToRoute(Object(Illuminate\\Http\\Request))
#15 D:\\Smart Damage Assessment System\\backend\\vendor\\laravel\\framework\\src\\Illuminate\\Foundation\\Http\\Kernel.php(201): Illuminate\\Routing\\Router->dispatch(Object(Illuminate\\Http\\Request))
#16 D:\\Smart Damage Assessment System\\backend\\vendor\\laravel\\framework\\src\\Illuminate\\Pipeline\\Pipeline.php(170): Illuminate\\Foundation\\Http\\Kernel->Illuminate\\Foundation\\Http\\{closure}(Object(Illuminate\\Http\\Request))
#17 D:\\Smart Damage Assessment System\\backend\\vendor\\laravel\\framework\\src\\Illuminate\\Foundation\\Http\\Middleware\\TransformsRequest.php(21): Illuminate\\Pipeline\\Pipeline->Illuminate\\Pipeline\\{closure}(Object(Illuminate\\Http\\Request))
#18 D:\\Smart Damage Assessment System\\backend\\vendor\\laravel\\framework\\src\\Illuminate\\Foundation\\Http\\Middleware\\ConvertEmptyStringsToNull.php(31): Illuminate\\Foundation\\Http\\Middleware\\TransformsRequest->handle(Object(Illuminate\\Http\\Request), Object(Closure))
#19 D:\\Smart Damage Assessment System\\backend\\vendor\\laravel\\framework\\src\\Illuminate\\Pipeline\\Pipeline.php(209): Illuminate\\Foundation\\Http\\Middleware\\ConvertEmptyStringsToNull->handle(Object(Illuminate\\Http\\Request), Object(Closure))
#20 D:\\Smart Damage Assessment System\\backend\\vendor\\laravel\\framework\\src\\Illuminate\\Foundation\\Http\\Middleware\\TransformsRequest.php(21): Illuminate\\Pipeline\\Pipeline->Illuminate\\Pipeline\\{closure}(Object(Illuminate\\Http\\Request))
#21 D:\\Smart Damage Assessment System\\backend\\vendor\\laravel\\framework\\src\\Illuminate\\Foundation\\Http\\Middleware\\TrimStrings.php(51): Illuminate\\Foundation\\Http\\Middleware\\TransformsRequest->handle(Object(Illuminate\\Http\\Request), Object(Closure))
#22 D:\\Smart Damage Assessment System\\backend\\vendor\\laravel\\framework\\src\\Illuminate\\Pipeline\\Pipeline.php(209): Illuminate\\Foundation\\Http\\Middleware\\TrimStrings->handle(Object(Illuminate\\Http\\Request), Object(Closure))
#23 D:\\Smart Damage Assessment System\\backend\\vendor\\laravel\\framework\\src\\Illuminate\\Http\\Middleware\\ValidatePostSize.php(27): Illuminate\\Pipeline\\Pipeline->Illuminate\\Pipeline\\{closure}(Object(Illuminate\\Http\\Request))
#24 D:\\Smart Damage Assessment System\\backend\\vendor\\laravel\\framework\\src\\Illuminate\\Pipeline\\Pipeline.php(209): Illuminate\\Http\\Middleware\\ValidatePostSize->handle(Object(Illuminate\\Http\\Request), Object(Closure))
#25 D:\\Smart Damage Assessment System\\backend\\vendor\\laravel\\framework\\src\\Illuminate\\Foundation\\Http\\Middleware\\PreventRequestsDuringMaintenance.php(110): Illuminate\\Pipeline\\Pipeline->Illuminate\\Pipeline\\{closure}(Object(Illuminate\\Http\\Request))
#26 D:\\Smart Damage Assessment System\\backend\\vendor\\laravel\\framework\\src\\Illuminate\\Pipeline\\Pipeline.php(209): Illuminate\\Foundation\\Http\\Middleware\\PreventRequestsDuringMaintenance->handle(Object(Illuminate\\Http\\Request), Object(Closure))
#27 D:\\Smart Damage Assessment System\\backend\\vendor\\laravel\\framework\\src\\Illuminate\\Http\\Middleware\\HandleCors.php(49): Illuminate\\Pipeline\\Pipeline->Illuminate\\Pipeline\\{closure}(Object(Illuminate\\Http\\Request))
#28 D:\\Smart Damage Assessment System\\backend\\vendor\\laravel\\framework\\src\\Illuminate\\Pipeline\\Pipeline.php(209): Illuminate\\Http\\Middleware\\HandleCors->handle(Object(Illuminate\\Http\\Request), Object(Closure))
#29 D:\\Smart Damage Assessment System\\backend\\vendor\\laravel\\framework\\src\\Illuminate\\Http\\Middleware\\TrustProxies.php(58): Illuminate\\Pipeline\\Pipeline->Illuminate\\Pipeline\\{closure}(Object(Illuminate\\Http\\Request))
#30 D:\\Smart Damage Assessment System\\backend\\vendor\\laravel\\framework\\src\\Illuminate\\Pipeline\\Pipeline.php(209): Illuminate\\Http\\Middleware\\TrustProxies->handle(Object(Illuminate\\Http\\Request), Object(Closure))
#31 D:\\Smart Damage Assessment System\\backend\\vendor\\laravel\\framework\\src\\Illuminate\\Foundation\\Http\\Middleware\\InvokeDeferredCallbacks.php(22): Illuminate\\Pipeline\\Pipeline->Illuminate\\Pipeline\\{closure}(Object(Illuminate\\Http\\Request))
#32 D:\\Smart Damage Assessment System\\backend\\vendor\\laravel\\framework\\src\\Illuminate\\Pipeline\\Pipeline.php(209): Illuminate\\Foundation\\Http\\Middleware\\InvokeDeferredCallbacks->handle(Object(Illuminate\\Http\\Request), Object(Closure))
#33 D:\\Smart Damage Assessment System\\backend\\vendor\\laravel\\framework\\src\\Illuminate\\Pipeline\\Pipeline.php(127): Illuminate\\Pipeline\\Pipeline->Illuminate\\Pipeline\\{closure}(Object(Illuminate\\Http\\Request))
#34 D:\\Smart Damage Assessment System\\backend\\vendor\\laravel\\framework\\src\\Illuminate\\Foundation\\Http\\Kernel.php(176): Illuminate\\Pipeline\\Pipeline->then(Object(Closure))
#35 D:\\Smart Damage Assessment System\\backend\\vendor\\laravel\\framework\\src\\Illuminate\\Foundation\\Http\\Kernel.php(145): Illuminate\\Foundation\\Http\\Kernel->sendRequestThroughRouter(Object(Illuminate\\Http\\Request))
#36 D:\\Smart Damage Assessment System\\backend\\public\\index.php(17): Illuminate\\Foundation\\Http\\Kernel->handle(Object(Illuminate\\Http\\Request))
#37 D:\\Smart Damage Assessment System\\backend\\vendor\\laravel\\framework\\src\\Illuminate\\Foundation\\resources\\server.php(23): require_once('D:\\\\Smart Damage...')
#38 {main}
"} 
[2026-01-19 11:56:05] local.ERROR: Route [map] not defined. {"view":{"view":"D:\\Smart Damage Assessment System\\backend\\resources\\views\\admin\\dashboard.blade.php","data":{"errors":"<pre class=sf-dump id=sf-dump-1127116128 data-indent-pad=\"  \"><span class=sf-dump-note>Illuminate\\Support\\ViewErrorBag</span> {<a class=sf-dump-ref>#355</a><samp data-depth=1 class=sf-dump-expanded>
  #<span class=sf-dump-protected title=\"Protected property\">bags</span>: []
</samp>}
</pre><script>Sfdump(\"sf-dump-1127116128\", {\"maxDepth\":3,\"maxStringLength\":160})</script>
","totalReports":"<pre class=sf-dump id=sf-dump-424204608 data-indent-pad=\"  \"><span class=sf-dump-num>0</span>
</pre><script>Sfdump(\"sf-dump-424204608\", {\"maxDepth\":3,\"maxStringLength\":160})</script>
","completedReports":"<pre class=sf-dump id=sf-dump-2001469808 data-indent-pad=\"  \"><span class=sf-dump-num>0</span>
</pre><script>Sfdump(\"sf-dump-2001469808\", {\"maxDepth\":3,\"maxStringLength\":160})</script>
","pendingReports":"<pre class=sf-dump id=sf-dump-1490797568 data-indent-pad=\"  \"><span class=sf-dump-num>0</span>
</pre><script>Sfdump(\"sf-dump-1490797568\", {\"maxDepth\":3,\"maxStringLength\":160})</script>
","totalUsers":"<pre class=sf-dump id=sf-dump-725353757 data-indent-pad=\"  \"><span class=sf-dump-num>2</span>
</pre><script>Sfdump(\"sf-dump-725353757\", {\"maxDepth\":3,\"maxStringLength\":160})</script>
","damageStats":"<pre class=sf-dump id=sf-dump-637266828 data-indent-pad=\"  \">[]
</pre><script>Sfdump(\"sf-dump-637266828\", {\"maxDepth\":3,\"maxStringLength\":160})</script>
","recentReports":"<pre class=sf-dump id=sf-dump-783842063 data-indent-pad=\"  \"><span class=sf-dump-note>Illuminate\\Database\\Eloquent\\Collection</span> {<a class=sf-dump-ref>#1075</a><samp data-depth=1 class=sf-dump-expanded>
  #<span class=sf-dump-protected title=\"Protected property\">items</span>: []
  #<span class=sf-dump-protected title=\"Protected property\">escapeWhenCastingToString</span>: <span class=sf-dump-const>false</span>
</samp>}
</pre><script>Sfdump(\"sf-dump-783842063\", {\"maxDepth\":3,\"maxStringLength\":160})</script>
"}},"userId":1,"exception":"[object] (Spatie\\LaravelIgnition\\Exceptions\\ViewException(code: 0): Route [map] not defined. at D:\\Smart Damage Assessment System\\backend\\vendor\\laravel\\framework\\src\\Illuminate\\Routing\\UrlGenerator.php:517)
[stacktrace]
#0 D:\\Smart Damage Assessment System\\backend\\vendor\\laravel\\framework\\src\\Illuminate\\Foundation\\helpers.php(853): Illuminate\\Routing\\UrlGenerator->route('map', Array, true)
#1 D:\\Smart Damage Assessment System\\backend\\resources\\views\\admin\\dashboard.blade.php(18): route('map')
#2 D:\\Smart Damage Assessment System\\backend\\vendor\\laravel\\framework\\src\\Illuminate\\Filesystem\\Filesystem.php(123): require('D:\\\\Smart Damage...')
#3 D:\\Smart Damage Assessment System\\backend\\vendor\\laravel\\framework\\src\\Illuminate\\Filesystem\\Filesystem.php(124): Illuminate\\Filesystem\\Filesystem::Illuminate\\Filesystem\\{closure}()
#4 D:\\Smart Damage Assessment System\\backend\\vendor\\laravel\\framework\\src\\Illuminate\\View\\Engines\\PhpEngine.php(58): Illuminate\\Filesystem\\Filesystem->getRequire('D:\\\\Smart Damage...', Array)
#5 D:\\Smart Damage Assessment System\\backend\\vendor\\laravel\\framework\\src\\Illuminate\\View\\Engines\\CompilerEngine.php(75): Illuminate\\View\\Engines\\PhpEngine->evaluatePath('D:\\\\Smart Damage...', Array)
#6 D:\\Smart Damage Assessment System\\backend\\vendor\\laravel\\framework\\src\\Illuminate\\View\\View.php(209): Illuminate\\View\\Engines\\CompilerEngine->get('D:\\\\Smart Damage...', Array)
#7 D:\\Smart Damage Assessment System\\backend\\vendor\\laravel\\framework\\src\\Illuminate\\View\\View.php(192): Illuminate\\View\\View->getContents()
#8 D:\\Smart Damage Assessment System\\backend\\vendor\\laravel\\framework\\src\\Illuminate\\View\\View.php(161): Illuminate\\View\\View->renderContents()
#9 D:\\Smart Damage Assessment System\\backend\\vendor\\laravel\\framework\\src\\Illuminate\\Http\\Response.php(79): Illuminate\\View\\View->render()
#10 D:\\Smart Damage Assessment System\\backend\\vendor\\laravel\\framework\\src\\Illuminate\\Http\\Response.php(35): Illuminate\\Http\\Response->setContent(Object(Illuminate\\View\\View))
#11 D:\\Smart Damage Assessment System\\backend\\vendor\\laravel\\framework\\src\\Illuminate\\Routing\\Router.php(920): Illuminate\\Http\\Response->__construct(Object(Illuminate\\View\\View), 200, Array)
#12 D:\\Smart Damage Assessment System\\backend\\vendor\\laravel\\framework\\src\\Illuminate\\Routing\\Router.php(887): Illuminate\\Routing\\Router::toResponse(Object(Illuminate\\Http\\Request), Object(Illuminate\\View\\View))
#13 D:\\Smart Damage Assessment System\\backend\\vendor\\laravel\\framework\\src\\Illuminate\\Routing\\Router.php(807): Illuminate\\Routing\\Router->prepareResponse(Object(Illuminate\\Http\\Request), Object(Illuminate\\View\\View))
#14 D:\\Smart Damage Assessment System\\backend\\vendor\\laravel\\framework\\src\\Illuminate\\Pipeline\\Pipeline.php(170): Illuminate\\Routing\\Router->Illuminate\\Routing\\{closure}(Object(Illuminate\\Http\\Request))
#15 D:\\Smart Damage Assessment System\\backend\\vendor\\laravel\\framework\\src\\Illuminate\\Routing\\Middleware\\SubstituteBindings.php(51): Illuminate\\Pipeline\\Pipeline->Illuminate\\Pipeline\\{closure}(Object(Illuminate\\Http\\Request))
#16 D:\\Smart Damage Assessment System\\backend\\vendor\\laravel\\framework\\src\\Illuminate\\Pipeline\\Pipeline.php(209): Illuminate\\Routing\\Middleware\\SubstituteBindings->handle(Object(Illuminate\\Http\\Request), Object(Closure))
#17 D:\\Smart Damage Assessment System\\backend\\vendor\\laravel\\framework\\src\\Illuminate\\Auth\\Middleware\\Authenticate.php(64): Illuminate\\Pipeline\\Pipeline->Illuminate\\Pipeline\\{closure}(Object(Illuminate\\Http\\Request))
#18 D:\\Smart Damage Assessment System\\backend\\vendor\\laravel\\framework\\src\\Illuminate\\Pipeline\\Pipeline.php(209): Illuminate\\Auth\\Middleware\\Authenticate->handle(Object(Illuminate\\Http\\Request), Object(Closure))
#19 D:\\Smart Damage Assessment System\\backend\\vendor\\laravel\\framework\\src\\Illuminate\\Foundation\\Http\\Middleware\\VerifyCsrfToken.php(88): Illuminate\\Pipeline\\Pipeline->Illuminate\\Pipeline\\{closure}(Object(Illuminate\\Http\\Request))
#20 D:\\Smart Damage Assessment System\\backend\\vendor\\laravel\\framework\\src\\Illuminate\\Pipeline\\Pipeline.php(209): Illuminate\\Foundation\\Http\\Middleware\\VerifyCsrfToken->handle(Object(Illuminate\\Http\\Request), Object(Closure))
#21 D:\\Smart Damage Assessment System\\backend\\vendor\\laravel\\framework\\src\\Illuminate\\View\\Middleware\\ShareErrorsFromSession.php(49): Illuminate\\Pipeline\\Pipeline->Illuminate\\Pipeline\\{closure}(Object(Illuminate\\Http\\Request))
#22 D:\\Smart Damage Assessment System\\backend\\vendor\\laravel\\framework\\src\\Illuminate\\Pipeline\\Pipeline.php(209): Illuminate\\View\\Middleware\\ShareErrorsFromSession->handle(Object(Illuminate\\Http\\Request), Object(Closure))
#23 D:\\Smart Damage Assessment System\\backend\\vendor\\laravel\\framework\\src\\Illuminate\\Session\\Middleware\\StartSession.php(121): Illuminate\\Pipeline\\Pipeline->Illuminate\\Pipeline\\{closure}(Object(Illuminate\\Http\\Request))
#24 D:\\Smart Damage Assessment System\\backend\\vendor\\laravel\\framework\\src\\Illuminate\\Session\\Middleware\\StartSession.php(64): Illuminate\\Session\\Middleware\\StartSession->handleStatefulRequest(Object(Illuminate\\Http\\Request), Object(Illuminate\\Session\\Store), Object(Closure))
#25 D:\\Smart Damage Assessment System\\backend\\vendor\\laravel\\framework\\src\\Illuminate\\Pipeline\\Pipeline.php(209): Illuminate\\Session\\Middleware\\StartSession->handle(Object(Illuminate\\Http\\Request), Object(Closure))
#26 D:\\Smart Damage Assessment System\\backend\\vendor\\laravel\\framework\\src\\Illuminate\\Cookie\\Middleware\\AddQueuedCookiesToResponse.php(37): Illuminate\\Pipeline\\Pipeline->Illuminate\\Pipeline\\{closure}(Object(Illuminate\\Http\\Request))
#27 D:\\Smart Damage Assessment System\\backend\\vendor\\laravel\\framework\\src\\Illuminate\\Pipeline\\Pipeline.php(209): Illuminate\\Cookie\\Middleware\\AddQueuedCookiesToResponse->handle(Object(Illuminate\\Http\\Request), Object(Closure))
#28 D:\\Smart Damage Assessment System\\backend\\vendor\\laravel\\framework\\src\\Illuminate\\Cookie\\Middleware\\EncryptCookies.php(75): Illuminate\\Pipeline\\Pipeline->Illuminate\\Pipeline\\{closure}(Object(Illuminate\\Http\\Request))
#29 D:\\Smart Damage Assessment System\\backend\\vendor\\laravel\\framework\\src\\Illuminate\\Pipeline\\Pipeline.php(209): Illuminate\\Cookie\\Middleware\\EncryptCookies->handle(Object(Illuminate\\Http\\Request), Object(Closure))
#30 D:\\Smart Damage Assessment System\\backend\\vendor\\laravel\\framework\\src\\Illuminate\\Pipeline\\Pipeline.php(127): Illuminate\\Pipeline\\Pipeline->Illuminate\\Pipeline\\{closure}(Object(Illuminate\\Http\\Request))
#31 D:\\Smart Damage Assessment System\\backend\\vendor\\laravel\\framework\\src\\Illuminate\\Routing\\Router.php(807): Illuminate\\Pipeline\\Pipeline->then(Object(Closure))
#32 D:\\Smart Damage Assessment System\\backend\\vendor\\laravel\\framework\\src\\Illuminate\\Routing\\Router.php(786): Illuminate\\Routing\\Router->runRouteWithinStack(Object(Illuminate\\Routing\\Route), Object(Illuminate\\Http\\Request))
#33 D:\\Smart Damage Assessment System\\backend\\vendor\\laravel\\framework\\src\\Illuminate\\Routing\\Router.php(750): Illuminate\\Routing\\Router->runRoute(Object(Illuminate\\Http\\Request), Object(Illuminate\\Routing\\Route))
#34 D:\\Smart Damage Assessment System\\backend\\vendor\\laravel\\framework\\src\\Illuminate\\Routing\\Router.php(739): Illuminate\\Routing\\Router->dispatchToRoute(Object(Illuminate\\Http\\Request))
#35 D:\\Smart Damage Assessment System\\backend\\vendor\\laravel\\framework\\src\\Illuminate\\Foundation\\Http\\Kernel.php(201): Illuminate\\Routing\\Router->dispatch(Object(Illuminate\\Http\\Request))
#36 D:\\Smart Damage Assessment System\\backend\\vendor\\laravel\\framework\\src\\Illuminate\\Pipeline\\Pipeline.php(170): Illuminate\\Foundation\\Http\\Kernel->Illuminate\\Foundation\\Http\\{closure}(Object(Illuminate\\Http\\Request))
#37 D:\\Smart Damage Assessment System\\backend\\vendor\\laravel\\framework\\src\\Illuminate\\Foundation\\Http\\Middleware\\TransformsRequest.php(21): Illuminate\\Pipeline\\Pipeline->Illuminate\\Pipeline\\{closure}(Object(Illuminate\\Http\\Request))
#38 D:\\Smart Damage Assessment System\\backend\\vendor\\laravel\\framework\\src\\Illuminate\\Foundation\\Http\\Middleware\\ConvertEmptyStringsToNull.php(31): Illuminate\\Foundation\\Http\\Middleware\\TransformsRequest->handle(Object(Illuminate\\Http\\Request), Object(Closure))
#39 D:\\Smart Damage Assessment System\\backend\\vendor\\laravel\\framework\\src\\Illuminate\\Pipeline\\Pipeline.php(209): Illuminate\\Foundation\\Http\\Middleware\\ConvertEmptyStringsToNull->handle(Object(Illuminate\\Http\\Request), Object(Closure))
#40 D:\\Smart Damage Assessment System\\backend\\vendor\\laravel\\framework\\src\\Illuminate\\Foundation\\Http\\Middleware\\TransformsRequest.php(21): Illuminate\\Pipeline\\Pipeline->Illuminate\\Pipeline\\{closure}(Object(Illuminate\\Http\\Request))
#41 D:\\Smart Damage Assessment System\\backend\\vendor\\laravel\\framework\\src\\Illuminate\\Foundation\\Http\\Middleware\\TrimStrings.php(51): Illuminate\\Foundation\\Http\\Middleware\\TransformsRequest->handle(Object(Illuminate\\Http\\Request), Object(Closure))
#42 D:\\Smart Damage Assessment System\\backend\\vendor\\laravel\\framework\\src\\Illuminate\\Pipeline\\Pipeline.php(209): Illuminate\\Foundation\\Http\\Middleware\\TrimStrings->handle(Object(Illuminate\\Http\\Request), Object(Closure))
#43 D:\\Smart Damage Assessment System\\backend\\vendor\\laravel\\framework\\src\\Illuminate\\Http\\Middleware\\ValidatePostSize.php(27): Illuminate\\Pipeline\\Pipeline->Illuminate\\Pipeline\\{closure}(Object(Illuminate\\Http\\Request))
#44 D:\\Smart Damage Assessment System\\backend\\vendor\\laravel\\framework\\src\\Illuminate\\Pipeline\\Pipeline.php(209): Illuminate\\Http\\Middleware\\ValidatePostSize->handle(Object(Illuminate\\Http\\Request), Object(Closure))
#45 D:\\Smart Damage Assessment System\\backend\\vendor\\laravel\\framework\\src\\Illuminate\\Foundation\\Http\\Middleware\\PreventRequestsDuringMaintenance.php(110): Illuminate\\Pipeline\\Pipeline->Illuminate\\Pipeline\\{closure}(Object(Illuminate\\Http\\Request))
#46 D:\\Smart Damage Assessment System\\backend\\vendor\\laravel\\framework\\src\\Illuminate\\Pipeline\\Pipeline.php(209): Illuminate\\Foundation\\Http\\Middleware\\PreventRequestsDuringMaintenance->handle(Object(Illuminate\\Http\\Request), Object(Closure))
#47 D:\\Smart Damage Assessment System\\backend\\vendor\\laravel\\framework\\src\\Illuminate\\Http\\Middleware\\HandleCors.php(49): Illuminate\\Pipeline\\Pipeline->Illuminate\\Pipeline\\{closure}(Object(Illuminate\\Http\\Request))
#48 D:\\Smart Damage Assessment System\\backend\\vendor\\laravel\\framework\\src\\Illuminate\\Pipeline\\Pipeline.php(209): Illuminate\\Http\\Middleware\\HandleCors->handle(Object(Illuminate\\Http\\Request), Object(Closure))
#49 D:\\Smart Damage Assessment System\\backend\\vendor\\laravel\\framework\\src\\Illuminate\\Http\\Middleware\\TrustProxies.php(58): Illuminate\\Pipeline\\Pipeline->Illuminate\\Pipeline\\{closure}(Object(Illuminate\\Http\\Request))
#50 D:\\Smart Damage Assessment System\\backend\\vendor\\laravel\\framework\\src\\Illuminate\\Pipeline\\Pipeline.php(209): Illuminate\\Http\\Middleware\\TrustProxies->handle(Object(Illuminate\\Http\\Request), Object(Closure))
#51 D:\\Smart Damage Assessment System\\backend\\vendor\\laravel\\framework\\src\\Illuminate\\Foundation\\Http\\Middleware\\InvokeDeferredCallbacks.php(22): Illuminate\\Pipeline\\Pipeline->Illuminate\\Pipeline\\{closure}(Object(Illuminate\\Http\\Request))
#52 D:\\Smart Damage Assessment System\\backend\\vendor\\laravel\\framework\\src\\Illuminate\\Pipeline\\Pipeline.php(209): Illuminate\\Foundation\\Http\\Middleware\\InvokeDeferredCallbacks->handle(Object(Illuminate\\Http\\Request), Object(Closure))
#53 D:\\Smart Damage Assessment System\\backend\\vendor\\laravel\\framework\\src\\Illuminate\\Pipeline\\Pipeline.php(127): Illuminate\\Pipeline\\Pipeline->Illuminate\\Pipeline\\{closure}(Object(Illuminate\\Http\\Request))
#54 D:\\Smart Damage Assessment System\\backend\\vendor\\laravel\\framework\\src\\Illuminate\\Foundation\\Http\\Kernel.php(176): Illuminate\\Pipeline\\Pipeline->then(Object(Closure))
#55 D:\\Smart Damage Assessment System\\backend\\vendor\\laravel\\framework\\src\\Illuminate\\Foundation\\Http\\Kernel.php(145): Illuminate\\Foundation\\Http\\Kernel->sendRequestThroughRouter(Object(Illuminate\\Http\\Request))
#56 D:\\Smart Damage Assessment System\\backend\\public\\index.php(17): Illuminate\\Foundation\\Http\\Kernel->handle(Object(Illuminate\\Http\\Request))
#57 D:\\Smart Damage Assessment System\\backend\\vendor\\laravel\\framework\\src\\Illuminate\\Foundation\\resources\\server.php(23): require_once('D:\\\\Smart Damage...')
#58 {main}

[previous exception] [object] (Symfony\\Component\\Routing\\Exception\\RouteNotFoundException(code: 0): Route [map] not defined. at D:\\Smart Damage Assessment System\\backend\\vendor\\laravel\\framework\\src\\Illuminate\\Routing\\UrlGenerator.php:517)
[stacktrace]
#0 D:\\Smart Damage Assessment System\\backend\\vendor\\laravel\\framework\\src\\Illuminate\\Foundation\\helpers.php(853): Illuminate\\Routing\\UrlGenerator->route('map', Array, true)
#1 D:\\Smart Damage Assessment System\\backend\\storage\\framework\\views\\d4c7488adf044293b18ccedb94e05223.php(18): route('map')
#2 D:\\Smart Damage Assessment System\\backend\\vendor\\laravel\\framework\\src\\Illuminate\\Filesystem\\Filesystem.php(123): require('D:\\\\Smart Damage...')
#3 D:\\Smart Damage Assessment System\\backend\\vendor\\laravel\\framework\\src\\Illuminate\\Filesystem\\Filesystem.php(124): Illuminate\\Filesystem\\Filesystem::Illuminate\\Filesystem\\{closure}()
#4 D:\\Smart Damage Assessment System\\backend\\vendor\\laravel\\framework\\src\\Illuminate\\View\\Engines\\PhpEngine.php(58): Illuminate\\Filesystem\\Filesystem->getRequire('D:\\\\Smart Damage...', Array)
#5 D:\\Smart Damage Assessment System\\backend\\vendor\\laravel\\framework\\src\\Illuminate\\View\\Engines\\CompilerEngine.php(75): Illuminate\\View\\Engines\\PhpEngine->evaluatePath('D:\\\\Smart Damage...', Array)
#6 D:\\Smart Damage Assessment System\\backend\\vendor\\laravel\\framework\\src\\Illuminate\\View\\View.php(209): Illuminate\\View\\Engines\\CompilerEngine->get('D:\\\\Smart Damage...', Array)
#7 D:\\Smart Damage Assessment System\\backend\\vendor\\laravel\\framework\\src\\Illuminate\\View\\View.php(192): Illuminate\\View\\View->getContents()
#8 D:\\Smart Damage Assessment System\\backend\\vendor\\laravel\\framework\\src\\Illuminate\\View\\View.php(161): Illuminate\\View\\View->renderContents()
#9 D:\\Smart Damage Assessment System\\backend\\vendor\\laravel\\framework\\src\\Illuminate\\Http\\Response.php(79): Illuminate\\View\\View->render()
#10 D:\\Smart Damage Assessment System\\backend\\vendor\\laravel\\framework\\src\\Illuminate\\Http\\Response.php(35): Illuminate\\Http\\Response->setContent(Object(Illuminate\\View\\View))
#11 D:\\Smart Damage Assessment System\\backend\\vendor\\laravel\\framework\\src\\Illuminate\\Routing\\Router.php(920): Illuminate\\Http\\Response->__construct(Object(Illuminate\\View\\View), 200, Array)
#12 D:\\Smart Damage Assessment System\\backend\\vendor\\laravel\\framework\\src\\Illuminate\\Routing\\Router.php(887): Illuminate\\Routing\\Router::toResponse(Object(Illuminate\\Http\\Request), Object(Illuminate\\View\\View))
#13 D:\\Smart Damage Assessment System\\backend\\vendor\\laravel\\framework\\src\\Illuminate\\Routing\\Router.php(807): Illuminate\\Routing\\Router->prepareResponse(Object(Illuminate\\Http\\Request), Object(Illuminate\\View\\View))
#14 D:\\Smart Damage Assessment System\\backend\\vendor\\laravel\\framework\\src\\Illuminate\\Pipeline\\Pipeline.php(170): Illuminate\\Routing\\Router->Illuminate\\Routing\\{closure}(Object(Illuminate\\Http\\Request))
#15 D:\\Smart Damage Assessment System\\backend\\vendor\\laravel\\framework\\src\\Illuminate\\Routing\\Middleware\\SubstituteBindings.php(51): Illuminate\\Pipeline\\Pipeline->Illuminate\\Pipeline\\{closure}(Object(Illuminate\\Http\\Request))
#16 D:\\Smart Damage Assessment System\\backend\\vendor\\laravel\\framework\\src\\Illuminate\\Pipeline\\Pipeline.php(209): Illuminate\\Routing\\Middleware\\SubstituteBindings->handle(Object(Illuminate\\Http\\Request), Object(Closure))
#17 D:\\Smart Damage Assessment System\\backend\\vendor\\laravel\\framework\\src\\Illuminate\\Auth\\Middleware\\Authenticate.php(64): Illuminate\\Pipeline\\Pipeline->Illuminate\\Pipeline\\{closure}(Object(Illuminate\\Http\\Request))
#18 D:\\Smart Damage Assessment System\\backend\\vendor\\laravel\\framework\\src\\Illuminate\\Pipeline\\Pipeline.php(209): Illuminate\\Auth\\Middleware\\Authenticate->handle(Object(Illuminate\\Http\\Request), Object(Closure))
#19 D:\\Smart Damage Assessment System\\backend\\vendor\\laravel\\framework\\src\\Illuminate\\Foundation\\Http\\Middleware\\VerifyCsrfToken.php(88): Illuminate\\Pipeline\\Pipeline->Illuminate\\Pipeline\\{closure}(Object(Illuminate\\Http\\Request))
#20 D:\\Smart Damage Assessment System\\backend\\vendor\\laravel\\framework\\src\\Illuminate\\Pipeline\\Pipeline.php(209): Illuminate\\Foundation\\Http\\Middleware\\VerifyCsrfToken->handle(Object(Illuminate\\Http\\Request), Object(Closure))
#21 D:\\Smart Damage Assessment System\\backend\\vendor\\laravel\\framework\\src\\Illuminate\\View\\Middleware\\ShareErrorsFromSession.php(49): Illuminate\\Pipeline\\Pipeline->Illuminate\\Pipeline\\{closure}(Object(Illuminate\\Http\\Request))
#22 D:\\Smart Damage Assessment System\\backend\\vendor\\laravel\\framework\\src\\Illuminate\\Pipeline\\Pipeline.php(209): Illuminate\\View\\Middleware\\ShareErrorsFromSession->handle(Object(Illuminate\\Http\\Request), Object(Closure))
#23 D:\\Smart Damage Assessment System\\backend\\vendor\\laravel\\framework\\src\\Illuminate\\Session\\Middleware\\StartSession.php(121): Illuminate\\Pipeline\\Pipeline->Illuminate\\Pipeline\\{closure}(Object(Illuminate\\Http\\Request))
#24 D:\\Smart Damage Assessment System\\backend\\vendor\\laravel\\framework\\src\\Illuminate\\Session\\Middleware\\StartSession.php(64): Illuminate\\Session\\Middleware\\StartSession->handleStatefulRequest(Object(Illuminate\\Http\\Request), Object(Illuminate\\Session\\Store), Object(Closure))
#25 D:\\Smart Damage Assessment System\\backend\\vendor\\laravel\\framework\\src\\Illuminate\\Pipeline\\Pipeline.php(209): Illuminate\\Session\\Middleware\\StartSession->handle(Object(Illuminate\\Http\\Request), Object(Closure))
#26 D:\\Smart Damage Assessment System\\backend\\vendor\\laravel\\framework\\src\\Illuminate\\Cookie\\Middleware\\AddQueuedCookiesToResponse.php(37): Illuminate\\Pipeline\\Pipeline->Illuminate\\Pipeline\\{closure}(Object(Illuminate\\Http\\Request))
#27 D:\\Smart Damage Assessment System\\backend\\vendor\\laravel\\framework\\src\\Illuminate\\Pipeline\\Pipeline.php(209): Illuminate\\Cookie\\Middleware\\AddQueuedCookiesToResponse->handle(Object(Illuminate\\Http\\Request), Object(Closure))
#28 D:\\Smart Damage Assessment System\\backend\\vendor\\laravel\\framework\\src\\Illuminate\\Cookie\\Middleware\\EncryptCookies.php(75): Illuminate\\Pipeline\\Pipeline->Illuminate\\Pipeline\\{closure}(Object(Illuminate\\Http\\Request))
#29 D:\\Smart Damage Assessment System\\backend\\vendor\\laravel\\framework\\src\\Illuminate\\Pipeline\\Pipeline.php(209): Illuminate\\Cookie\\Middleware\\EncryptCookies->handle(Object(Illuminate\\Http\\Request), Object(Closure))
#30 D:\\Smart Damage Assessment System\\backend\\vendor\\laravel\\framework\\src\\Illuminate\\Pipeline\\Pipeline.php(127): Illuminate\\Pipeline\\Pipeline->Illuminate\\Pipeline\\{closure}(Object(Illuminate\\Http\\Request))
#31 D:\\Smart Damage Assessment System\\backend\\vendor\\laravel\\framework\\src\\Illuminate\\Routing\\Router.php(807): Illuminate\\Pipeline\\Pipeline->then(Object(Closure))
#32 D:\\Smart Damage Assessment System\\backend\\vendor\\laravel\\framework\\src\\Illuminate\\Routing\\Router.php(786): Illuminate\\Routing\\Router->runRouteWithinStack(Object(Illuminate\\Routing\\Route), Object(Illuminate\\Http\\Request))
#33 D:\\Smart Damage Assessment System\\backend\\vendor\\laravel\\framework\\src\\Illuminate\\Routing\\Router.php(750): Illuminate\\Routing\\Router->runRoute(Object(Illuminate\\Http\\Request), Object(Illuminate\\Routing\\Route))
#34 D:\\Smart Damage Assessment System\\backend\\vendor\\laravel\\framework\\src\\Illuminate\\Routing\\Router.php(739): Illuminate\\Routing\\Router->dispatchToRoute(Object(Illuminate\\Http\\Request))
#35 D:\\Smart Damage Assessment System\\backend\\vendor\\laravel\\framework\\src\\Illuminate\\Foundation\\Http\\Kernel.php(201): Illuminate\\Routing\\Router->dispatch(Object(Illuminate\\Http\\Request))
#36 D:\\Smart Damage Assessment System\\backend\\vendor\\laravel\\framework\\src\\Illuminate\\Pipeline\\Pipeline.php(170): Illuminate\\Foundation\\Http\\Kernel->Illuminate\\Foundation\\Http\\{closure}(Object(Illuminate\\Http\\Request))
#37 D:\\Smart Damage Assessment System\\backend\\vendor\\laravel\\framework\\src\\Illuminate\\Foundation\\Http\\Middleware\\TransformsRequest.php(21): Illuminate\\Pipeline\\Pipeline->Illuminate\\Pipeline\\{closure}(Object(Illuminate\\Http\\Request))
#38 D:\\Smart Damage Assessment System\\backend\\vendor\\laravel\\framework\\src\\Illuminate\\Foundation\\Http\\Middleware\\ConvertEmptyStringsToNull.php(31): Illuminate\\Foundation\\Http\\Middleware\\TransformsRequest->handle(Object(Illuminate\\Http\\Request), Object(Closure))
#39 D:\\Smart Damage Assessment System\\backend\\vendor\\laravel\\framework\\src\\Illuminate\\Pipeline\\Pipeline.php(209): Illuminate\\Foundation\\Http\\Middleware\\ConvertEmptyStringsToNull->handle(Object(Illuminate\\Http\\Request), Object(Closure))
#40 D:\\Smart Damage Assessment System\\backend\\vendor\\laravel\\framework\\src\\Illuminate\\Foundation\\Http\\Middleware\\TransformsRequest.php(21): Illuminate\\Pipeline\\Pipeline->Illuminate\\Pipeline\\{closure}(Object(Illuminate\\Http\\Request))
#41 D:\\Smart Damage Assessment System\\backend\\vendor\\laravel\\framework\\src\\Illuminate\\Foundation\\Http\\Middleware\\TrimStrings.php(51): Illuminate\\Foundation\\Http\\Middleware\\TransformsRequest->handle(Object(Illuminate\\Http\\Request), Object(Closure))
#42 D:\\Smart Damage Assessment System\\backend\\vendor\\laravel\\framework\\src\\Illuminate\\Pipeline\\Pipeline.php(209): Illuminate\\Foundation\\Http\\Middleware\\TrimStrings->handle(Object(Illuminate\\Http\\Request), Object(Closure))
#43 D:\\Smart Damage Assessment System\\backend\\vendor\\laravel\\framework\\src\\Illuminate\\Http\\Middleware\\ValidatePostSize.php(27): Illuminate\\Pipeline\\Pipeline->Illuminate\\Pipeline\\{closure}(Object(Illuminate\\Http\\Request))
#44 D:\\Smart Damage Assessment System\\backend\\vendor\\laravel\\framework\\src\\Illuminate\\Pipeline\\Pipeline.php(209): Illuminate\\Http\\Middleware\\ValidatePostSize->handle(Object(Illuminate\\Http\\Request), Object(Closure))
#45 D:\\Smart Damage Assessment System\\backend\\vendor\\laravel\\framework\\src\\Illuminate\\Foundation\\Http\\Middleware\\PreventRequestsDuringMaintenance.php(110): Illuminate\\Pipeline\\Pipeline->Illuminate\\Pipeline\\{closure}(Object(Illuminate\\Http\\Request))
#46 D:\\Smart Damage Assessment System\\backend\\vendor\\laravel\\framework\\src\\Illuminate\\Pipeline\\Pipeline.php(209): Illuminate\\Foundation\\Http\\Middleware\\PreventRequestsDuringMaintenance->handle(Object(Illuminate\\Http\\Request), Object(Closure))
#47 D:\\Smart Damage Assessment System\\backend\\vendor\\laravel\\framework\\src\\Illuminate\\Http\\Middleware\\HandleCors.php(49): Illuminate\\Pipeline\\Pipeline->Illuminate\\Pipeline\\{closure}(Object(Illuminate\\Http\\Request))
#48 D:\\Smart Damage Assessment System\\backend\\vendor\\laravel\\framework\\src\\Illuminate\\Pipeline\\Pipeline.php(209): Illuminate\\Http\\Middleware\\HandleCors->handle(Object(Illuminate\\Http\\Request), Object(Closure))
#49 D:\\Smart Damage Assessment System\\backend\\vendor\\laravel\\framework\\src\\Illuminate\\Http\\Middleware\\TrustProxies.php(58): Illuminate\\Pipeline\\Pipeline->Illuminate\\Pipeline\\{closure}(Object(Illuminate\\Http\\Request))
#50 D:\\Smart Damage Assessment System\\backend\\vendor\\laravel\\framework\\src\\Illuminate\\Pipeline\\Pipeline.php(209): Illuminate\\Http\\Middleware\\TrustProxies->handle(Object(Illuminate\\Http\\Request), Object(Closure))
#51 D:\\Smart Damage Assessment System\\backend\\vendor\\laravel\\framework\\src\\Illuminate\\Foundation\\Http\\Middleware\\InvokeDeferredCallbacks.php(22): Illuminate\\Pipeline\\Pipeline->Illuminate\\Pipeline\\{closure}(Object(Illuminate\\Http\\Request))
#52 D:\\Smart Damage Assessment System\\backend\\vendor\\laravel\\framework\\src\\Illuminate\\Pipeline\\Pipeline.php(209): Illuminate\\Foundation\\Http\\Middleware\\InvokeDeferredCallbacks->handle(Object(Illuminate\\Http\\Request), Object(Closure))
#53 D:\\Smart Damage Assessment System\\backend\\vendor\\laravel\\framework\\src\\Illuminate\\Pipeline\\Pipeline.php(127): Illuminate\\Pipeline\\Pipeline->Illuminate\\Pipeline\\{closure}(Object(Illuminate\\Http\\Request))
#54 D:\\Smart Damage Assessment System\\backend\\vendor\\laravel\\framework\\src\\Illuminate\\Foundation\\Http\\Kernel.php(176): Illuminate\\Pipeline\\Pipeline->then(Object(Closure))
#55 D:\\Smart Damage Assessment System\\backend\\vendor\\laravel\\framework\\src\\Illuminate\\Foundation\\Http\\Kernel.php(145): Illuminate\\Foundation\\Http\\Kernel->sendRequestThroughRouter(Object(Illuminate\\Http\\Request))
#56 D:\\Smart Damage Assessment System\\backend\\public\\index.php(17): Illuminate\\Foundation\\Http\\Kernel->handle(Object(Illuminate\\Http\\Request))
#57 D:\\Smart Damage Assessment System\\backend\\vendor\\laravel\\framework\\src\\Illuminate\\Foundation\\resources\\server.php(23): require_once('D:\\\\Smart Damage...')
#58 {main}
"} 
[2026-01-19 12:33:49] local.ERROR: SQLSTATE[23000]: Integrity constraint violation: 1062 Duplicate entry 'admin@test.com' for key 'users_email_unique' (Connection: mysql, SQL: insert into `users` (`name`, `email`, `password`, `role`, `api_token`, `updated_at`, `created_at`) values (Admin User, admin@test.com, $2y$12$u7.9ZFu2wbyJ6MWofCINyezetsWGCrQVA94ljsYMliDGoHeXJzoeG, admin, ?, 2026-01-19 12:33:49, 2026-01-19 12:33:49)) {"exception":"[object] (Illuminate\\Database\\UniqueConstraintViolationException(code: 23000): SQLSTATE[23000]: Integrity constraint violation: 1062 Duplicate entry 'admin@test.com' for key 'users_email_unique' (Connection: mysql, SQL: insert into `users` (`name`, `email`, `password`, `role`, `api_token`, `updated_at`, `created_at`) values (Admin User, admin@test.com, $2y$12$u7.9ZFu2wbyJ6MWofCINyezetsWGCrQVA94ljsYMliDGoHeXJzoeG, admin, ?, 2026-01-19 12:33:49, 2026-01-19 12:33:49)) at D:\\Smart Damage Assessment System\\backend\\vendor\\laravel\\framework\\src\\Illuminate\\Database\\Connection.php:820)
[stacktrace]
#0 D:\\Smart Damage Assessment System\\backend\\vendor\\laravel\\framework\\src\\Illuminate\\Database\\Connection.php(779): Illuminate\\Database\\Connection->runQueryCallback('insert into `us...', Array, Object(Closure))
#1 D:\\Smart Damage Assessment System\\backend\\vendor\\laravel\\framework\\src\\Illuminate\\Database\\MySqlConnection.php(42): Illuminate\\Database\\Connection->run('insert into `us...', Array, Object(Closure))
#2 D:\\Smart Damage Assessment System\\backend\\vendor\\laravel\\framework\\src\\Illuminate\\Database\\Query\\Processors\\MySqlProcessor.php(35): Illuminate\\Database\\MySqlConnection->insert('insert into `us...', Array, 'id')
#3 D:\\Smart Damage Assessment System\\backend\\vendor\\laravel\\framework\\src\\Illuminate\\Database\\Query\\Builder.php(3766): Illuminate\\Database\\Query\\Processors\\MySqlProcessor->processInsertGetId(Object(Illuminate\\Database\\Query\\Builder), 'insert into `us...', Array, 'id')
#4 D:\\Smart Damage Assessment System\\backend\\vendor\\laravel\\framework\\src\\Illuminate\\Database\\Eloquent\\Builder.php(2120): Illuminate\\Database\\Query\\Builder->insertGetId(Array, 'id')
#5 D:\\Smart Damage Assessment System\\backend\\vendor\\laravel\\framework\\src\\Illuminate\\Database\\Eloquent\\Model.php(1359): Illuminate\\Database\\Eloquent\\Builder->__call('insertGetId', Array)
#6 D:\\Smart Damage Assessment System\\backend\\vendor\\laravel\\framework\\src\\Illuminate\\Database\\Eloquent\\Model.php(1324): Illuminate\\Database\\Eloquent\\Model->insertAndSetId(Object(Illuminate\\Database\\Eloquent\\Builder), Array)
#7 D:\\Smart Damage Assessment System\\backend\\vendor\\laravel\\framework\\src\\Illuminate\\Database\\Eloquent\\Model.php(1163): Illuminate\\Database\\Eloquent\\Model->performInsert(Object(Illuminate\\Database\\Eloquent\\Builder))
#8 D:\\Smart Damage Assessment System\\backend\\vendor\\laravel\\framework\\src\\Illuminate\\Database\\Eloquent\\Builder.php(1128): Illuminate\\Database\\Eloquent\\Model->save()
#9 D:\\Smart Damage Assessment System\\backend\\vendor\\laravel\\framework\\src\\Illuminate\\Support\\helpers.php(399): Illuminate\\Database\\Eloquent\\Builder->Illuminate\\Database\\Eloquent\\{closure}(Object(App\\Models\\User))
#10 D:\\Smart Damage Assessment System\\backend\\vendor\\laravel\\framework\\src\\Illuminate\\Database\\Eloquent\\Builder.php(1127): tap(Object(App\\Models\\User), Object(Closure))
#11 D:\\Smart Damage Assessment System\\backend\\vendor\\laravel\\framework\\src\\Illuminate\\Support\\Traits\\ForwardsCalls.php(23): Illuminate\\Database\\Eloquent\\Builder->create(Array)
#12 D:\\Smart Damage Assessment System\\backend\\vendor\\laravel\\framework\\src\\Illuminate\\Database\\Eloquent\\Model.php(2372): Illuminate\\Database\\Eloquent\\Model->forwardCallTo(Object(Illuminate\\Database\\Eloquent\\Builder), 'create', Array)
#13 D:\\Smart Damage Assessment System\\backend\\vendor\\laravel\\framework\\src\\Illuminate\\Database\\Eloquent\\Model.php(2384): Illuminate\\Database\\Eloquent\\Model->__call('create', Array)
#14 D:\\Smart Damage Assessment System\\backend\\database\\seeders\\UserSeeder.php(13): Illuminate\\Database\\Eloquent\\Model::__callStatic('create', Array)
#15 D:\\Smart Damage Assessment System\\backend\\vendor\\laravel\\framework\\src\\Illuminate\\Container\\BoundMethod.php(36): Database\\Seeders\\UserSeeder->run()
#16 D:\\Smart Damage Assessment System\\backend\\vendor\\laravel\\framework\\src\\Illuminate\\Container\\Util.php(43): Illuminate\\Container\\BoundMethod::Illuminate\\Container\\{closure}()
#17 D:\\Smart Damage Assessment System\\backend\\vendor\\laravel\\framework\\src\\Illuminate\\Container\\BoundMethod.php(95): Illuminate\\Container\\Util::unwrapIfClosure(Object(Closure))
#18 D:\\Smart Damage Assessment System\\backend\\vendor\\laravel\\framework\\src\\Illuminate\\Container\\BoundMethod.php(35): Illuminate\\Container\\BoundMethod::callBoundMethod(Object(Illuminate\\Foundation\\Application), Array, Object(Closure))
#19 D:\\Smart Damage Assessment System\\backend\\vendor\\laravel\\framework\\src\\Illuminate\\Container\\Container.php(696): Illuminate\\Container\\BoundMethod::call(Object(Illuminate\\Foundation\\Application), Array, Array, NULL)
#20 D:\\Smart Damage Assessment System\\backend\\vendor\\laravel\\framework\\src\\Illuminate\\Database\\Seeder.php(188): Illuminate\\Container\\Container->call(Array, Array)
#21 D:\\Smart Damage Assessment System\\backend\\vendor\\laravel\\framework\\src\\Illuminate\\Database\\Seeder.php(197): Illuminate\\Database\\Seeder->Illuminate\\Database\\{closure}()
#22 D:\\Smart Damage Assessment System\\backend\\vendor\\laravel\\framework\\src\\Illuminate\\Database\\Seeder.php(61): Illuminate\\Database\\Seeder->__invoke(Array)
#23 D:\\Smart Damage Assessment System\\backend\\database\\seeders\\DatabaseSeeder.php(14): Illuminate\\Database\\Seeder->call('Database\\\\Seeder...')
#24 D:\\Smart Damage Assessment System\\backend\\vendor\\laravel\\framework\\src\\Illuminate\\Container\\BoundMethod.php(36): Database\\Seeders\\DatabaseSeeder->run()
#25 D:\\Smart Damage Assessment System\\backend\\vendor\\laravel\\framework\\src\\Illuminate\\Container\\Util.php(43): Illuminate\\Container\\BoundMethod::Illuminate\\Container\\{closure}()
#26 D:\\Smart Damage Assessment System\\backend\\vendor\\laravel\\framework\\src\\Illuminate\\Container\\BoundMethod.php(95): Illuminate\\Container\\Util::unwrapIfClosure(Object(Closure))
#27 D:\\Smart Damage Assessment System\\backend\\vendor\\laravel\\framework\\src\\Illuminate\\Container\\BoundMethod.php(35): Illuminate\\Container\\BoundMethod::callBoundMethod(Object(Illuminate\\Foundation\\Application), Array, Object(Closure))
#28 D:\\Smart Damage Assessment System\\backend\\vendor\\laravel\\framework\\src\\Illuminate\\Container\\Container.php(696): Illuminate\\Container\\BoundMethod::call(Object(Illuminate\\Foundation\\Application), Array, Array, NULL)
#29 D:\\Smart Damage Assessment System\\backend\\vendor\\laravel\\framework\\src\\Illuminate\\Database\\Seeder.php(188): Illuminate\\Container\\Container->call(Array, Array)
#30 D:\\Smart Damage Assessment System\\backend\\vendor\\laravel\\framework\\src\\Illuminate\\Database\\Seeder.php(197): Illuminate\\Database\\Seeder->Illuminate\\Database\\{closure}()
#31 D:\\Smart Damage Assessment System\\backend\\vendor\\laravel\\framework\\src\\Illuminate\\Database\\Console\\Seeds\\SeedCommand.php(70): Illuminate\\Database\\Seeder->__invoke()
#32 D:\\Smart Damage Assessment System\\backend\\vendor\\laravel\\framework\\src\\Illuminate\\Database\\Eloquent\\Concerns\\GuardsAttributes.php(155): Illuminate\\Database\\Console\\Seeds\\SeedCommand->Illuminate\\Database\\Console\\Seeds\\{closure}()
#33 D:\\Smart Damage Assessment System\\backend\\vendor\\laravel\\framework\\src\\Illuminate\\Database\\Console\\Seeds\\SeedCommand.php(69): Illuminate\\Database\\Eloquent\\Model::unguarded(Object(Closure))
#34 D:\\Smart Damage Assessment System\\backend\\vendor\\laravel\\framework\\src\\Illuminate\\Container\\BoundMethod.php(36): Illuminate\\Database\\Console\\Seeds\\SeedCommand->handle()
#35 D:\\Smart Damage Assessment System\\backend\\vendor\\laravel\\framework\\src\\Illuminate\\Container\\Util.php(43): Illuminate\\Container\\BoundMethod::Illuminate\\Container\\{closure}()
#36 D:\\Smart Damage Assessment System\\backend\\vendor\\laravel\\framework\\src\\Illuminate\\Container\\BoundMethod.php(95): Illuminate\\Container\\Util::unwrapIfClosure(Object(Closure))
#37 D:\\Smart Damage Assessment System\\backend\\vendor\\laravel\\framework\\src\\Illuminate\\Container\\BoundMethod.php(35): Illuminate\\Container\\BoundMethod::callBoundMethod(Object(Illuminate\\Foundation\\Application), Array, Object(Closure))
#38 D:\\Smart Damage Assessment System\\backend\\vendor\\laravel\\framework\\src\\Illuminate\\Container\\Container.php(696): Illuminate\\Container\\BoundMethod::call(Object(Illuminate\\Foundation\\Application), Array, Array, NULL)
#39 D:\\Smart Damage Assessment System\\backend\\vendor\\laravel\\framework\\src\\Illuminate\\Console\\Command.php(213): Illuminate\\Container\\Container->call(Array)
#40 D:\\Smart Damage Assessment System\\backend\\vendor\\symfony\\console\\Command\\Command.php(341): Illuminate\\Console\\Command->execute(Object(Symfony\\Component\\Console\\Input\\ArgvInput), Object(Illuminate\\Console\\OutputStyle))
#41 D:\\Smart Damage Assessment System\\backend\\vendor\\laravel\\framework\\src\\Illuminate\\Console\\Command.php(182): Symfony\\Component\\Console\\Command\\Command->run(Object(Symfony\\Component\\Console\\Input\\ArgvInput), Object(Illuminate\\Console\\OutputStyle))
#42 D:\\Smart Damage Assessment System\\backend\\vendor\\symfony\\console\\Application.php(1102): Illuminate\\Console\\Command->run(Object(Symfony\\Component\\Console\\Input\\ArgvInput), Object(Symfony\\Component\\Console\\Output\\ConsoleOutput))
#43 D:\\Smart Damage Assessment System\\backend\\vendor\\symfony\\console\\Application.php(356): Symfony\\Component\\Console\\Application->doRunCommand(Object(Illuminate\\Database\\Console\\Seeds\\SeedCommand), Object(Symfony\\Component\\Console\\Input\\ArgvInput), Object(Symfony\\Component\\Console\\Output\\ConsoleOutput))
#44 D:\\Smart Damage Assessment System\\backend\\vendor\\symfony\\console\\Application.php(195): Symfony\\Component\\Console\\Application->doRun(Object(Symfony\\Component\\Console\\Input\\ArgvInput), Object(Symfony\\Component\\Console\\Output\\ConsoleOutput))
#45 D:\\Smart Damage Assessment System\\backend\\vendor\\laravel\\framework\\src\\Illuminate\\Foundation\\Console\\Kernel.php(198): Symfony\\Component\\Console\\Application->run(Object(Symfony\\Component\\Console\\Input\\ArgvInput), Object(Symfony\\Component\\Console\\Output\\ConsoleOutput))
#46 D:\\Smart Damage Assessment System\\backend\\artisan(35): Illuminate\\Foundation\\Console\\Kernel->handle(Object(Symfony\\Component\\Console\\Input\\ArgvInput), Object(Symfony\\Component\\Console\\Output\\ConsoleOutput))
#47 {main}

[previous exception] [object] (PDOException(code: 23000): SQLSTATE[23000]: Integrity constraint violation: 1062 Duplicate entry 'admin@test.com' for key 'users_email_unique' at D:\\Smart Damage Assessment System\\backend\\vendor\\laravel\\framework\\src\\Illuminate\\Database\\MySqlConnection.php:53)
[stacktrace]
#0 D:\\Smart Damage Assessment System\\backend\\vendor\\laravel\\framework\\src\\Illuminate\\Database\\MySqlConnection.php(53): PDOStatement->execute()
#1 D:\\Smart Damage Assessment System\\backend\\vendor\\laravel\\framework\\src\\Illuminate\\Database\\Connection.php(812): Illuminate\\Database\\MySqlConnection->Illuminate\\Database\\{closure}('insert into `us...', Array)
#2 D:\\Smart Damage Assessment System\\backend\\vendor\\laravel\\framework\\src\\Illuminate\\Database\\Connection.php(779): Illuminate\\Database\\Connection->runQueryCallback('insert into `us...', Array, Object(Closure))
#3 D:\\Smart Damage Assessment System\\backend\\vendor\\laravel\\framework\\src\\Illuminate\\Database\\MySqlConnection.php(42): Illuminate\\Database\\Connection->run('insert into `us...', Array, Object(Closure))
#4 D:\\Smart Damage Assessment System\\backend\\vendor\\laravel\\framework\\src\\Illuminate\\Database\\Query\\Processors\\MySqlProcessor.php(35): Illuminate\\Database\\MySqlConnection->insert('insert into `us...', Array, 'id')
#5 D:\\Smart Damage Assessment System\\backend\\vendor\\laravel\\framework\\src\\Illuminate\\Database\\Query\\Builder.php(3766): Illuminate\\Database\\Query\\Processors\\MySqlProcessor->processInsertGetId(Object(Illuminate\\Database\\Query\\Builder), 'insert into `us...', Array, 'id')
#6 D:\\Smart Damage Assessment System\\backend\\vendor\\laravel\\framework\\src\\Illuminate\\Database\\Eloquent\\Builder.php(2120): Illuminate\\Database\\Query\\Builder->insertGetId(Array, 'id')
#7 D:\\Smart Damage Assessment System\\backend\\vendor\\laravel\\framework\\src\\Illuminate\\Database\\Eloquent\\Model.php(1359): Illuminate\\Database\\Eloquent\\Builder->__call('insertGetId', Array)
#8 D:\\Smart Damage Assessment System\\backend\\vendor\\laravel\\framework\\src\\Illuminate\\Database\\Eloquent\\Model.php(1324): Illuminate\\Database\\Eloquent\\Model->insertAndSetId(Object(Illuminate\\Database\\Eloquent\\Builder), Array)
#9 D:\\Smart Damage Assessment System\\backend\\vendor\\laravel\\framework\\src\\Illuminate\\Database\\Eloquent\\Model.php(1163): Illuminate\\Database\\Eloquent\\Model->performInsert(Object(Illuminate\\Database\\Eloquent\\Builder))
#10 D:\\Smart Damage Assessment System\\backend\\vendor\\laravel\\framework\\src\\Illuminate\\Database\\Eloquent\\Builder.php(1128): Illuminate\\Database\\Eloquent\\Model->save()
#11 D:\\Smart Damage Assessment System\\backend\\vendor\\laravel\\framework\\src\\Illuminate\\Support\\helpers.php(399): Illuminate\\Database\\Eloquent\\Builder->Illuminate\\Database\\Eloquent\\{closure}(Object(App\\Models\\User))
#12 D:\\Smart Damage Assessment System\\backend\\vendor\\laravel\\framework\\src\\Illuminate\\Database\\Eloquent\\Builder.php(1127): tap(Object(App\\Models\\User), Object(Closure))
#13 D:\\Smart Damage Assessment System\\backend\\vendor\\laravel\\framework\\src\\Illuminate\\Support\\Traits\\ForwardsCalls.php(23): Illuminate\\Database\\Eloquent\\Builder->create(Array)
#14 D:\\Smart Damage Assessment System\\backend\\vendor\\laravel\\framework\\src\\Illuminate\\Database\\Eloquent\\Model.php(2372): Illuminate\\Database\\Eloquent\\Model->forwardCallTo(Object(Illuminate\\Database\\Eloquent\\Builder), 'create', Array)
#15 D:\\Smart Damage Assessment System\\backend\\vendor\\laravel\\framework\\src\\Illuminate\\Database\\Eloquent\\Model.php(2384): Illuminate\\Database\\Eloquent\\Model->__call('create', Array)
#16 D:\\Smart Damage Assessment System\\backend\\database\\seeders\\UserSeeder.php(13): Illuminate\\Database\\Eloquent\\Model::__callStatic('create', Array)
#17 D:\\Smart Damage Assessment System\\backend\\vendor\\laravel\\framework\\src\\Illuminate\\Container\\BoundMethod.php(36): Database\\Seeders\\UserSeeder->run()
#18 D:\\Smart Damage Assessment System\\backend\\vendor\\laravel\\framework\\src\\Illuminate\\Container\\Util.php(43): Illuminate\\Container\\BoundMethod::Illuminate\\Container\\{closure}()
#19 D:\\Smart Damage Assessment System\\backend\\vendor\\laravel\\framework\\src\\Illuminate\\Container\\BoundMethod.php(95): Illuminate\\Container\\Util::unwrapIfClosure(Object(Closure))
#20 D:\\Smart Damage Assessment System\\backend\\vendor\\laravel\\framework\\src\\Illuminate\\Container\\BoundMethod.php(35): Illuminate\\Container\\BoundMethod::callBoundMethod(Object(Illuminate\\Foundation\\Application), Array, Object(Closure))
#21 D:\\Smart Damage Assessment System\\backend\\vendor\\laravel\\framework\\src\\Illuminate\\Container\\Container.php(696): Illuminate\\Container\\BoundMethod::call(Object(Illuminate\\Foundation\\Application), Array, Array, NULL)
#22 D:\\Smart Damage Assessment System\\backend\\vendor\\laravel\\framework\\src\\Illuminate\\Database\\Seeder.php(188): Illuminate\\Container\\Container->call(Array, Array)
#23 D:\\Smart Damage Assessment System\\backend\\vendor\\laravel\\framework\\src\\Illuminate\\Database\\Seeder.php(197): Illuminate\\Database\\Seeder->Illuminate\\Database\\{closure}()
#24 D:\\Smart Damage Assessment System\\backend\\vendor\\laravel\\framework\\src\\Illuminate\\Database\\Seeder.php(61): Illuminate\\Database\\Seeder->__invoke(Array)
#25 D:\\Smart Damage Assessment System\\backend\\database\\seeders\\DatabaseSeeder.php(14): Illuminate\\Database\\Seeder->call('Database\\\\Seeder...')
#26 D:\\Smart Damage Assessment System\\backend\\vendor\\laravel\\framework\\src\\Illuminate\\Container\\BoundMethod.php(36): Database\\Seeders\\DatabaseSeeder->run()
#27 D:\\Smart Damage Assessment System\\backend\\vendor\\laravel\\framework\\src\\Illuminate\\Container\\Util.php(43): Illuminate\\Container\\BoundMethod::Illuminate\\Container\\{closure}()
#28 D:\\Smart Damage Assessment System\\backend\\vendor\\laravel\\framework\\src\\Illuminate\\Container\\BoundMethod.php(95): Illuminate\\Container\\Util::unwrapIfClosure(Object(Closure))
#29 D:\\Smart Damage Assessment System\\backend\\vendor\\laravel\\framework\\src\\Illuminate\\Container\\BoundMethod.php(35): Illuminate\\Container\\BoundMethod::callBoundMethod(Object(Illuminate\\Foundation\\Application), Array, Object(Closure))
#30 D:\\Smart Damage Assessment System\\backend\\vendor\\laravel\\framework\\src\\Illuminate\\Container\\Container.php(696): Illuminate\\Container\\BoundMethod::call(Object(Illuminate\\Foundation\\Application), Array, Array, NULL)
#31 D:\\Smart Damage Assessment System\\backend\\vendor\\laravel\\framework\\src\\Illuminate\\Database\\Seeder.php(188): Illuminate\\Container\\Container->call(Array, Array)
#32 D:\\Smart Damage Assessment System\\backend\\vendor\\laravel\\framework\\src\\Illuminate\\Database\\Seeder.php(197): Illuminate\\Database\\Seeder->Illuminate\\Database\\{closure}()
#33 D:\\Smart Damage Assessment System\\backend\\vendor\\laravel\\framework\\src\\Illuminate\\Database\\Console\\Seeds\\SeedCommand.php(70): Illuminate\\Database\\Seeder->__invoke()
#34 D:\\Smart Damage Assessment System\\backend\\vendor\\laravel\\framework\\src\\Illuminate\\Database\\Eloquent\\Concerns\\GuardsAttributes.php(155): Illuminate\\Database\\Console\\Seeds\\SeedCommand->Illuminate\\Database\\Console\\Seeds\\{closure}()
#35 D:\\Smart Damage Assessment System\\backend\\vendor\\laravel\\framework\\src\\Illuminate\\Database\\Console\\Seeds\\SeedCommand.php(69): Illuminate\\Database\\Eloquent\\Model::unguarded(Object(Closure))
#36 D:\\Smart Damage Assessment System\\backend\\vendor\\laravel\\framework\\src\\Illuminate\\Container\\BoundMethod.php(36): Illuminate\\Database\\Console\\Seeds\\SeedCommand->handle()
#37 D:\\Smart Damage Assessment System\\backend\\vendor\\laravel\\framework\\src\\Illuminate\\Container\\Util.php(43): Illuminate\\Container\\BoundMethod::Illuminate\\Container\\{closure}()
#38 D:\\Smart Damage Assessment System\\backend\\vendor\\laravel\\framework\\src\\Illuminate\\Container\\BoundMethod.php(95): Illuminate\\Container\\Util::unwrapIfClosure(Object(Closure))
#39 D:\\Smart Damage Assessment System\\backend\\vendor\\laravel\\framework\\src\\Illuminate\\Container\\BoundMethod.php(35): Illuminate\\Container\\BoundMethod::callBoundMethod(Object(Illuminate\\Foundation\\Application), Array, Object(Closure))
#40 D:\\Smart Damage Assessment System\\backend\\vendor\\laravel\\framework\\src\\Illuminate\\Container\\Container.php(696): Illuminate\\Container\\BoundMethod::call(Object(Illuminate\\Foundation\\Application), Array, Array, NULL)
#41 D:\\Smart Damage Assessment System\\backend\\vendor\\laravel\\framework\\src\\Illuminate\\Console\\Command.php(213): Illuminate\\Container\\Container->call(Array)
#42 D:\\Smart Damage Assessment System\\backend\\vendor\\symfony\\console\\Command\\Command.php(341): Illuminate\\Console\\Command->execute(Object(Symfony\\Component\\Console\\Input\\ArgvInput), Object(Illuminate\\Console\\OutputStyle))
#43 D:\\Smart Damage Assessment System\\backend\\vendor\\laravel\\framework\\src\\Illuminate\\Console\\Command.php(182): Symfony\\Component\\Console\\Command\\Command->run(Object(Symfony\\Component\\Console\\Input\\ArgvInput), Object(Illuminate\\Console\\OutputStyle))
#44 D:\\Smart Damage Assessment System\\backend\\vendor\\symfony\\console\\Application.php(1102): Illuminate\\Console\\Command->run(Object(Symfony\\Component\\Console\\Input\\ArgvInput), Object(Symfony\\Component\\Console\\Output\\ConsoleOutput))
#45 D:\\Smart Damage Assessment System\\backend\\vendor\\symfony\\console\\Application.php(356): Symfony\\Component\\Console\\Application->doRunCommand(Object(Illuminate\\Database\\Console\\Seeds\\SeedCommand), Object(Symfony\\Component\\Console\\Input\\ArgvInput), Object(Symfony\\Component\\Console\\Output\\ConsoleOutput))
#46 D:\\Smart Damage Assessment System\\backend\\vendor\\symfony\\console\\Application.php(195): Symfony\\Component\\Console\\Application->doRun(Object(Symfony\\Component\\Console\\Input\\ArgvInput), Object(Symfony\\Component\\Console\\Output\\ConsoleOutput))
#47 D:\\Smart Damage Assessment System\\backend\\vendor\\laravel\\framework\\src\\Illuminate\\Foundation\\Console\\Kernel.php(198): Symfony\\Component\\Console\\Application->run(Object(Symfony\\Component\\Console\\Input\\ArgvInput), Object(Symfony\\Component\\Console\\Output\\ConsoleOutput))
#48 D:\\Smart Damage Assessment System\\backend\\artisan(35): Illuminate\\Foundation\\Console\\Kernel->handle(Object(Symfony\\Component\\Console\\Input\\ArgvInput), Object(Symfony\\Component\\Console\\Output\\ConsoleOutput))
#49 {main}
"} 
[2026-01-19 12:34:41] local.ERROR: SQLSTATE[01000]: Warning: 1265 Data truncated for column 'status' at row 1 (Connection: mysql, SQL: insert into `reports` (`user_id`, `image_path`, `latitude`, `longitude`, `raw_location`, `raw_description`, `ai_location`, `ai_damage_level`, `ai_analysis`, `status`, `created_at`, `updated_at`) values (2, reports/42.jpg, 32.689, 36.5714, السويداء - حي الوحدة, أضرار في شبكات الاتصالات, السويداء, medium, أضرار متوسطة في المباني السكنية، تحتاج إلى إصلاحات, failed, 2025-12-31 21:14:41, 2026-01-19 12:34:41)) {"exception":"[object] (Illuminate\\Database\\QueryException(code: 01000): SQLSTATE[01000]: Warning: 1265 Data truncated for column 'status' at row 1 (Connection: mysql, SQL: insert into `reports` (`user_id`, `image_path`, `latitude`, `longitude`, `raw_location`, `raw_description`, `ai_location`, `ai_damage_level`, `ai_analysis`, `status`, `created_at`, `updated_at`) values (2, reports/42.jpg, 32.689, 36.5714, السويداء - حي الوحدة, أضرار في شبكات الاتصالات, السويداء, medium, أضرار متوسطة في المباني السكنية، تحتاج إلى إصلاحات, failed, 2025-12-31 21:14:41, 2026-01-19 12:34:41)) at D:\\Smart Damage Assessment System\\backend\\vendor\\laravel\\framework\\src\\Illuminate\\Database\\Connection.php:825)
[stacktrace]
#0 D:\\Smart Damage Assessment System\\backend\\vendor\\laravel\\framework\\src\\Illuminate\\Database\\Connection.php(779): Illuminate\\Database\\Connection->runQueryCallback('insert into `re...', Array, Object(Closure))
#1 D:\\Smart Damage Assessment System\\backend\\vendor\\laravel\\framework\\src\\Illuminate\\Database\\MySqlConnection.php(42): Illuminate\\Database\\Connection->run('insert into `re...', Array, Object(Closure))
#2 D:\\Smart Damage Assessment System\\backend\\vendor\\laravel\\framework\\src\\Illuminate\\Database\\Query\\Processors\\MySqlProcessor.php(35): Illuminate\\Database\\MySqlConnection->insert('insert into `re...', Array, 'id')
#3 D:\\Smart Damage Assessment System\\backend\\vendor\\laravel\\framework\\src\\Illuminate\\Database\\Query\\Builder.php(3766): Illuminate\\Database\\Query\\Processors\\MySqlProcessor->processInsertGetId(Object(Illuminate\\Database\\Query\\Builder), 'insert into `re...', Array, 'id')
#4 D:\\Smart Damage Assessment System\\backend\\vendor\\laravel\\framework\\src\\Illuminate\\Database\\Eloquent\\Builder.php(2120): Illuminate\\Database\\Query\\Builder->insertGetId(Array, 'id')
#5 D:\\Smart Damage Assessment System\\backend\\vendor\\laravel\\framework\\src\\Illuminate\\Database\\Eloquent\\Model.php(1359): Illuminate\\Database\\Eloquent\\Builder->__call('insertGetId', Array)
#6 D:\\Smart Damage Assessment System\\backend\\vendor\\laravel\\framework\\src\\Illuminate\\Database\\Eloquent\\Model.php(1324): Illuminate\\Database\\Eloquent\\Model->insertAndSetId(Object(Illuminate\\Database\\Eloquent\\Builder), Array)
#7 D:\\Smart Damage Assessment System\\backend\\vendor\\laravel\\framework\\src\\Illuminate\\Database\\Eloquent\\Model.php(1163): Illuminate\\Database\\Eloquent\\Model->performInsert(Object(Illuminate\\Database\\Eloquent\\Builder))
#8 D:\\Smart Damage Assessment System\\backend\\vendor\\laravel\\framework\\src\\Illuminate\\Database\\Eloquent\\Builder.php(1128): Illuminate\\Database\\Eloquent\\Model->save()
#9 D:\\Smart Damage Assessment System\\backend\\vendor\\laravel\\framework\\src\\Illuminate\\Support\\helpers.php(399): Illuminate\\Database\\Eloquent\\Builder->Illuminate\\Database\\Eloquent\\{closure}(Object(App\\Models\\Report))
#10 D:\\Smart Damage Assessment System\\backend\\vendor\\laravel\\framework\\src\\Illuminate\\Database\\Eloquent\\Builder.php(1127): tap(Object(App\\Models\\Report), Object(Closure))
#11 D:\\Smart Damage Assessment System\\backend\\vendor\\laravel\\framework\\src\\Illuminate\\Support\\Traits\\ForwardsCalls.php(23): Illuminate\\Database\\Eloquent\\Builder->create(Array)
#12 D:\\Smart Damage Assessment System\\backend\\vendor\\laravel\\framework\\src\\Illuminate\\Database\\Eloquent\\Model.php(2372): Illuminate\\Database\\Eloquent\\Model->forwardCallTo(Object(Illuminate\\Database\\Eloquent\\Builder), 'create', Array)
#13 D:\\Smart Damage Assessment System\\backend\\vendor\\laravel\\framework\\src\\Illuminate\\Database\\Eloquent\\Model.php(2384): Illuminate\\Database\\Eloquent\\Model->__call('create', Array)
#14 D:\\Smart Damage Assessment System\\backend\\database\\seeders\\ReportSeeder.php(72): Illuminate\\Database\\Eloquent\\Model::__callStatic('create', Array)
#15 D:\\Smart Damage Assessment System\\backend\\vendor\\laravel\\framework\\src\\Illuminate\\Container\\BoundMethod.php(36): Database\\Seeders\\ReportSeeder->run()
#16 D:\\Smart Damage Assessment System\\backend\\vendor\\laravel\\framework\\src\\Illuminate\\Container\\Util.php(43): Illuminate\\Container\\BoundMethod::Illuminate\\Container\\{closure}()
#17 D:\\Smart Damage Assessment System\\backend\\vendor\\laravel\\framework\\src\\Illuminate\\Container\\BoundMethod.php(95): Illuminate\\Container\\Util::unwrapIfClosure(Object(Closure))
#18 D:\\Smart Damage Assessment System\\backend\\vendor\\laravel\\framework\\src\\Illuminate\\Container\\BoundMethod.php(35): Illuminate\\Container\\BoundMethod::callBoundMethod(Object(Illuminate\\Foundation\\Application), Array, Object(Closure))
#19 D:\\Smart Damage Assessment System\\backend\\vendor\\laravel\\framework\\src\\Illuminate\\Container\\Container.php(696): Illuminate\\Container\\BoundMethod::call(Object(Illuminate\\Foundation\\Application), Array, Array, NULL)
#20 D:\\Smart Damage Assessment System\\backend\\vendor\\laravel\\framework\\src\\Illuminate\\Database\\Seeder.php(188): Illuminate\\Container\\Container->call(Array, Array)
#21 D:\\Smart Damage Assessment System\\backend\\vendor\\laravel\\framework\\src\\Illuminate\\Database\\Seeder.php(197): Illuminate\\Database\\Seeder->Illuminate\\Database\\{closure}()
#22 D:\\Smart Damage Assessment System\\backend\\vendor\\laravel\\framework\\src\\Illuminate\\Database\\Seeder.php(61): Illuminate\\Database\\Seeder->__invoke(Array)
#23 D:\\Smart Damage Assessment System\\backend\\database\\seeders\\DatabaseSeeder.php(14): Illuminate\\Database\\Seeder->call('Database\\\\Seeder...')
#24 D:\\Smart Damage Assessment System\\backend\\vendor\\laravel\\framework\\src\\Illuminate\\Container\\BoundMethod.php(36): Database\\Seeders\\DatabaseSeeder->run()
#25 D:\\Smart Damage Assessment System\\backend\\vendor\\laravel\\framework\\src\\Illuminate\\Container\\Util.php(43): Illuminate\\Container\\BoundMethod::Illuminate\\Container\\{closure}()
#26 D:\\Smart Damage Assessment System\\backend\\vendor\\laravel\\framework\\src\\Illuminate\\Container\\BoundMethod.php(95): Illuminate\\Container\\Util::unwrapIfClosure(Object(Closure))
#27 D:\\Smart Damage Assessment System\\backend\\vendor\\laravel\\framework\\src\\Illuminate\\Container\\BoundMethod.php(35): Illuminate\\Container\\BoundMethod::callBoundMethod(Object(Illuminate\\Foundation\\Application), Array, Object(Closure))
#28 D:\\Smart Damage Assessment System\\backend\\vendor\\laravel\\framework\\src\\Illuminate\\Container\\Container.php(696): Illuminate\\Container\\BoundMethod::call(Object(Illuminate\\Foundation\\Application), Array, Array, NULL)
#29 D:\\Smart Damage Assessment System\\backend\\vendor\\laravel\\framework\\src\\Illuminate\\Database\\Seeder.php(188): Illuminate\\Container\\Container->call(Array, Array)
#30 D:\\Smart Damage Assessment System\\backend\\vendor\\laravel\\framework\\src\\Illuminate\\Database\\Seeder.php(197): Illuminate\\Database\\Seeder->Illuminate\\Database\\{closure}()
#31 D:\\Smart Damage Assessment System\\backend\\vendor\\laravel\\framework\\src\\Illuminate\\Database\\Console\\Seeds\\SeedCommand.php(70): Illuminate\\Database\\Seeder->__invoke()
#32 D:\\Smart Damage Assessment System\\backend\\vendor\\laravel\\framework\\src\\Illuminate\\Database\\Eloquent\\Concerns\\GuardsAttributes.php(155): Illuminate\\Database\\Console\\Seeds\\SeedCommand->Illuminate\\Database\\Console\\Seeds\\{closure}()
#33 D:\\Smart Damage Assessment System\\backend\\vendor\\laravel\\framework\\src\\Illuminate\\Database\\Console\\Seeds\\SeedCommand.php(69): Illuminate\\Database\\Eloquent\\Model::unguarded(Object(Closure))
#34 D:\\Smart Damage Assessment System\\backend\\vendor\\laravel\\framework\\src\\Illuminate\\Container\\BoundMethod.php(36): Illuminate\\Database\\Console\\Seeds\\SeedCommand->handle()
#35 D:\\Smart Damage Assessment System\\backend\\vendor\\laravel\\framework\\src\\Illuminate\\Container\\Util.php(43): Illuminate\\Container\\BoundMethod::Illuminate\\Container\\{closure}()
#36 D:\\Smart Damage Assessment System\\backend\\vendor\\laravel\\framework\\src\\Illuminate\\Container\\BoundMethod.php(95): Illuminate\\Container\\Util::unwrapIfClosure(Object(Closure))
#37 D:\\Smart Damage Assessment System\\backend\\vendor\\laravel\\framework\\src\\Illuminate\\Container\\BoundMethod.php(35): Illuminate\\Container\\BoundMethod::callBoundMethod(Object(Illuminate\\Foundation\\Application), Array, Object(Closure))
#38 D:\\Smart Damage Assessment System\\backend\\vendor\\laravel\\framework\\src\\Illuminate\\Container\\Container.php(696): Illuminate\\Container\\BoundMethod::call(Object(Illuminate\\Foundation\\Application), Array, Array, NULL)
#39 D:\\Smart Damage Assessment System\\backend\\vendor\\laravel\\framework\\src\\Illuminate\\Console\\Command.php(213): Illuminate\\Container\\Container->call(Array)
#40 D:\\Smart Damage Assessment System\\backend\\vendor\\symfony\\console\\Command\\Command.php(341): Illuminate\\Console\\Command->execute(Object(Symfony\\Component\\Console\\Input\\ArgvInput), Object(Illuminate\\Console\\OutputStyle))
#41 D:\\Smart Damage Assessment System\\backend\\vendor\\laravel\\framework\\src\\Illuminate\\Console\\Command.php(182): Symfony\\Component\\Console\\Command\\Command->run(Object(Symfony\\Component\\Console\\Input\\ArgvInput), Object(Illuminate\\Console\\OutputStyle))
#42 D:\\Smart Damage Assessment System\\backend\\vendor\\symfony\\console\\Application.php(1102): Illuminate\\Console\\Command->run(Object(Symfony\\Component\\Console\\Input\\ArgvInput), Object(Symfony\\Component\\Console\\Output\\ConsoleOutput))
#43 D:\\Smart Damage Assessment System\\backend\\vendor\\symfony\\console\\Application.php(356): Symfony\\Component\\Console\\Application->doRunCommand(Object(Illuminate\\Database\\Console\\Seeds\\SeedCommand), Object(Symfony\\Component\\Console\\Input\\ArgvInput), Object(Symfony\\Component\\Console\\Output\\ConsoleOutput))
#44 D:\\Smart Damage Assessment System\\backend\\vendor\\symfony\\console\\Application.php(195): Symfony\\Component\\Console\\Application->doRun(Object(Symfony\\Component\\Console\\Input\\ArgvInput), Object(Symfony\\Component\\Console\\Output\\ConsoleOutput))
#45 D:\\Smart Damage Assessment System\\backend\\vendor\\laravel\\framework\\src\\Illuminate\\Foundation\\Console\\Kernel.php(198): Symfony\\Component\\Console\\Application->run(Object(Symfony\\Component\\Console\\Input\\ArgvInput), Object(Symfony\\Component\\Console\\Output\\ConsoleOutput))
#46 D:\\Smart Damage Assessment System\\backend\\artisan(35): Illuminate\\Foundation\\Console\\Kernel->handle(Object(Symfony\\Component\\Console\\Input\\ArgvInput), Object(Symfony\\Component\\Console\\Output\\ConsoleOutput))
#47 {main}

[previous exception] [object] (PDOException(code: 01000): SQLSTATE[01000]: Warning: 1265 Data truncated for column 'status' at row 1 at D:\\Smart Damage Assessment System\\backend\\vendor\\laravel\\framework\\src\\Illuminate\\Database\\MySqlConnection.php:53)
[stacktrace]
#0 D:\\Smart Damage Assessment System\\backend\\vendor\\laravel\\framework\\src\\Illuminate\\Database\\MySqlConnection.php(53): PDOStatement->execute()
#1 D:\\Smart Damage Assessment System\\backend\\vendor\\laravel\\framework\\src\\Illuminate\\Database\\Connection.php(812): Illuminate\\Database\\MySqlConnection->Illuminate\\Database\\{closure}('insert into `re...', Array)
#2 D:\\Smart Damage Assessment System\\backend\\vendor\\laravel\\framework\\src\\Illuminate\\Database\\Connection.php(779): Illuminate\\Database\\Connection->runQueryCallback('insert into `re...', Array, Object(Closure))
#3 D:\\Smart Damage Assessment System\\backend\\vendor\\laravel\\framework\\src\\Illuminate\\Database\\MySqlConnection.php(42): Illuminate\\Database\\Connection->run('insert into `re...', Array, Object(Closure))
#4 D:\\Smart Damage Assessment System\\backend\\vendor\\laravel\\framework\\src\\Illuminate\\Database\\Query\\Processors\\MySqlProcessor.php(35): Illuminate\\Database\\MySqlConnection->insert('insert into `re...', Array, 'id')
#5 D:\\Smart Damage Assessment System\\backend\\vendor\\laravel\\framework\\src\\Illuminate\\Database\\Query\\Builder.php(3766): Illuminate\\Database\\Query\\Processors\\MySqlProcessor->processInsertGetId(Object(Illuminate\\Database\\Query\\Builder), 'insert into `re...', Array, 'id')
#6 D:\\Smart Damage Assessment System\\backend\\vendor\\laravel\\framework\\src\\Illuminate\\Database\\Eloquent\\Builder.php(2120): Illuminate\\Database\\Query\\Builder->insertGetId(Array, 'id')
#7 D:\\Smart Damage Assessment System\\backend\\vendor\\laravel\\framework\\src\\Illuminate\\Database\\Eloquent\\Model.php(1359): Illuminate\\Database\\Eloquent\\Builder->__call('insertGetId', Array)
#8 D:\\Smart Damage Assessment System\\backend\\vendor\\laravel\\framework\\src\\Illuminate\\Database\\Eloquent\\Model.php(1324): Illuminate\\Database\\Eloquent\\Model->insertAndSetId(Object(Illuminate\\Database\\Eloquent\\Builder), Array)
#9 D:\\Smart Damage Assessment System\\backend\\vendor\\laravel\\framework\\src\\Illuminate\\Database\\Eloquent\\Model.php(1163): Illuminate\\Database\\Eloquent\\Model->performInsert(Object(Illuminate\\Database\\Eloquent\\Builder))
#10 D:\\Smart Damage Assessment System\\backend\\vendor\\laravel\\framework\\src\\Illuminate\\Database\\Eloquent\\Builder.php(1128): Illuminate\\Database\\Eloquent\\Model->save()
#11 D:\\Smart Damage Assessment System\\backend\\vendor\\laravel\\framework\\src\\Illuminate\\Support\\helpers.php(399): Illuminate\\Database\\Eloquent\\Builder->Illuminate\\Database\\Eloquent\\{closure}(Object(App\\Models\\Report))
#12 D:\\Smart Damage Assessment System\\backend\\vendor\\laravel\\framework\\src\\Illuminate\\Database\\Eloquent\\Builder.php(1127): tap(Object(App\\Models\\Report), Object(Closure))
#13 D:\\Smart Damage Assessment System\\backend\\vendor\\laravel\\framework\\src\\Illuminate\\Support\\Traits\\ForwardsCalls.php(23): Illuminate\\Database\\Eloquent\\Builder->create(Array)
#14 D:\\Smart Damage Assessment System\\backend\\vendor\\laravel\\framework\\src\\Illuminate\\Database\\Eloquent\\Model.php(2372): Illuminate\\Database\\Eloquent\\Model->forwardCallTo(Object(Illuminate\\Database\\Eloquent\\Builder), 'create', Array)
#15 D:\\Smart Damage Assessment System\\backend\\vendor\\laravel\\framework\\src\\Illuminate\\Database\\Eloquent\\Model.php(2384): Illuminate\\Database\\Eloquent\\Model->__call('create', Array)
#16 D:\\Smart Damage Assessment System\\backend\\database\\seeders\\ReportSeeder.php(72): Illuminate\\Database\\Eloquent\\Model::__callStatic('create', Array)
#17 D:\\Smart Damage Assessment System\\backend\\vendor\\laravel\\framework\\src\\Illuminate\\Container\\BoundMethod.php(36): Database\\Seeders\\ReportSeeder->run()
#18 D:\\Smart Damage Assessment System\\backend\\vendor\\laravel\\framework\\src\\Illuminate\\Container\\Util.php(43): Illuminate\\Container\\BoundMethod::Illuminate\\Container\\{closure}()
#19 D:\\Smart Damage Assessment System\\backend\\vendor\\laravel\\framework\\src\\Illuminate\\Container\\BoundMethod.php(95): Illuminate\\Container\\Util::unwrapIfClosure(Object(Closure))
#20 D:\\Smart Damage Assessment System\\backend\\vendor\\laravel\\framework\\src\\Illuminate\\Container\\BoundMethod.php(35): Illuminate\\Container\\BoundMethod::callBoundMethod(Object(Illuminate\\Foundation\\Application), Array, Object(Closure))
#21 D:\\Smart Damage Assessment System\\backend\\vendor\\laravel\\framework\\src\\Illuminate\\Container\\Container.php(696): Illuminate\\Container\\BoundMethod::call(Object(Illuminate\\Foundation\\Application), Array, Array, NULL)
#22 D:\\Smart Damage Assessment System\\backend\\vendor\\laravel\\framework\\src\\Illuminate\\Database\\Seeder.php(188): Illuminate\\Container\\Container->call(Array, Array)
#23 D:\\Smart Damage Assessment System\\backend\\vendor\\laravel\\framework\\src\\Illuminate\\Database\\Seeder.php(197): Illuminate\\Database\\Seeder->Illuminate\\Database\\{closure}()
#24 D:\\Smart Damage Assessment System\\backend\\vendor\\laravel\\framework\\src\\Illuminate\\Database\\Seeder.php(61): Illuminate\\Database\\Seeder->__invoke(Array)
#25 D:\\Smart Damage Assessment System\\backend\\database\\seeders\\DatabaseSeeder.php(14): Illuminate\\Database\\Seeder->call('Database\\\\Seeder...')
#26 D:\\Smart Damage Assessment System\\backend\\vendor\\laravel\\framework\\src\\Illuminate\\Container\\BoundMethod.php(36): Database\\Seeders\\DatabaseSeeder->run()
#27 D:\\Smart Damage Assessment System\\backend\\vendor\\laravel\\framework\\src\\Illuminate\\Container\\Util.php(43): Illuminate\\Container\\BoundMethod::Illuminate\\Container\\{closure}()
#28 D:\\Smart Damage Assessment System\\backend\\vendor\\laravel\\framework\\src\\Illuminate\\Container\\BoundMethod.php(95): Illuminate\\Container\\Util::unwrapIfClosure(Object(Closure))
#29 D:\\Smart Damage Assessment System\\backend\\vendor\\laravel\\framework\\src\\Illuminate\\Container\\BoundMethod.php(35): Illuminate\\Container\\BoundMethod::callBoundMethod(Object(Illuminate\\Foundation\\Application), Array, Object(Closure))
#30 D:\\Smart Damage Assessment System\\backend\\vendor\\laravel\\framework\\src\\Illuminate\\Container\\Container.php(696): Illuminate\\Container\\BoundMethod::call(Object(Illuminate\\Foundation\\Application), Array, Array, NULL)
#31 D:\\Smart Damage Assessment System\\backend\\vendor\\laravel\\framework\\src\\Illuminate\\Database\\Seeder.php(188): Illuminate\\Container\\Container->call(Array, Array)
#32 D:\\Smart Damage Assessment System\\backend\\vendor\\laravel\\framework\\src\\Illuminate\\Database\\Seeder.php(197): Illuminate\\Database\\Seeder->Illuminate\\Database\\{closure}()
#33 D:\\Smart Damage Assessment System\\backend\\vendor\\laravel\\framework\\src\\Illuminate\\Database\\Console\\Seeds\\SeedCommand.php(70): Illuminate\\Database\\Seeder->__invoke()
#34 D:\\Smart Damage Assessment System\\backend\\vendor\\laravel\\framework\\src\\Illuminate\\Database\\Eloquent\\Concerns\\GuardsAttributes.php(155): Illuminate\\Database\\Console\\Seeds\\SeedCommand->Illuminate\\Database\\Console\\Seeds\\{closure}()
#35 D:\\Smart Damage Assessment System\\backend\\vendor\\laravel\\framework\\src\\Illuminate\\Database\\Console\\Seeds\\SeedCommand.php(69): Illuminate\\Database\\Eloquent\\Model::unguarded(Object(Closure))
#36 D:\\Smart Damage Assessment System\\backend\\vendor\\laravel\\framework\\src\\Illuminate\\Container\\BoundMethod.php(36): Illuminate\\Database\\Console\\Seeds\\SeedCommand->handle()
#37 D:\\Smart Damage Assessment System\\backend\\vendor\\laravel\\framework\\src\\Illuminate\\Container\\Util.php(43): Illuminate\\Container\\BoundMethod::Illuminate\\Container\\{closure}()
#38 D:\\Smart Damage Assessment System\\backend\\vendor\\laravel\\framework\\src\\Illuminate\\Container\\BoundMethod.php(95): Illuminate\\Container\\Util::unwrapIfClosure(Object(Closure))
#39 D:\\Smart Damage Assessment System\\backend\\vendor\\laravel\\framework\\src\\Illuminate\\Container\\BoundMethod.php(35): Illuminate\\Container\\BoundMethod::callBoundMethod(Object(Illuminate\\Foundation\\Application), Array, Object(Closure))
#40 D:\\Smart Damage Assessment System\\backend\\vendor\\laravel\\framework\\src\\Illuminate\\Container\\Container.php(696): Illuminate\\Container\\BoundMethod::call(Object(Illuminate\\Foundation\\Application), Array, Array, NULL)
#41 D:\\Smart Damage Assessment System\\backend\\vendor\\laravel\\framework\\src\\Illuminate\\Console\\Command.php(213): Illuminate\\Container\\Container->call(Array)
#42 D:\\Smart Damage Assessment System\\backend\\vendor\\symfony\\console\\Command\\Command.php(341): Illuminate\\Console\\Command->execute(Object(Symfony\\Component\\Console\\Input\\ArgvInput), Object(Illuminate\\Console\\OutputStyle))
#43 D:\\Smart Damage Assessment System\\backend\\vendor\\laravel\\framework\\src\\Illuminate\\Console\\Command.php(182): Symfony\\Component\\Console\\Command\\Command->run(Object(Symfony\\Component\\Console\\Input\\ArgvInput), Object(Illuminate\\Console\\OutputStyle))
#44 D:\\Smart Damage Assessment System\\backend\\vendor\\symfony\\console\\Application.php(1102): Illuminate\\Console\\Command->run(Object(Symfony\\Component\\Console\\Input\\ArgvInput), Object(Symfony\\Component\\Console\\Output\\ConsoleOutput))
#45 D:\\Smart Damage Assessment System\\backend\\vendor\\symfony\\console\\Application.php(356): Symfony\\Component\\Console\\Application->doRunCommand(Object(Illuminate\\Database\\Console\\Seeds\\SeedCommand), Object(Symfony\\Component\\Console\\Input\\ArgvInput), Object(Symfony\\Component\\Console\\Output\\ConsoleOutput))
#46 D:\\Smart Damage Assessment System\\backend\\vendor\\symfony\\console\\Application.php(195): Symfony\\Component\\Console\\Application->doRun(Object(Symfony\\Component\\Console\\Input\\ArgvInput), Object(Symfony\\Component\\Console\\Output\\ConsoleOutput))
#47 D:\\Smart Damage Assessment System\\backend\\vendor\\laravel\\framework\\src\\Illuminate\\Foundation\\Console\\Kernel.php(198): Symfony\\Component\\Console\\Application->run(Object(Symfony\\Component\\Console\\Input\\ArgvInput), Object(Symfony\\Component\\Console\\Output\\ConsoleOutput))
#48 D:\\Smart Damage Assessment System\\backend\\artisan(35): Illuminate\\Foundation\\Console\\Kernel->handle(Object(Symfony\\Component\\Console\\Input\\ArgvInput), Object(Symfony\\Component\\Console\\Output\\ConsoleOutput))
#49 {main}
"} 
[2026-01-27 13:00:22] local.ERROR: SQLSTATE[HY000] [2002] No connection could be made because the target machine actively refused it (Connection: mysql, SQL: select * from `personal_access_tokens` where `personal_access_tokens`.`id` = 21 limit 1) {"exception":"[object] (Illuminate\\Database\\QueryException(code: 2002): SQLSTATE[HY000] [2002] No connection could be made because the target machine actively refused it (Connection: mysql, SQL: select * from `personal_access_tokens` where `personal_access_tokens`.`id` = 21 limit 1) at D:\\Smart Damage Assessment System\\backend\\vendor\\laravel\\framework\\src\\Illuminate\\Database\\Connection.php:825)
[stacktrace]
#0 D:\\Smart Damage Assessment System\\backend\\vendor\\laravel\\framework\\src\\Illuminate\\Database\\Connection.php(979): Illuminate\\Database\\Connection->runQueryCallback('select * from `...', Array, Object(Closure))
#1 D:\\Smart Damage Assessment System\\backend\\vendor\\laravel\\framework\\src\\Illuminate\\Database\\Connection.php(958): Illuminate\\Database\\Connection->tryAgainIfCausedByLostConnection(Object(Illuminate\\Database\\QueryException), 'select * from `...', Array, Object(Closure))
#2 D:\\Smart Damage Assessment System\\backend\\vendor\\laravel\\framework\\src\\Illuminate\\Database\\Connection.php(781): Illuminate\\Database\\Connection->handleQueryException(Object(Illuminate\\Database\\QueryException), 'select * from `...', Array, Object(Closure))
#3 D:\\Smart Damage Assessment System\\backend\\vendor\\laravel\\framework\\src\\Illuminate\\Database\\Connection.php(398): Illuminate\\Database\\Connection->run('select * from `...', Array, Object(Closure))
#4 D:\\Smart Damage Assessment System\\backend\\vendor\\laravel\\framework\\src\\Illuminate\\Database\\Query\\Builder.php(3106): Illuminate\\Database\\Connection->select('select * from `...', Array, true)
#5 D:\\Smart Damage Assessment System\\backend\\vendor\\laravel\\framework\\src\\Illuminate\\Database\\Query\\Builder.php(3091): Illuminate\\Database\\Query\\Builder->runSelect()
#6 D:\\Smart Damage Assessment System\\backend\\vendor\\laravel\\framework\\src\\Illuminate\\Database\\Query\\Builder.php(3676): Illuminate\\Database\\Query\\Builder->Illuminate\\Database\\Query\\{closure}()
#7 D:\\Smart Damage Assessment System\\backend\\vendor\\laravel\\framework\\src\\Illuminate\\Database\\Query\\Builder.php(3090): Illuminate\\Database\\Query\\Builder->onceWithColumns(Array, Object(Closure))
#8 D:\\Smart Damage Assessment System\\backend\\vendor\\laravel\\framework\\src\\Illuminate\\Database\\Eloquent\\Builder.php(811): Illuminate\\Database\\Query\\Builder->get(Array)
#9 D:\\Smart Damage Assessment System\\backend\\vendor\\laravel\\framework\\src\\Illuminate\\Database\\Eloquent\\Builder.php(793): Illuminate\\Database\\Eloquent\\Builder->getModels(Array)
#10 D:\\Smart Damage Assessment System\\backend\\vendor\\laravel\\framework\\src\\Illuminate\\Database\\Concerns\\BuildsQueries.php(343): Illuminate\\Database\\Eloquent\\Builder->get(Array)
#11 D:\\Smart Damage Assessment System\\backend\\vendor\\laravel\\framework\\src\\Illuminate\\Database\\Eloquent\\Builder.php(477): Illuminate\\Database\\Eloquent\\Builder->first(Array)
#12 D:\\Smart Damage Assessment System\\backend\\vendor\\laravel\\framework\\src\\Illuminate\\Support\\Traits\\ForwardsCalls.php(23): Illuminate\\Database\\Eloquent\\Builder->find('21')
#13 D:\\Smart Damage Assessment System\\backend\\vendor\\laravel\\framework\\src\\Illuminate\\Database\\Eloquent\\Model.php(2372): Illuminate\\Database\\Eloquent\\Model->forwardCallTo(Object(Illuminate\\Database\\Eloquent\\Builder), 'find', Array)
#14 D:\\Smart Damage Assessment System\\backend\\vendor\\laravel\\framework\\src\\Illuminate\\Database\\Eloquent\\Model.php(2384): Illuminate\\Database\\Eloquent\\Model->__call('find', Array)
#15 D:\\Smart Damage Assessment System\\backend\\vendor\\laravel\\sanctum\\src\\PersonalAccessToken.php(66): Illuminate\\Database\\Eloquent\\Model::__callStatic('find', Array)
#16 D:\\Smart Damage Assessment System\\backend\\vendor\\laravel\\sanctum\\src\\Guard.php(66): Laravel\\Sanctum\\PersonalAccessToken::findToken('f1EwESsgUJKiISt...')
#17 [internal function]: Laravel\\Sanctum\\Guard->__invoke(Object(Illuminate\\Http\\Request), NULL)
#18 D:\\Smart Damage Assessment System\\backend\\vendor\\laravel\\framework\\src\\Illuminate\\Auth\\RequestGuard.php(57): call_user_func(Object(Laravel\\Sanctum\\Guard), Object(Illuminate\\Http\\Request), NULL)
#19 D:\\Smart Damage Assessment System\\backend\\vendor\\laravel\\framework\\src\\Illuminate\\Auth\\GuardHelpers.php(56): Illuminate\\Auth\\RequestGuard->user()
#20 D:\\Smart Damage Assessment System\\backend\\vendor\\laravel\\framework\\src\\Illuminate\\Auth\\Middleware\\Authenticate.php(83): Illuminate\\Auth\\RequestGuard->check()
#21 D:\\Smart Damage Assessment System\\backend\\vendor\\laravel\\framework\\src\\Illuminate\\Auth\\Middleware\\Authenticate.php(62): Illuminate\\Auth\\Middleware\\Authenticate->authenticate(Object(Illuminate\\Http\\Request), Array)
#22 D:\\Smart Damage Assessment System\\backend\\vendor\\laravel\\framework\\src\\Illuminate\\Pipeline\\Pipeline.php(209): Illuminate\\Auth\\Middleware\\Authenticate->handle(Object(Illuminate\\Http\\Request), Object(Closure), 'sanctum')
#23 D:\\Smart Damage Assessment System\\backend\\vendor\\laravel\\framework\\src\\Illuminate\\Pipeline\\Pipeline.php(127): Illuminate\\Pipeline\\Pipeline->Illuminate\\Pipeline\\{closure}(Object(Illuminate\\Http\\Request))
#24 D:\\Smart Damage Assessment System\\backend\\vendor\\laravel\\framework\\src\\Illuminate\\Routing\\Router.php(807): Illuminate\\Pipeline\\Pipeline->then(Object(Closure))
#25 D:\\Smart Damage Assessment System\\backend\\vendor\\laravel\\framework\\src\\Illuminate\\Routing\\Router.php(786): Illuminate\\Routing\\Router->runRouteWithinStack(Object(Illuminate\\Routing\\Route), Object(Illuminate\\Http\\Request))
#26 D:\\Smart Damage Assessment System\\backend\\vendor\\laravel\\framework\\src\\Illuminate\\Routing\\Router.php(750): Illuminate\\Routing\\Router->runRoute(Object(Illuminate\\Http\\Request), Object(Illuminate\\Routing\\Route))
#27 D:\\Smart Damage Assessment System\\backend\\vendor\\laravel\\framework\\src\\Illuminate\\Routing\\Router.php(739): Illuminate\\Routing\\Router->dispatchToRoute(Object(Illuminate\\Http\\Request))
#28 D:\\Smart Damage Assessment System\\backend\\vendor\\laravel\\framework\\src\\Illuminate\\Foundation\\Http\\Kernel.php(201): Illuminate\\Routing\\Router->dispatch(Object(Illuminate\\Http\\Request))
#29 D:\\Smart Damage Assessment System\\backend\\vendor\\laravel\\framework\\src\\Illuminate\\Pipeline\\Pipeline.php(170): Illuminate\\Foundation\\Http\\Kernel->Illuminate\\Foundation\\Http\\{closure}(Object(Illuminate\\Http\\Request))
#30 D:\\Smart Damage Assessment System\\backend\\vendor\\laravel\\framework\\src\\Illuminate\\Foundation\\Http\\Middleware\\TransformsRequest.php(21): Illuminate\\Pipeline\\Pipeline->Illuminate\\Pipeline\\{closure}(Object(Illuminate\\Http\\Request))
#31 D:\\Smart Damage Assessment System\\backend\\vendor\\laravel\\framework\\src\\Illuminate\\Foundation\\Http\\Middleware\\ConvertEmptyStringsToNull.php(31): Illuminate\\Foundation\\Http\\Middleware\\TransformsRequest->handle(Object(Illuminate\\Http\\Request), Object(Closure))
#32 D:\\Smart Damage Assessment System\\backend\\vendor\\laravel\\framework\\src\\Illuminate\\Pipeline\\Pipeline.php(209): Illuminate\\Foundation\\Http\\Middleware\\ConvertEmptyStringsToNull->handle(Object(Illuminate\\Http\\Request), Object(Closure))
#33 D:\\Smart Damage Assessment System\\backend\\vendor\\laravel\\framework\\src\\Illuminate\\Foundation\\Http\\Middleware\\TransformsRequest.php(21): Illuminate\\Pipeline\\Pipeline->Illuminate\\Pipeline\\{closure}(Object(Illuminate\\Http\\Request))
#34 D:\\Smart Damage Assessment System\\backend\\vendor\\laravel\\framework\\src\\Illuminate\\Foundation\\Http\\Middleware\\TrimStrings.php(51): Illuminate\\Foundation\\Http\\Middleware\\TransformsRequest->handle(Object(Illuminate\\Http\\Request), Object(Closure))
#35 D:\\Smart Damage Assessment System\\backend\\vendor\\laravel\\framework\\src\\Illuminate\\Pipeline\\Pipeline.php(209): Illuminate\\Foundation\\Http\\Middleware\\TrimStrings->handle(Object(Illuminate\\Http\\Request), Object(Closure))
#36 D:\\Smart Damage Assessment System\\backend\\vendor\\laravel\\framework\\src\\Illuminate\\Http\\Middleware\\ValidatePostSize.php(27): Illuminate\\Pipeline\\Pipeline->Illuminate\\Pipeline\\{closure}(Object(Illuminate\\Http\\Request))
#37 D:\\Smart Damage Assessment System\\backend\\vendor\\laravel\\framework\\src\\Illuminate\\Pipeline\\Pipeline.php(209): Illuminate\\Http\\Middleware\\ValidatePostSize->handle(Object(Illuminate\\Http\\Request), Object(Closure))
#38 D:\\Smart Damage Assessment System\\backend\\vendor\\laravel\\framework\\src\\Illuminate\\Foundation\\Http\\Middleware\\PreventRequestsDuringMaintenance.php(110): Illuminate\\Pipeline\\Pipeline->Illuminate\\Pipeline\\{closure}(Object(Illuminate\\Http\\Request))
#39 D:\\Smart Damage Assessment System\\backend\\vendor\\laravel\\framework\\src\\Illuminate\\Pipeline\\Pipeline.php(209): Illuminate\\Foundation\\Http\\Middleware\\PreventRequestsDuringMaintenance->handle(Object(Illuminate\\Http\\Request), Object(Closure))
#40 D:\\Smart Damage Assessment System\\backend\\vendor\\laravel\\framework\\src\\Illuminate\\Http\\Middleware\\HandleCors.php(62): Illuminate\\Pipeline\\Pipeline->Illuminate\\Pipeline\\{closure}(Object(Illuminate\\Http\\Request))
#41 D:\\Smart Damage Assessment System\\backend\\vendor\\laravel\\framework\\src\\Illuminate\\Pipeline\\Pipeline.php(209): Illuminate\\Http\\Middleware\\HandleCors->handle(Object(Illuminate\\Http\\Request), Object(Closure))
#42 D:\\Smart Damage Assessment System\\backend\\vendor\\laravel\\framework\\src\\Illuminate\\Http\\Middleware\\TrustProxies.php(58): Illuminate\\Pipeline\\Pipeline->Illuminate\\Pipeline\\{closure}(Object(Illuminate\\Http\\Request))
#43 D:\\Smart Damage Assessment System\\backend\\vendor\\laravel\\framework\\src\\Illuminate\\Pipeline\\Pipeline.php(209): Illuminate\\Http\\Middleware\\TrustProxies->handle(Object(Illuminate\\Http\\Request), Object(Closure))
#44 D:\\Smart Damage Assessment System\\backend\\vendor\\laravel\\framework\\src\\Illuminate\\Foundation\\Http\\Middleware\\InvokeDeferredCallbacks.php(22): Illuminate\\Pipeline\\Pipeline->Illuminate\\Pipeline\\{closure}(Object(Illuminate\\Http\\Request))
#45 D:\\Smart Damage Assessment System\\backend\\vendor\\laravel\\framework\\src\\Illuminate\\Pipeline\\Pipeline.php(209): Illuminate\\Foundation\\Http\\Middleware\\InvokeDeferredCallbacks->handle(Object(Illuminate\\Http\\Request), Object(Closure))
#46 D:\\Smart Damage Assessment System\\backend\\vendor\\laravel\\framework\\src\\Illuminate\\Pipeline\\Pipeline.php(127): Illuminate\\Pipeline\\Pipeline->Illuminate\\Pipeline\\{closure}(Object(Illuminate\\Http\\Request))
#47 D:\\Smart Damage Assessment System\\backend\\vendor\\laravel\\framework\\src\\Illuminate\\Foundation\\Http\\Kernel.php(176): Illuminate\\Pipeline\\Pipeline->then(Object(Closure))
#48 D:\\Smart Damage Assessment System\\backend\\vendor\\laravel\\framework\\src\\Illuminate\\Foundation\\Http\\Kernel.php(145): Illuminate\\Foundation\\Http\\Kernel->sendRequestThroughRouter(Object(Illuminate\\Http\\Request))
#49 D:\\Smart Damage Assessment System\\backend\\public\\index.php(17): Illuminate\\Foundation\\Http\\Kernel->handle(Object(Illuminate\\Http\\Request))
#50 D:\\Smart Damage Assessment System\\backend\\vendor\\laravel\\framework\\src\\Illuminate\\Foundation\\resources\\server.php(23): require_once('D:\\\\Smart Damage...')
#51 {main}

[previous exception] [object] (PDOException(code: 2002): SQLSTATE[HY000] [2002] No connection could be made because the target machine actively refused it at D:\\Smart Damage Assessment System\\backend\\vendor\\laravel\\framework\\src\\Illuminate\\Database\\Connectors\\Connector.php:66)
[stacktrace]
#0 D:\\Smart Damage Assessment System\\backend\\vendor\\laravel\\framework\\src\\Illuminate\\Database\\Connectors\\Connector.php(66): PDO->__construct('mysql:host=127....', 'root', Object(SensitiveParameterValue), Array)
#1 D:\\Smart Damage Assessment System\\backend\\vendor\\laravel\\framework\\src\\Illuminate\\Database\\Connectors\\Connector.php(85): Illuminate\\Database\\Connectors\\Connector->createPdoConnection('mysql:host=127....', 'root', Object(SensitiveParameterValue), Array)
#2 D:\\Smart Damage Assessment System\\backend\\vendor\\laravel\\framework\\src\\Illuminate\\Database\\Connectors\\Connector.php(48): Illuminate\\Database\\Connectors\\Connector->tryAgainIfCausedByLostConnection(Object(PDOException), 'mysql:host=127....', 'root', Object(SensitiveParameterValue), Array)
#3 D:\\Smart Damage Assessment System\\backend\\vendor\\laravel\\framework\\src\\Illuminate\\Database\\Connectors\\MySqlConnector.php(24): Illuminate\\Database\\Connectors\\Connector->createConnection('mysql:host=127....', Array, Array)
#4 D:\\Smart Damage Assessment System\\backend\\vendor\\laravel\\framework\\src\\Illuminate\\Database\\Connectors\\ConnectionFactory.php(185): Illuminate\\Database\\Connectors\\MySqlConnector->connect(Array)
#5 [internal function]: Illuminate\\Database\\Connectors\\ConnectionFactory->Illuminate\\Database\\Connectors\\{closure}()
#6 D:\\Smart Damage Assessment System\\backend\\vendor\\laravel\\framework\\src\\Illuminate\\Database\\Connection.php(1231): call_user_func(Object(Closure))
#7 D:\\Smart Damage Assessment System\\backend\\vendor\\laravel\\framework\\src\\Illuminate\\Database\\Connection.php(1267): Illuminate\\Database\\Connection->getPdo()
#8 D:\\Smart Damage Assessment System\\backend\\vendor\\laravel\\framework\\src\\Illuminate\\Database\\Connection.php(512): Illuminate\\Database\\Connection->getReadPdo()
#9 D:\\Smart Damage Assessment System\\backend\\vendor\\laravel\\framework\\src\\Illuminate\\Database\\Connection.php(407): Illuminate\\Database\\Connection->getPdoForSelect(true)
#10 D:\\Smart Damage Assessment System\\backend\\vendor\\laravel\\framework\\src\\Illuminate\\Database\\Connection.php(812): Illuminate\\Database\\Connection->Illuminate\\Database\\{closure}('select * from `...', Array)
#11 D:\\Smart Damage Assessment System\\backend\\vendor\\laravel\\framework\\src\\Illuminate\\Database\\Connection.php(979): Illuminate\\Database\\Connection->runQueryCallback('select * from `...', Array, Object(Closure))
#12 D:\\Smart Damage Assessment System\\backend\\vendor\\laravel\\framework\\src\\Illuminate\\Database\\Connection.php(958): Illuminate\\Database\\Connection->tryAgainIfCausedByLostConnection(Object(Illuminate\\Database\\QueryException), 'select * from `...', Array, Object(Closure))
#13 D:\\Smart Damage Assessment System\\backend\\vendor\\laravel\\framework\\src\\Illuminate\\Database\\Connection.php(781): Illuminate\\Database\\Connection->handleQueryException(Object(Illuminate\\Database\\QueryException), 'select * from `...', Array, Object(Closure))
#14 D:\\Smart Damage Assessment System\\backend\\vendor\\laravel\\framework\\src\\Illuminate\\Database\\Connection.php(398): Illuminate\\Database\\Connection->run('select * from `...', Array, Object(Closure))
#15 D:\\Smart Damage Assessment System\\backend\\vendor\\laravel\\framework\\src\\Illuminate\\Database\\Query\\Builder.php(3106): Illuminate\\Database\\Connection->select('select * from `...', Array, true)
#16 D:\\Smart Damage Assessment System\\backend\\vendor\\laravel\\framework\\src\\Illuminate\\Database\\Query\\Builder.php(3091): Illuminate\\Database\\Query\\Builder->runSelect()
#17 D:\\Smart Damage Assessment System\\backend\\vendor\\laravel\\framework\\src\\Illuminate\\Database\\Query\\Builder.php(3676): Illuminate\\Database\\Query\\Builder->Illuminate\\Database\\Query\\{closure}()
#18 D:\\Smart Damage Assessment System\\backend\\vendor\\laravel\\framework\\src\\Illuminate\\Database\\Query\\Builder.php(3090): Illuminate\\Database\\Query\\Builder->onceWithColumns(Array, Object(Closure))
#19 D:\\Smart Damage Assessment System\\backend\\vendor\\laravel\\framework\\src\\Illuminate\\Database\\Eloquent\\Builder.php(811): Illuminate\\Database\\Query\\Builder->get(Array)
#20 D:\\Smart Damage Assessment System\\backend\\vendor\\laravel\\framework\\src\\Illuminate\\Database\\Eloquent\\Builder.php(793): Illuminate\\Database\\Eloquent\\Builder->getModels(Array)
#21 D:\\Smart Damage Assessment System\\backend\\vendor\\laravel\\framework\\src\\Illuminate\\Database\\Concerns\\BuildsQueries.php(343): Illuminate\\Database\\Eloquent\\Builder->get(Array)
#22 D:\\Smart Damage Assessment System\\backend\\vendor\\laravel\\framework\\src\\Illuminate\\Database\\Eloquent\\Builder.php(477): Illuminate\\Database\\Eloquent\\Builder->first(Array)
#23 D:\\Smart Damage Assessment System\\backend\\vendor\\laravel\\framework\\src\\Illuminate\\Support\\Traits\\ForwardsCalls.php(23): Illuminate\\Database\\Eloquent\\Builder->find('21')
#24 D:\\Smart Damage Assessment System\\backend\\vendor\\laravel\\framework\\src\\Illuminate\\Database\\Eloquent\\Model.php(2372): Illuminate\\Database\\Eloquent\\Model->forwardCallTo(Object(Illuminate\\Database\\Eloquent\\Builder), 'find', Array)
#25 D:\\Smart Damage Assessment System\\backend\\vendor\\laravel\\framework\\src\\Illuminate\\Database\\Eloquent\\Model.php(2384): Illuminate\\Database\\Eloquent\\Model->__call('find', Array)
#26 D:\\Smart Damage Assessment System\\backend\\vendor\\laravel\\sanctum\\src\\PersonalAccessToken.php(66): Illuminate\\Database\\Eloquent\\Model::__callStatic('find', Array)
#27 D:\\Smart Damage Assessment System\\backend\\vendor\\laravel\\sanctum\\src\\Guard.php(66): Laravel\\Sanctum\\PersonalAccessToken::findToken('f1EwESsgUJKiISt...')
#28 [internal function]: Laravel\\Sanctum\\Guard->__invoke(Object(Illuminate\\Http\\Request), NULL)
#29 D:\\Smart Damage Assessment System\\backend\\vendor\\laravel\\framework\\src\\Illuminate\\Auth\\RequestGuard.php(57): call_user_func(Object(Laravel\\Sanctum\\Guard), Object(Illuminate\\Http\\Request), NULL)
#30 D:\\Smart Damage Assessment System\\backend\\vendor\\laravel\\framework\\src\\Illuminate\\Auth\\GuardHelpers.php(56): Illuminate\\Auth\\RequestGuard->user()
#31 D:\\Smart Damage Assessment System\\backend\\vendor\\laravel\\framework\\src\\Illuminate\\Auth\\Middleware\\Authenticate.php(83): Illuminate\\Auth\\RequestGuard->check()
#32 D:\\Smart Damage Assessment System\\backend\\vendor\\laravel\\framework\\src\\Illuminate\\Auth\\Middleware\\Authenticate.php(62): Illuminate\\Auth\\Middleware\\Authenticate->authenticate(Object(Illuminate\\Http\\Request), Array)
#33 D:\\Smart Damage Assessment System\\backend\\vendor\\laravel\\framework\\src\\Illuminate\\Pipeline\\Pipeline.php(209): Illuminate\\Auth\\Middleware\\Authenticate->handle(Object(Illuminate\\Http\\Request), Object(Closure), 'sanctum')
#34 D:\\Smart Damage Assessment System\\backend\\vendor\\laravel\\framework\\src\\Illuminate\\Pipeline\\Pipeline.php(127): Illuminate\\Pipeline\\Pipeline->Illuminate\\Pipeline\\{closure}(Object(Illuminate\\Http\\Request))
#35 D:\\Smart Damage Assessment System\\backend\\vendor\\laravel\\framework\\src\\Illuminate\\Routing\\Router.php(807): Illuminate\\Pipeline\\Pipeline->then(Object(Closure))
#36 D:\\Smart Damage Assessment System\\backend\\vendor\\laravel\\framework\\src\\Illuminate\\Routing\\Router.php(786): Illuminate\\Routing\\Router->runRouteWithinStack(Object(Illuminate\\Routing\\Route), Object(Illuminate\\Http\\Request))
#37 D:\\Smart Damage Assessment System\\backend\\vendor\\laravel\\framework\\src\\Illuminate\\Routing\\Router.php(750): Illuminate\\Routing\\Router->runRoute(Object(Illuminate\\Http\\Request), Object(Illuminate\\Routing\\Route))
#38 D:\\Smart Damage Assessment System\\backend\\vendor\\laravel\\framework\\src\\Illuminate\\Routing\\Router.php(739): Illuminate\\Routing\\Router->dispatchToRoute(Object(Illuminate\\Http\\Request))
#39 D:\\Smart Damage Assessment System\\backend\\vendor\\laravel\\framework\\src\\Illuminate\\Foundation\\Http\\Kernel.php(201): Illuminate\\Routing\\Router->dispatch(Object(Illuminate\\Http\\Request))
#40 D:\\Smart Damage Assessment System\\backend\\vendor\\laravel\\framework\\src\\Illuminate\\Pipeline\\Pipeline.php(170): Illuminate\\Foundation\\Http\\Kernel->Illuminate\\Foundation\\Http\\{closure}(Object(Illuminate\\Http\\Request))
#41 D:\\Smart Damage Assessment System\\backend\\vendor\\laravel\\framework\\src\\Illuminate\\Foundation\\Http\\Middleware\\TransformsRequest.php(21): Illuminate\\Pipeline\\Pipeline->Illuminate\\Pipeline\\{closure}(Object(Illuminate\\Http\\Request))
#42 D:\\Smart Damage Assessment System\\backend\\vendor\\laravel\\framework\\src\\Illuminate\\Foundation\\Http\\Middleware\\ConvertEmptyStringsToNull.php(31): Illuminate\\Foundation\\Http\\Middleware\\TransformsRequest->handle(Object(Illuminate\\Http\\Request), Object(Closure))
#43 D:\\Smart Damage Assessment System\\backend\\vendor\\laravel\\framework\\src\\Illuminate\\Pipeline\\Pipeline.php(209): Illuminate\\Foundation\\Http\\Middleware\\ConvertEmptyStringsToNull->handle(Object(Illuminate\\Http\\Request), Object(Closure))
#44 D:\\Smart Damage Assessment System\\backend\\vendor\\laravel\\framework\\src\\Illuminate\\Foundation\\Http\\Middleware\\TransformsRequest.php(21): Illuminate\\Pipeline\\Pipeline->Illuminate\\Pipeline\\{closure}(Object(Illuminate\\Http\\Request))
#45 D:\\Smart Damage Assessment System\\backend\\vendor\\laravel\\framework\\src\\Illuminate\\Foundation\\Http\\Middleware\\TrimStrings.php(51): Illuminate\\Foundation\\Http\\Middleware\\TransformsRequest->handle(Object(Illuminate\\Http\\Request), Object(Closure))
#46 D:\\Smart Damage Assessment System\\backend\\vendor\\laravel\\framework\\src\\Illuminate\\Pipeline\\Pipeline.php(209): Illuminate\\Foundation\\Http\\Middleware\\TrimStrings->handle(Object(Illuminate\\Http\\Request), Object(Closure))
#47 D:\\Smart Damage Assessment System\\backend\\vendor\\laravel\\framework\\src\\Illuminate\\Http\\Middleware\\ValidatePostSize.php(27): Illuminate\\Pipeline\\Pipeline->Illuminate\\Pipeline\\{closure}(Object(Illuminate\\Http\\Request))
#48 D:\\Smart Damage Assessment System\\backend\\vendor\\laravel\\framework\\src\\Illuminate\\Pipeline\\Pipeline.php(209): Illuminate\\Http\\Middleware\\ValidatePostSize->handle(Object(Illuminate\\Http\\Request), Object(Closure))
#49 D:\\Smart Damage Assessment System\\backend\\vendor\\laravel\\framework\\src\\Illuminate\\Foundation\\Http\\Middleware\\PreventRequestsDuringMaintenance.php(110): Illuminate\\Pipeline\\Pipeline->Illuminate\\Pipeline\\{closure}(Object(Illuminate\\Http\\Request))
#50 D:\\Smart Damage Assessment System\\backend\\vendor\\laravel\\framework\\src\\Illuminate\\Pipeline\\Pipeline.php(209): Illuminate\\Foundation\\Http\\Middleware\\PreventRequestsDuringMaintenance->handle(Object(Illuminate\\Http\\Request), Object(Closure))
#51 D:\\Smart Damage Assessment System\\backend\\vendor\\laravel\\framework\\src\\Illuminate\\Http\\Middleware\\HandleCors.php(62): Illuminate\\Pipeline\\Pipeline->Illuminate\\Pipeline\\{closure}(Object(Illuminate\\Http\\Request))
#52 D:\\Smart Damage Assessment System\\backend\\vendor\\laravel\\framework\\src\\Illuminate\\Pipeline\\Pipeline.php(209): Illuminate\\Http\\Middleware\\HandleCors->handle(Object(Illuminate\\Http\\Request), Object(Closure))
#53 D:\\Smart Damage Assessment System\\backend\\vendor\\laravel\\framework\\src\\Illuminate\\Http\\Middleware\\TrustProxies.php(58): Illuminate\\Pipeline\\Pipeline->Illuminate\\Pipeline\\{closure}(Object(Illuminate\\Http\\Request))
#54 D:\\Smart Damage Assessment System\\backend\\vendor\\laravel\\framework\\src\\Illuminate\\Pipeline\\Pipeline.php(209): Illuminate\\Http\\Middleware\\TrustProxies->handle(Object(Illuminate\\Http\\Request), Object(Closure))
#55 D:\\Smart Damage Assessment System\\backend\\vendor\\laravel\\framework\\src\\Illuminate\\Foundation\\Http\\Middleware\\InvokeDeferredCallbacks.php(22): Illuminate\\Pipeline\\Pipeline->Illuminate\\Pipeline\\{closure}(Object(Illuminate\\Http\\Request))
#56 D:\\Smart Damage Assessment System\\backend\\vendor\\laravel\\framework\\src\\Illuminate\\Pipeline\\Pipeline.php(209): Illuminate\\Foundation\\Http\\Middleware\\InvokeDeferredCallbacks->handle(Object(Illuminate\\Http\\Request), Object(Closure))
#57 D:\\Smart Damage Assessment System\\backend\\vendor\\laravel\\framework\\src\\Illuminate\\Pipeline\\Pipeline.php(127): Illuminate\\Pipeline\\Pipeline->Illuminate\\Pipeline\\{closure}(Object(Illuminate\\Http\\Request))
#58 D:\\Smart Damage Assessment System\\backend\\vendor\\laravel\\framework\\src\\Illuminate\\Foundation\\Http\\Kernel.php(176): Illuminate\\Pipeline\\Pipeline->then(Object(Closure))
#59 D:\\Smart Damage Assessment System\\backend\\vendor\\laravel\\framework\\src\\Illuminate\\Foundation\\Http\\Kernel.php(145): Illuminate\\Foundation\\Http\\Kernel->sendRequestThroughRouter(Object(Illuminate\\Http\\Request))
#60 D:\\Smart Damage Assessment System\\backend\\public\\index.php(17): Illuminate\\Foundation\\Http\\Kernel->handle(Object(Illuminate\\Http\\Request))
#61 D:\\Smart Damage Assessment System\\backend\\vendor\\laravel\\framework\\src\\Illuminate\\Foundation\\resources\\server.php(23): require_once('D:\\\\Smart Damage...')
#62 {main}
"} 
[2026-01-27 13:00:35] local.ERROR: SQLSTATE[HY000] [2002] No connection could be made because the target machine actively refused it (Connection: mysql, SQL: select * from `personal_access_tokens` where `personal_access_tokens`.`id` = 21 limit 1) {"exception":"[object] (Illuminate\\Database\\QueryException(code: 2002): SQLSTATE[HY000] [2002] No connection could be made because the target machine actively refused it (Connection: mysql, SQL: select * from `personal_access_tokens` where `personal_access_tokens`.`id` = 21 limit 1) at D:\\Smart Damage Assessment System\\backend\\vendor\\laravel\\framework\\src\\Illuminate\\Database\\Connection.php:825)
[stacktrace]
#0 D:\\Smart Damage Assessment System\\backend\\vendor\\laravel\\framework\\src\\Illuminate\\Database\\Connection.php(979): Illuminate\\Database\\Connection->runQueryCallback('select * from `...', Array, Object(Closure))
#1 D:\\Smart Damage Assessment System\\backend\\vendor\\laravel\\framework\\src\\Illuminate\\Database\\Connection.php(958): Illuminate\\Database\\Connection->tryAgainIfCausedByLostConnection(Object(Illuminate\\Database\\QueryException), 'select * from `...', Array, Object(Closure))
#2 D:\\Smart Damage Assessment System\\backend\\vendor\\laravel\\framework\\src\\Illuminate\\Database\\Connection.php(781): Illuminate\\Database\\Connection->handleQueryException(Object(Illuminate\\Database\\QueryException), 'select * from `...', Array, Object(Closure))
#3 D:\\Smart Damage Assessment System\\backend\\vendor\\laravel\\framework\\src\\Illuminate\\Database\\Connection.php(398): Illuminate\\Database\\Connection->run('select * from `...', Array, Object(Closure))
#4 D:\\Smart Damage Assessment System\\backend\\vendor\\laravel\\framework\\src\\Illuminate\\Database\\Query\\Builder.php(3106): Illuminate\\Database\\Connection->select('select * from `...', Array, true)
#5 D:\\Smart Damage Assessment System\\backend\\vendor\\laravel\\framework\\src\\Illuminate\\Database\\Query\\Builder.php(3091): Illuminate\\Database\\Query\\Builder->runSelect()
#6 D:\\Smart Damage Assessment System\\backend\\vendor\\laravel\\framework\\src\\Illuminate\\Database\\Query\\Builder.php(3676): Illuminate\\Database\\Query\\Builder->Illuminate\\Database\\Query\\{closure}()
#7 D:\\Smart Damage Assessment System\\backend\\vendor\\laravel\\framework\\src\\Illuminate\\Database\\Query\\Builder.php(3090): Illuminate\\Database\\Query\\Builder->onceWithColumns(Array, Object(Closure))
#8 D:\\Smart Damage Assessment System\\backend\\vendor\\laravel\\framework\\src\\Illuminate\\Database\\Eloquent\\Builder.php(811): Illuminate\\Database\\Query\\Builder->get(Array)
#9 D:\\Smart Damage Assessment System\\backend\\vendor\\laravel\\framework\\src\\Illuminate\\Database\\Eloquent\\Builder.php(793): Illuminate\\Database\\Eloquent\\Builder->getModels(Array)
#10 D:\\Smart Damage Assessment System\\backend\\vendor\\laravel\\framework\\src\\Illuminate\\Database\\Concerns\\BuildsQueries.php(343): Illuminate\\Database\\Eloquent\\Builder->get(Array)
#11 D:\\Smart Damage Assessment System\\backend\\vendor\\laravel\\framework\\src\\Illuminate\\Database\\Eloquent\\Builder.php(477): Illuminate\\Database\\Eloquent\\Builder->first(Array)
#12 D:\\Smart Damage Assessment System\\backend\\vendor\\laravel\\framework\\src\\Illuminate\\Support\\Traits\\ForwardsCalls.php(23): Illuminate\\Database\\Eloquent\\Builder->find('21')
#13 D:\\Smart Damage Assessment System\\backend\\vendor\\laravel\\framework\\src\\Illuminate\\Database\\Eloquent\\Model.php(2372): Illuminate\\Database\\Eloquent\\Model->forwardCallTo(Object(Illuminate\\Database\\Eloquent\\Builder), 'find', Array)
#14 D:\\Smart Damage Assessment System\\backend\\vendor\\laravel\\framework\\src\\Illuminate\\Database\\Eloquent\\Model.php(2384): Illuminate\\Database\\Eloquent\\Model->__call('find', Array)
#15 D:\\Smart Damage Assessment System\\backend\\vendor\\laravel\\sanctum\\src\\PersonalAccessToken.php(66): Illuminate\\Database\\Eloquent\\Model::__callStatic('find', Array)
#16 D:\\Smart Damage Assessment System\\backend\\vendor\\laravel\\sanctum\\src\\Guard.php(66): Laravel\\Sanctum\\PersonalAccessToken::findToken('f1EwESsgUJKiISt...')
#17 [internal function]: Laravel\\Sanctum\\Guard->__invoke(Object(Illuminate\\Http\\Request), NULL)
#18 D:\\Smart Damage Assessment System\\backend\\vendor\\laravel\\framework\\src\\Illuminate\\Auth\\RequestGuard.php(57): call_user_func(Object(Laravel\\Sanctum\\Guard), Object(Illuminate\\Http\\Request), NULL)
#19 D:\\Smart Damage Assessment System\\backend\\vendor\\laravel\\framework\\src\\Illuminate\\Auth\\GuardHelpers.php(56): Illuminate\\Auth\\RequestGuard->user()
#20 D:\\Smart Damage Assessment System\\backend\\vendor\\laravel\\framework\\src\\Illuminate\\Auth\\Middleware\\Authenticate.php(83): Illuminate\\Auth\\RequestGuard->check()
#21 D:\\Smart Damage Assessment System\\backend\\vendor\\laravel\\framework\\src\\Illuminate\\Auth\\Middleware\\Authenticate.php(62): Illuminate\\Auth\\Middleware\\Authenticate->authenticate(Object(Illuminate\\Http\\Request), Array)
#22 D:\\Smart Damage Assessment System\\backend\\vendor\\laravel\\framework\\src\\Illuminate\\Pipeline\\Pipeline.php(209): Illuminate\\Auth\\Middleware\\Authenticate->handle(Object(Illuminate\\Http\\Request), Object(Closure), 'sanctum')
#23 D:\\Smart Damage Assessment System\\backend\\vendor\\laravel\\framework\\src\\Illuminate\\Pipeline\\Pipeline.php(127): Illuminate\\Pipeline\\Pipeline->Illuminate\\Pipeline\\{closure}(Object(Illuminate\\Http\\Request))
#24 D:\\Smart Damage Assessment System\\backend\\vendor\\laravel\\framework\\src\\Illuminate\\Routing\\Router.php(807): Illuminate\\Pipeline\\Pipeline->then(Object(Closure))
#25 D:\\Smart Damage Assessment System\\backend\\vendor\\laravel\\framework\\src\\Illuminate\\Routing\\Router.php(786): Illuminate\\Routing\\Router->runRouteWithinStack(Object(Illuminate\\Routing\\Route), Object(Illuminate\\Http\\Request))
#26 D:\\Smart Damage Assessment System\\backend\\vendor\\laravel\\framework\\src\\Illuminate\\Routing\\Router.php(750): Illuminate\\Routing\\Router->runRoute(Object(Illuminate\\Http\\Request), Object(Illuminate\\Routing\\Route))
#27 D:\\Smart Damage Assessment System\\backend\\vendor\\laravel\\framework\\src\\Illuminate\\Routing\\Router.php(739): Illuminate\\Routing\\Router->dispatchToRoute(Object(Illuminate\\Http\\Request))
#28 D:\\Smart Damage Assessment System\\backend\\vendor\\laravel\\framework\\src\\Illuminate\\Foundation\\Http\\Kernel.php(201): Illuminate\\Routing\\Router->dispatch(Object(Illuminate\\Http\\Request))
#29 D:\\Smart Damage Assessment System\\backend\\vendor\\laravel\\framework\\src\\Illuminate\\Pipeline\\Pipeline.php(170): Illuminate\\Foundation\\Http\\Kernel->Illuminate\\Foundation\\Http\\{closure}(Object(Illuminate\\Http\\Request))
#30 D:\\Smart Damage Assessment System\\backend\\vendor\\laravel\\framework\\src\\Illuminate\\Foundation\\Http\\Middleware\\TransformsRequest.php(21): Illuminate\\Pipeline\\Pipeline->Illuminate\\Pipeline\\{closure}(Object(Illuminate\\Http\\Request))
#31 D:\\Smart Damage Assessment System\\backend\\vendor\\laravel\\framework\\src\\Illuminate\\Foundation\\Http\\Middleware\\ConvertEmptyStringsToNull.php(31): Illuminate\\Foundation\\Http\\Middleware\\TransformsRequest->handle(Object(Illuminate\\Http\\Request), Object(Closure))
#32 D:\\Smart Damage Assessment System\\backend\\vendor\\laravel\\framework\\src\\Illuminate\\Pipeline\\Pipeline.php(209): Illuminate\\Foundation\\Http\\Middleware\\ConvertEmptyStringsToNull->handle(Object(Illuminate\\Http\\Request), Object(Closure))
#33 D:\\Smart Damage Assessment System\\backend\\vendor\\laravel\\framework\\src\\Illuminate\\Foundation\\Http\\Middleware\\TransformsRequest.php(21): Illuminate\\Pipeline\\Pipeline->Illuminate\\Pipeline\\{closure}(Object(Illuminate\\Http\\Request))
#34 D:\\Smart Damage Assessment System\\backend\\vendor\\laravel\\framework\\src\\Illuminate\\Foundation\\Http\\Middleware\\TrimStrings.php(51): Illuminate\\Foundation\\Http\\Middleware\\TransformsRequest->handle(Object(Illuminate\\Http\\Request), Object(Closure))
#35 D:\\Smart Damage Assessment System\\backend\\vendor\\laravel\\framework\\src\\Illuminate\\Pipeline\\Pipeline.php(209): Illuminate\\Foundation\\Http\\Middleware\\TrimStrings->handle(Object(Illuminate\\Http\\Request), Object(Closure))
#36 D:\\Smart Damage Assessment System\\backend\\vendor\\laravel\\framework\\src\\Illuminate\\Http\\Middleware\\ValidatePostSize.php(27): Illuminate\\Pipeline\\Pipeline->Illuminate\\Pipeline\\{closure}(Object(Illuminate\\Http\\Request))
#37 D:\\Smart Damage Assessment System\\backend\\vendor\\laravel\\framework\\src\\Illuminate\\Pipeline\\Pipeline.php(209): Illuminate\\Http\\Middleware\\ValidatePostSize->handle(Object(Illuminate\\Http\\Request), Object(Closure))
#38 D:\\Smart Damage Assessment System\\backend\\vendor\\laravel\\framework\\src\\Illuminate\\Foundation\\Http\\Middleware\\PreventRequestsDuringMaintenance.php(110): Illuminate\\Pipeline\\Pipeline->Illuminate\\Pipeline\\{closure}(Object(Illuminate\\Http\\Request))
#39 D:\\Smart Damage Assessment System\\backend\\vendor\\laravel\\framework\\src\\Illuminate\\Pipeline\\Pipeline.php(209): Illuminate\\Foundation\\Http\\Middleware\\PreventRequestsDuringMaintenance->handle(Object(Illuminate\\Http\\Request), Object(Closure))
#40 D:\\Smart Damage Assessment System\\backend\\vendor\\laravel\\framework\\src\\Illuminate\\Http\\Middleware\\HandleCors.php(62): Illuminate\\Pipeline\\Pipeline->Illuminate\\Pipeline\\{closure}(Object(Illuminate\\Http\\Request))
#41 D:\\Smart Damage Assessment System\\backend\\vendor\\laravel\\framework\\src\\Illuminate\\Pipeline\\Pipeline.php(209): Illuminate\\Http\\Middleware\\HandleCors->handle(Object(Illuminate\\Http\\Request), Object(Closure))
#42 D:\\Smart Damage Assessment System\\backend\\vendor\\laravel\\framework\\src\\Illuminate\\Http\\Middleware\\TrustProxies.php(58): Illuminate\\Pipeline\\Pipeline->Illuminate\\Pipeline\\{closure}(Object(Illuminate\\Http\\Request))
#43 D:\\Smart Damage Assessment System\\backend\\vendor\\laravel\\framework\\src\\Illuminate\\Pipeline\\Pipeline.php(209): Illuminate\\Http\\Middleware\\TrustProxies->handle(Object(Illuminate\\Http\\Request), Object(Closure))
#44 D:\\Smart Damage Assessment System\\backend\\vendor\\laravel\\framework\\src\\Illuminate\\Foundation\\Http\\Middleware\\InvokeDeferredCallbacks.php(22): Illuminate\\Pipeline\\Pipeline->Illuminate\\Pipeline\\{closure}(Object(Illuminate\\Http\\Request))
#45 D:\\Smart Damage Assessment System\\backend\\vendor\\laravel\\framework\\src\\Illuminate\\Pipeline\\Pipeline.php(209): Illuminate\\Foundation\\Http\\Middleware\\InvokeDeferredCallbacks->handle(Object(Illuminate\\Http\\Request), Object(Closure))
#46 D:\\Smart Damage Assessment System\\backend\\vendor\\laravel\\framework\\src\\Illuminate\\Pipeline\\Pipeline.php(127): Illuminate\\Pipeline\\Pipeline->Illuminate\\Pipeline\\{closure}(Object(Illuminate\\Http\\Request))
#47 D:\\Smart Damage Assessment System\\backend\\vendor\\laravel\\framework\\src\\Illuminate\\Foundation\\Http\\Kernel.php(176): Illuminate\\Pipeline\\Pipeline->then(Object(Closure))
#48 D:\\Smart Damage Assessment System\\backend\\vendor\\laravel\\framework\\src\\Illuminate\\Foundation\\Http\\Kernel.php(145): Illuminate\\Foundation\\Http\\Kernel->sendRequestThroughRouter(Object(Illuminate\\Http\\Request))
#49 D:\\Smart Damage Assessment System\\backend\\public\\index.php(17): Illuminate\\Foundation\\Http\\Kernel->handle(Object(Illuminate\\Http\\Request))
#50 D:\\Smart Damage Assessment System\\backend\\vendor\\laravel\\framework\\src\\Illuminate\\Foundation\\resources\\server.php(23): require_once('D:\\\\Smart Damage...')
#51 {main}

[previous exception] [object] (PDOException(code: 2002): SQLSTATE[HY000] [2002] No connection could be made because the target machine actively refused it at D:\\Smart Damage Assessment System\\backend\\vendor\\laravel\\framework\\src\\Illuminate\\Database\\Connectors\\Connector.php:66)
[stacktrace]
#0 D:\\Smart Damage Assessment System\\backend\\vendor\\laravel\\framework\\src\\Illuminate\\Database\\Connectors\\Connector.php(66): PDO->__construct('mysql:host=127....', 'root', Object(SensitiveParameterValue), Array)
#1 D:\\Smart Damage Assessment System\\backend\\vendor\\laravel\\framework\\src\\Illuminate\\Database\\Connectors\\Connector.php(85): Illuminate\\Database\\Connectors\\Connector->createPdoConnection('mysql:host=127....', 'root', Object(SensitiveParameterValue), Array)
#2 D:\\Smart Damage Assessment System\\backend\\vendor\\laravel\\framework\\src\\Illuminate\\Database\\Connectors\\Connector.php(48): Illuminate\\Database\\Connectors\\Connector->tryAgainIfCausedByLostConnection(Object(PDOException), 'mysql:host=127....', 'root', Object(SensitiveParameterValue), Array)
#3 D:\\Smart Damage Assessment System\\backend\\vendor\\laravel\\framework\\src\\Illuminate\\Database\\Connectors\\MySqlConnector.php(24): Illuminate\\Database\\Connectors\\Connector->createConnection('mysql:host=127....', Array, Array)
#4 D:\\Smart Damage Assessment System\\backend\\vendor\\laravel\\framework\\src\\Illuminate\\Database\\Connectors\\ConnectionFactory.php(185): Illuminate\\Database\\Connectors\\MySqlConnector->connect(Array)
#5 [internal function]: Illuminate\\Database\\Connectors\\ConnectionFactory->Illuminate\\Database\\Connectors\\{closure}()
#6 D:\\Smart Damage Assessment System\\backend\\vendor\\laravel\\framework\\src\\Illuminate\\Database\\Connection.php(1231): call_user_func(Object(Closure))
#7 D:\\Smart Damage Assessment System\\backend\\vendor\\laravel\\framework\\src\\Illuminate\\Database\\Connection.php(1267): Illuminate\\Database\\Connection->getPdo()
#8 D:\\Smart Damage Assessment System\\backend\\vendor\\laravel\\framework\\src\\Illuminate\\Database\\Connection.php(512): Illuminate\\Database\\Connection->getReadPdo()
#9 D:\\Smart Damage Assessment System\\backend\\vendor\\laravel\\framework\\src\\Illuminate\\Database\\Connection.php(407): Illuminate\\Database\\Connection->getPdoForSelect(true)
#10 D:\\Smart Damage Assessment System\\backend\\vendor\\laravel\\framework\\src\\Illuminate\\Database\\Connection.php(812): Illuminate\\Database\\Connection->Illuminate\\Database\\{closure}('select * from `...', Array)
#11 D:\\Smart Damage Assessment System\\backend\\vendor\\laravel\\framework\\src\\Illuminate\\Database\\Connection.php(979): Illuminate\\Database\\Connection->runQueryCallback('select * from `...', Array, Object(Closure))
#12 D:\\Smart Damage Assessment System\\backend\\vendor\\laravel\\framework\\src\\Illuminate\\Database\\Connection.php(958): Illuminate\\Database\\Connection->tryAgainIfCausedByLostConnection(Object(Illuminate\\Database\\QueryException), 'select * from `...', Array, Object(Closure))
#13 D:\\Smart Damage Assessment System\\backend\\vendor\\laravel\\framework\\src\\Illuminate\\Database\\Connection.php(781): Illuminate\\Database\\Connection->handleQueryException(Object(Illuminate\\Database\\QueryException), 'select * from `...', Array, Object(Closure))
#14 D:\\Smart Damage Assessment System\\backend\\vendor\\laravel\\framework\\src\\Illuminate\\Database\\Connection.php(398): Illuminate\\Database\\Connection->run('select * from `...', Array, Object(Closure))
#15 D:\\Smart Damage Assessment System\\backend\\vendor\\laravel\\framework\\src\\Illuminate\\Database\\Query\\Builder.php(3106): Illuminate\\Database\\Connection->select('select * from `...', Array, true)
#16 D:\\Smart Damage Assessment System\\backend\\vendor\\laravel\\framework\\src\\Illuminate\\Database\\Query\\Builder.php(3091): Illuminate\\Database\\Query\\Builder->runSelect()
#17 D:\\Smart Damage Assessment System\\backend\\vendor\\laravel\\framework\\src\\Illuminate\\Database\\Query\\Builder.php(3676): Illuminate\\Database\\Query\\Builder->Illuminate\\Database\\Query\\{closure}()
#18 D:\\Smart Damage Assessment System\\backend\\vendor\\laravel\\framework\\src\\Illuminate\\Database\\Query\\Builder.php(3090): Illuminate\\Database\\Query\\Builder->onceWithColumns(Array, Object(Closure))
#19 D:\\Smart Damage Assessment System\\backend\\vendor\\laravel\\framework\\src\\Illuminate\\Database\\Eloquent\\Builder.php(811): Illuminate\\Database\\Query\\Builder->get(Array)
#20 D:\\Smart Damage Assessment System\\backend\\vendor\\laravel\\framework\\src\\Illuminate\\Database\\Eloquent\\Builder.php(793): Illuminate\\Database\\Eloquent\\Builder->getModels(Array)
#21 D:\\Smart Damage Assessment System\\backend\\vendor\\laravel\\framework\\src\\Illuminate\\Database\\Concerns\\BuildsQueries.php(343): Illuminate\\Database\\Eloquent\\Builder->get(Array)
#22 D:\\Smart Damage Assessment System\\backend\\vendor\\laravel\\framework\\src\\Illuminate\\Database\\Eloquent\\Builder.php(477): Illuminate\\Database\\Eloquent\\Builder->first(Array)
#23 D:\\Smart Damage Assessment System\\backend\\vendor\\laravel\\framework\\src\\Illuminate\\Support\\Traits\\ForwardsCalls.php(23): Illuminate\\Database\\Eloquent\\Builder->find('21')
#24 D:\\Smart Damage Assessment System\\backend\\vendor\\laravel\\framework\\src\\Illuminate\\Database\\Eloquent\\Model.php(2372): Illuminate\\Database\\Eloquent\\Model->forwardCallTo(Object(Illuminate\\Database\\Eloquent\\Builder), 'find', Array)
#25 D:\\Smart Damage Assessment System\\backend\\vendor\\laravel\\framework\\src\\Illuminate\\Database\\Eloquent\\Model.php(2384): Illuminate\\Database\\Eloquent\\Model->__call('find', Array)
#26 D:\\Smart Damage Assessment System\\backend\\vendor\\laravel\\sanctum\\src\\PersonalAccessToken.php(66): Illuminate\\Database\\Eloquent\\Model::__callStatic('find', Array)
#27 D:\\Smart Damage Assessment System\\backend\\vendor\\laravel\\sanctum\\src\\Guard.php(66): Laravel\\Sanctum\\PersonalAccessToken::findToken('f1EwESsgUJKiISt...')
#28 [internal function]: Laravel\\Sanctum\\Guard->__invoke(Object(Illuminate\\Http\\Request), NULL)
#29 D:\\Smart Damage Assessment System\\backend\\vendor\\laravel\\framework\\src\\Illuminate\\Auth\\RequestGuard.php(57): call_user_func(Object(Laravel\\Sanctum\\Guard), Object(Illuminate\\Http\\Request), NULL)
#30 D:\\Smart Damage Assessment System\\backend\\vendor\\laravel\\framework\\src\\Illuminate\\Auth\\GuardHelpers.php(56): Illuminate\\Auth\\RequestGuard->user()
#31 D:\\Smart Damage Assessment System\\backend\\vendor\\laravel\\framework\\src\\Illuminate\\Auth\\Middleware\\Authenticate.php(83): Illuminate\\Auth\\RequestGuard->check()
#32 D:\\Smart Damage Assessment System\\backend\\vendor\\laravel\\framework\\src\\Illuminate\\Auth\\Middleware\\Authenticate.php(62): Illuminate\\Auth\\Middleware\\Authenticate->authenticate(Object(Illuminate\\Http\\Request), Array)
#33 D:\\Smart Damage Assessment System\\backend\\vendor\\laravel\\framework\\src\\Illuminate\\Pipeline\\Pipeline.php(209): Illuminate\\Auth\\Middleware\\Authenticate->handle(Object(Illuminate\\Http\\Request), Object(Closure), 'sanctum')
#34 D:\\Smart Damage Assessment System\\backend\\vendor\\laravel\\framework\\src\\Illuminate\\Pipeline\\Pipeline.php(127): Illuminate\\Pipeline\\Pipeline->Illuminate\\Pipeline\\{closure}(Object(Illuminate\\Http\\Request))
#35 D:\\Smart Damage Assessment System\\backend\\vendor\\laravel\\framework\\src\\Illuminate\\Routing\\Router.php(807): Illuminate\\Pipeline\\Pipeline->then(Object(Closure))
#36 D:\\Smart Damage Assessment System\\backend\\vendor\\laravel\\framework\\src\\Illuminate\\Routing\\Router.php(786): Illuminate\\Routing\\Router->runRouteWithinStack(Object(Illuminate\\Routing\\Route), Object(Illuminate\\Http\\Request))
#37 D:\\Smart Damage Assessment System\\backend\\vendor\\laravel\\framework\\src\\Illuminate\\Routing\\Router.php(750): Illuminate\\Routing\\Router->runRoute(Object(Illuminate\\Http\\Request), Object(Illuminate\\Routing\\Route))
#38 D:\\Smart Damage Assessment System\\backend\\vendor\\laravel\\framework\\src\\Illuminate\\Routing\\Router.php(739): Illuminate\\Routing\\Router->dispatchToRoute(Object(Illuminate\\Http\\Request))
#39 D:\\Smart Damage Assessment System\\backend\\vendor\\laravel\\framework\\src\\Illuminate\\Foundation\\Http\\Kernel.php(201): Illuminate\\Routing\\Router->dispatch(Object(Illuminate\\Http\\Request))
#40 D:\\Smart Damage Assessment System\\backend\\vendor\\laravel\\framework\\src\\Illuminate\\Pipeline\\Pipeline.php(170): Illuminate\\Foundation\\Http\\Kernel->Illuminate\\Foundation\\Http\\{closure}(Object(Illuminate\\Http\\Request))
#41 D:\\Smart Damage Assessment System\\backend\\vendor\\laravel\\framework\\src\\Illuminate\\Foundation\\Http\\Middleware\\TransformsRequest.php(21): Illuminate\\Pipeline\\Pipeline->Illuminate\\Pipeline\\{closure}(Object(Illuminate\\Http\\Request))
#42 D:\\Smart Damage Assessment System\\backend\\vendor\\laravel\\framework\\src\\Illuminate\\Foundation\\Http\\Middleware\\ConvertEmptyStringsToNull.php(31): Illuminate\\Foundation\\Http\\Middleware\\TransformsRequest->handle(Object(Illuminate\\Http\\Request), Object(Closure))
#43 D:\\Smart Damage Assessment System\\backend\\vendor\\laravel\\framework\\src\\Illuminate\\Pipeline\\Pipeline.php(209): Illuminate\\Foundation\\Http\\Middleware\\ConvertEmptyStringsToNull->handle(Object(Illuminate\\Http\\Request), Object(Closure))
#44 D:\\Smart Damage Assessment System\\backend\\vendor\\laravel\\framework\\src\\Illuminate\\Foundation\\Http\\Middleware\\TransformsRequest.php(21): Illuminate\\Pipeline\\Pipeline->Illuminate\\Pipeline\\{closure}(Object(Illuminate\\Http\\Request))
#45 D:\\Smart Damage Assessment System\\backend\\vendor\\laravel\\framework\\src\\Illuminate\\Foundation\\Http\\Middleware\\TrimStrings.php(51): Illuminate\\Foundation\\Http\\Middleware\\TransformsRequest->handle(Object(Illuminate\\Http\\Request), Object(Closure))
#46 D:\\Smart Damage Assessment System\\backend\\vendor\\laravel\\framework\\src\\Illuminate\\Pipeline\\Pipeline.php(209): Illuminate\\Foundation\\Http\\Middleware\\TrimStrings->handle(Object(Illuminate\\Http\\Request), Object(Closure))
#47 D:\\Smart Damage Assessment System\\backend\\vendor\\laravel\\framework\\src\\Illuminate\\Http\\Middleware\\ValidatePostSize.php(27): Illuminate\\Pipeline\\Pipeline->Illuminate\\Pipeline\\{closure}(Object(Illuminate\\Http\\Request))
#48 D:\\Smart Damage Assessment System\\backend\\vendor\\laravel\\framework\\src\\Illuminate\\Pipeline\\Pipeline.php(209): Illuminate\\Http\\Middleware\\ValidatePostSize->handle(Object(Illuminate\\Http\\Request), Object(Closure))
#49 D:\\Smart Damage Assessment System\\backend\\vendor\\laravel\\framework\\src\\Illuminate\\Foundation\\Http\\Middleware\\PreventRequestsDuringMaintenance.php(110): Illuminate\\Pipeline\\Pipeline->Illuminate\\Pipeline\\{closure}(Object(Illuminate\\Http\\Request))
#50 D:\\Smart Damage Assessment System\\backend\\vendor\\laravel\\framework\\src\\Illuminate\\Pipeline\\Pipeline.php(209): Illuminate\\Foundation\\Http\\Middleware\\PreventRequestsDuringMaintenance->handle(Object(Illuminate\\Http\\Request), Object(Closure))
#51 D:\\Smart Damage Assessment System\\backend\\vendor\\laravel\\framework\\src\\Illuminate\\Http\\Middleware\\HandleCors.php(62): Illuminate\\Pipeline\\Pipeline->Illuminate\\Pipeline\\{closure}(Object(Illuminate\\Http\\Request))
#52 D:\\Smart Damage Assessment System\\backend\\vendor\\laravel\\framework\\src\\Illuminate\\Pipeline\\Pipeline.php(209): Illuminate\\Http\\Middleware\\HandleCors->handle(Object(Illuminate\\Http\\Request), Object(Closure))
#53 D:\\Smart Damage Assessment System\\backend\\vendor\\laravel\\framework\\src\\Illuminate\\Http\\Middleware\\TrustProxies.php(58): Illuminate\\Pipeline\\Pipeline->Illuminate\\Pipeline\\{closure}(Object(Illuminate\\Http\\Request))
#54 D:\\Smart Damage Assessment System\\backend\\vendor\\laravel\\framework\\src\\Illuminate\\Pipeline\\Pipeline.php(209): Illuminate\\Http\\Middleware\\TrustProxies->handle(Object(Illuminate\\Http\\Request), Object(Closure))
#55 D:\\Smart Damage Assessment System\\backend\\vendor\\laravel\\framework\\src\\Illuminate\\Foundation\\Http\\Middleware\\InvokeDeferredCallbacks.php(22): Illuminate\\Pipeline\\Pipeline->Illuminate\\Pipeline\\{closure}(Object(Illuminate\\Http\\Request))
#56 D:\\Smart Damage Assessment System\\backend\\vendor\\laravel\\framework\\src\\Illuminate\\Pipeline\\Pipeline.php(209): Illuminate\\Foundation\\Http\\Middleware\\InvokeDeferredCallbacks->handle(Object(Illuminate\\Http\\Request), Object(Closure))
#57 D:\\Smart Damage Assessment System\\backend\\vendor\\laravel\\framework\\src\\Illuminate\\Pipeline\\Pipeline.php(127): Illuminate\\Pipeline\\Pipeline->Illuminate\\Pipeline\\{closure}(Object(Illuminate\\Http\\Request))
#58 D:\\Smart Damage Assessment System\\backend\\vendor\\laravel\\framework\\src\\Illuminate\\Foundation\\Http\\Kernel.php(176): Illuminate\\Pipeline\\Pipeline->then(Object(Closure))
#59 D:\\Smart Damage Assessment System\\backend\\vendor\\laravel\\framework\\src\\Illuminate\\Foundation\\Http\\Kernel.php(145): Illuminate\\Foundation\\Http\\Kernel->sendRequestThroughRouter(Object(Illuminate\\Http\\Request))
#60 D:\\Smart Damage Assessment System\\backend\\public\\index.php(17): Illuminate\\Foundation\\Http\\Kernel->handle(Object(Illuminate\\Http\\Request))
#61 D:\\Smart Damage Assessment System\\backend\\vendor\\laravel\\framework\\src\\Illuminate\\Foundation\\resources\\server.php(23): require_once('D:\\\\Smart Damage...')
#62 {main}
"} 
[2026-01-27 13:00:53] local.ERROR: SQLSTATE[HY000] [2002] No connection could be made because the target machine actively refused it (Connection: mysql, SQL: select * from `users` where `email` = devjana20044@gmail.com limit 1) {"exception":"[object] (Illuminate\\Database\\QueryException(code: 2002): SQLSTATE[HY000] [2002] No connection could be made because the target machine actively refused it (Connection: mysql, SQL: select * from `users` where `email` = devjana20044@gmail.com limit 1) at D:\\Smart Damage Assessment System\\backend\\vendor\\laravel\\framework\\src\\Illuminate\\Database\\Connection.php:825)
[stacktrace]
#0 D:\\Smart Damage Assessment System\\backend\\vendor\\laravel\\framework\\src\\Illuminate\\Database\\Connection.php(979): Illuminate\\Database\\Connection->runQueryCallback('select * from `...', Array, Object(Closure))
#1 D:\\Smart Damage Assessment System\\backend\\vendor\\laravel\\framework\\src\\Illuminate\\Database\\Connection.php(958): Illuminate\\Database\\Connection->tryAgainIfCausedByLostConnection(Object(Illuminate\\Database\\QueryException), 'select * from `...', Array, Object(Closure))
#2 D:\\Smart Damage Assessment System\\backend\\vendor\\laravel\\framework\\src\\Illuminate\\Database\\Connection.php(781): Illuminate\\Database\\Connection->handleQueryException(Object(Illuminate\\Database\\QueryException), 'select * from `...', Array, Object(Closure))
#3 D:\\Smart Damage Assessment System\\backend\\vendor\\laravel\\framework\\src\\Illuminate\\Database\\Connection.php(398): Illuminate\\Database\\Connection->run('select * from `...', Array, Object(Closure))
#4 D:\\Smart Damage Assessment System\\backend\\vendor\\laravel\\framework\\src\\Illuminate\\Database\\Query\\Builder.php(3106): Illuminate\\Database\\Connection->select('select * from `...', Array, true)
#5 D:\\Smart Damage Assessment System\\backend\\vendor\\laravel\\framework\\src\\Illuminate\\Database\\Query\\Builder.php(3091): Illuminate\\Database\\Query\\Builder->runSelect()
#6 D:\\Smart Damage Assessment System\\backend\\vendor\\laravel\\framework\\src\\Illuminate\\Database\\Query\\Builder.php(3676): Illuminate\\Database\\Query\\Builder->Illuminate\\Database\\Query\\{closure}()
#7 D:\\Smart Damage Assessment System\\backend\\vendor\\laravel\\framework\\src\\Illuminate\\Database\\Query\\Builder.php(3090): Illuminate\\Database\\Query\\Builder->onceWithColumns(Array, Object(Closure))
#8 D:\\Smart Damage Assessment System\\backend\\vendor\\laravel\\framework\\src\\Illuminate\\Database\\Eloquent\\Builder.php(811): Illuminate\\Database\\Query\\Builder->get(Array)
#9 D:\\Smart Damage Assessment System\\backend\\vendor\\laravel\\framework\\src\\Illuminate\\Database\\Eloquent\\Builder.php(793): Illuminate\\Database\\Eloquent\\Builder->getModels(Array)
#10 D:\\Smart Damage Assessment System\\backend\\vendor\\laravel\\framework\\src\\Illuminate\\Database\\Concerns\\BuildsQueries.php(343): Illuminate\\Database\\Eloquent\\Builder->get(Array)
#11 D:\\Smart Damage Assessment System\\backend\\app\\Http\\Controllers\\Api\\AuthController.php(39): Illuminate\\Database\\Eloquent\\Builder->first()
#12 D:\\Smart Damage Assessment System\\backend\\vendor\\laravel\\framework\\src\\Illuminate\\Routing\\Controller.php(54): App\\Http\\Controllers\\Api\\AuthController->login(Object(Illuminate\\Http\\Request))
#13 D:\\Smart Damage Assessment System\\backend\\vendor\\laravel\\framework\\src\\Illuminate\\Routing\\ControllerDispatcher.php(44): Illuminate\\Routing\\Controller->callAction('login', Array)
#14 D:\\Smart Damage Assessment System\\backend\\vendor\\laravel\\framework\\src\\Illuminate\\Routing\\Route.php(266): Illuminate\\Routing\\ControllerDispatcher->dispatch(Object(Illuminate\\Routing\\Route), Object(App\\Http\\Controllers\\Api\\AuthController), 'login')
#15 D:\\Smart Damage Assessment System\\backend\\vendor\\laravel\\framework\\src\\Illuminate\\Routing\\Route.php(212): Illuminate\\Routing\\Route->runController()
#16 D:\\Smart Damage Assessment System\\backend\\vendor\\laravel\\framework\\src\\Illuminate\\Routing\\Router.php(808): Illuminate\\Routing\\Route->run()
#17 D:\\Smart Damage Assessment System\\backend\\vendor\\laravel\\framework\\src\\Illuminate\\Pipeline\\Pipeline.php(170): Illuminate\\Routing\\Router->Illuminate\\Routing\\{closure}(Object(Illuminate\\Http\\Request))
#18 D:\\Smart Damage Assessment System\\backend\\vendor\\laravel\\framework\\src\\Illuminate\\Routing\\Middleware\\SubstituteBindings.php(51): Illuminate\\Pipeline\\Pipeline->Illuminate\\Pipeline\\{closure}(Object(Illuminate\\Http\\Request))
#19 D:\\Smart Damage Assessment System\\backend\\vendor\\laravel\\framework\\src\\Illuminate\\Pipeline\\Pipeline.php(209): Illuminate\\Routing\\Middleware\\SubstituteBindings->handle(Object(Illuminate\\Http\\Request), Object(Closure))
#20 D:\\Smart Damage Assessment System\\backend\\vendor\\laravel\\framework\\src\\Illuminate\\Pipeline\\Pipeline.php(127): Illuminate\\Pipeline\\Pipeline->Illuminate\\Pipeline\\{closure}(Object(Illuminate\\Http\\Request))
#21 D:\\Smart Damage Assessment System\\backend\\vendor\\laravel\\framework\\src\\Illuminate\\Routing\\Router.php(807): Illuminate\\Pipeline\\Pipeline->then(Object(Closure))
#22 D:\\Smart Damage Assessment System\\backend\\vendor\\laravel\\framework\\src\\Illuminate\\Routing\\Router.php(786): Illuminate\\Routing\\Router->runRouteWithinStack(Object(Illuminate\\Routing\\Route), Object(Illuminate\\Http\\Request))
#23 D:\\Smart Damage Assessment System\\backend\\vendor\\laravel\\framework\\src\\Illuminate\\Routing\\Router.php(750): Illuminate\\Routing\\Router->runRoute(Object(Illuminate\\Http\\Request), Object(Illuminate\\Routing\\Route))
#24 D:\\Smart Damage Assessment System\\backend\\vendor\\laravel\\framework\\src\\Illuminate\\Routing\\Router.php(739): Illuminate\\Routing\\Router->dispatchToRoute(Object(Illuminate\\Http\\Request))
#25 D:\\Smart Damage Assessment System\\backend\\vendor\\laravel\\framework\\src\\Illuminate\\Foundation\\Http\\Kernel.php(201): Illuminate\\Routing\\Router->dispatch(Object(Illuminate\\Http\\Request))
#26 D:\\Smart Damage Assessment System\\backend\\vendor\\laravel\\framework\\src\\Illuminate\\Pipeline\\Pipeline.php(170): Illuminate\\Foundation\\Http\\Kernel->Illuminate\\Foundation\\Http\\{closure}(Object(Illuminate\\Http\\Request))
#27 D:\\Smart Damage Assessment System\\backend\\vendor\\laravel\\framework\\src\\Illuminate\\Foundation\\Http\\Middleware\\TransformsRequest.php(21): Illuminate\\Pipeline\\Pipeline->Illuminate\\Pipeline\\{closure}(Object(Illuminate\\Http\\Request))
#28 D:\\Smart Damage Assessment System\\backend\\vendor\\laravel\\framework\\src\\Illuminate\\Foundation\\Http\\Middleware\\ConvertEmptyStringsToNull.php(31): Illuminate\\Foundation\\Http\\Middleware\\TransformsRequest->handle(Object(Illuminate\\Http\\Request), Object(Closure))
#29 D:\\Smart Damage Assessment System\\backend\\vendor\\laravel\\framework\\src\\Illuminate\\Pipeline\\Pipeline.php(209): Illuminate\\Foundation\\Http\\Middleware\\ConvertEmptyStringsToNull->handle(Object(Illuminate\\Http\\Request), Object(Closure))
#30 D:\\Smart Damage Assessment System\\backend\\vendor\\laravel\\framework\\src\\Illuminate\\Foundation\\Http\\Middleware\\TransformsRequest.php(21): Illuminate\\Pipeline\\Pipeline->Illuminate\\Pipeline\\{closure}(Object(Illuminate\\Http\\Request))
#31 D:\\Smart Damage Assessment System\\backend\\vendor\\laravel\\framework\\src\\Illuminate\\Foundation\\Http\\Middleware\\TrimStrings.php(51): Illuminate\\Foundation\\Http\\Middleware\\TransformsRequest->handle(Object(Illuminate\\Http\\Request), Object(Closure))
#32 D:\\Smart Damage Assessment System\\backend\\vendor\\laravel\\framework\\src\\Illuminate\\Pipeline\\Pipeline.php(209): Illuminate\\Foundation\\Http\\Middleware\\TrimStrings->handle(Object(Illuminate\\Http\\Request), Object(Closure))
#33 D:\\Smart Damage Assessment System\\backend\\vendor\\laravel\\framework\\src\\Illuminate\\Http\\Middleware\\ValidatePostSize.php(27): Illuminate\\Pipeline\\Pipeline->Illuminate\\Pipeline\\{closure}(Object(Illuminate\\Http\\Request))
#34 D:\\Smart Damage Assessment System\\backend\\vendor\\laravel\\framework\\src\\Illuminate\\Pipeline\\Pipeline.php(209): Illuminate\\Http\\Middleware\\ValidatePostSize->handle(Object(Illuminate\\Http\\Request), Object(Closure))
#35 D:\\Smart Damage Assessment System\\backend\\vendor\\laravel\\framework\\src\\Illuminate\\Foundation\\Http\\Middleware\\PreventRequestsDuringMaintenance.php(110): Illuminate\\Pipeline\\Pipeline->Illuminate\\Pipeline\\{closure}(Object(Illuminate\\Http\\Request))
#36 D:\\Smart Damage Assessment System\\backend\\vendor\\laravel\\framework\\src\\Illuminate\\Pipeline\\Pipeline.php(209): Illuminate\\Foundation\\Http\\Middleware\\PreventRequestsDuringMaintenance->handle(Object(Illuminate\\Http\\Request), Object(Closure))
#37 D:\\Smart Damage Assessment System\\backend\\vendor\\laravel\\framework\\src\\Illuminate\\Http\\Middleware\\HandleCors.php(62): Illuminate\\Pipeline\\Pipeline->Illuminate\\Pipeline\\{closure}(Object(Illuminate\\Http\\Request))
#38 D:\\Smart Damage Assessment System\\backend\\vendor\\laravel\\framework\\src\\Illuminate\\Pipeline\\Pipeline.php(209): Illuminate\\Http\\Middleware\\HandleCors->handle(Object(Illuminate\\Http\\Request), Object(Closure))
#39 D:\\Smart Damage Assessment System\\backend\\vendor\\laravel\\framework\\src\\Illuminate\\Http\\Middleware\\TrustProxies.php(58): Illuminate\\Pipeline\\Pipeline->Illuminate\\Pipeline\\{closure}(Object(Illuminate\\Http\\Request))
#40 D:\\Smart Damage Assessment System\\backend\\vendor\\laravel\\framework\\src\\Illuminate\\Pipeline\\Pipeline.php(209): Illuminate\\Http\\Middleware\\TrustProxies->handle(Object(Illuminate\\Http\\Request), Object(Closure))
#41 D:\\Smart Damage Assessment System\\backend\\vendor\\laravel\\framework\\src\\Illuminate\\Foundation\\Http\\Middleware\\InvokeDeferredCallbacks.php(22): Illuminate\\Pipeline\\Pipeline->Illuminate\\Pipeline\\{closure}(Object(Illuminate\\Http\\Request))
#42 D:\\Smart Damage Assessment System\\backend\\vendor\\laravel\\framework\\src\\Illuminate\\Pipeline\\Pipeline.php(209): Illuminate\\Foundation\\Http\\Middleware\\InvokeDeferredCallbacks->handle(Object(Illuminate\\Http\\Request), Object(Closure))
#43 D:\\Smart Damage Assessment System\\backend\\vendor\\laravel\\framework\\src\\Illuminate\\Pipeline\\Pipeline.php(127): Illuminate\\Pipeline\\Pipeline->Illuminate\\Pipeline\\{closure}(Object(Illuminate\\Http\\Request))
#44 D:\\Smart Damage Assessment System\\backend\\vendor\\laravel\\framework\\src\\Illuminate\\Foundation\\Http\\Kernel.php(176): Illuminate\\Pipeline\\Pipeline->then(Object(Closure))
#45 D:\\Smart Damage Assessment System\\backend\\vendor\\laravel\\framework\\src\\Illuminate\\Foundation\\Http\\Kernel.php(145): Illuminate\\Foundation\\Http\\Kernel->sendRequestThroughRouter(Object(Illuminate\\Http\\Request))
#46 D:\\Smart Damage Assessment System\\backend\\public\\index.php(17): Illuminate\\Foundation\\Http\\Kernel->handle(Object(Illuminate\\Http\\Request))
#47 D:\\Smart Damage Assessment System\\backend\\vendor\\laravel\\framework\\src\\Illuminate\\Foundation\\resources\\server.php(23): require_once('D:\\\\Smart Damage...')
#48 {main}

[previous exception] [object] (PDOException(code: 2002): SQLSTATE[HY000] [2002] No connection could be made because the target machine actively refused it at D:\\Smart Damage Assessment System\\backend\\vendor\\laravel\\framework\\src\\Illuminate\\Database\\Connectors\\Connector.php:66)
[stacktrace]
#0 D:\\Smart Damage Assessment System\\backend\\vendor\\laravel\\framework\\src\\Illuminate\\Database\\Connectors\\Connector.php(66): PDO->__construct('mysql:host=127....', 'root', Object(SensitiveParameterValue), Array)
#1 D:\\Smart Damage Assessment System\\backend\\vendor\\laravel\\framework\\src\\Illuminate\\Database\\Connectors\\Connector.php(85): Illuminate\\Database\\Connectors\\Connector->createPdoConnection('mysql:host=127....', 'root', Object(SensitiveParameterValue), Array)
#2 D:\\Smart Damage Assessment System\\backend\\vendor\\laravel\\framework\\src\\Illuminate\\Database\\Connectors\\Connector.php(48): Illuminate\\Database\\Connectors\\Connector->tryAgainIfCausedByLostConnection(Object(PDOException), 'mysql:host=127....', 'root', Object(SensitiveParameterValue), Array)
#3 D:\\Smart Damage Assessment System\\backend\\vendor\\laravel\\framework\\src\\Illuminate\\Database\\Connectors\\MySqlConnector.php(24): Illuminate\\Database\\Connectors\\Connector->createConnection('mysql:host=127....', Array, Array)
#4 D:\\Smart Damage Assessment System\\backend\\vendor\\laravel\\framework\\src\\Illuminate\\Database\\Connectors\\ConnectionFactory.php(185): Illuminate\\Database\\Connectors\\MySqlConnector->connect(Array)
#5 [internal function]: Illuminate\\Database\\Connectors\\ConnectionFactory->Illuminate\\Database\\Connectors\\{closure}()
#6 D:\\Smart Damage Assessment System\\backend\\vendor\\laravel\\framework\\src\\Illuminate\\Database\\Connection.php(1231): call_user_func(Object(Closure))
#7 D:\\Smart Damage Assessment System\\backend\\vendor\\laravel\\framework\\src\\Illuminate\\Database\\Connection.php(1267): Illuminate\\Database\\Connection->getPdo()
#8 D:\\Smart Damage Assessment System\\backend\\vendor\\laravel\\framework\\src\\Illuminate\\Database\\Connection.php(512): Illuminate\\Database\\Connection->getReadPdo()
#9 D:\\Smart Damage Assessment System\\backend\\vendor\\laravel\\framework\\src\\Illuminate\\Database\\Connection.php(407): Illuminate\\Database\\Connection->getPdoForSelect(true)
#10 D:\\Smart Damage Assessment System\\backend\\vendor\\laravel\\framework\\src\\Illuminate\\Database\\Connection.php(812): Illuminate\\Database\\Connection->Illuminate\\Database\\{closure}('select * from `...', Array)
#11 D:\\Smart Damage Assessment System\\backend\\vendor\\laravel\\framework\\src\\Illuminate\\Database\\Connection.php(979): Illuminate\\Database\\Connection->runQueryCallback('select * from `...', Array, Object(Closure))
#12 D:\\Smart Damage Assessment System\\backend\\vendor\\laravel\\framework\\src\\Illuminate\\Database\\Connection.php(958): Illuminate\\Database\\Connection->tryAgainIfCausedByLostConnection(Object(Illuminate\\Database\\QueryException), 'select * from `...', Array, Object(Closure))
#13 D:\\Smart Damage Assessment System\\backend\\vendor\\laravel\\framework\\src\\Illuminate\\Database\\Connection.php(781): Illuminate\\Database\\Connection->handleQueryException(Object(Illuminate\\Database\\QueryException), 'select * from `...', Array, Object(Closure))
#14 D:\\Smart Damage Assessment System\\backend\\vendor\\laravel\\framework\\src\\Illuminate\\Database\\Connection.php(398): Illuminate\\Database\\Connection->run('select * from `...', Array, Object(Closure))
#15 D:\\Smart Damage Assessment System\\backend\\vendor\\laravel\\framework\\src\\Illuminate\\Database\\Query\\Builder.php(3106): Illuminate\\Database\\Connection->select('select * from `...', Array, true)
#16 D:\\Smart Damage Assessment System\\backend\\vendor\\laravel\\framework\\src\\Illuminate\\Database\\Query\\Builder.php(3091): Illuminate\\Database\\Query\\Builder->runSelect()
#17 D:\\Smart Damage Assessment System\\backend\\vendor\\laravel\\framework\\src\\Illuminate\\Database\\Query\\Builder.php(3676): Illuminate\\Database\\Query\\Builder->Illuminate\\Database\\Query\\{closure}()
#18 D:\\Smart Damage Assessment System\\backend\\vendor\\laravel\\framework\\src\\Illuminate\\Database\\Query\\Builder.php(3090): Illuminate\\Database\\Query\\Builder->onceWithColumns(Array, Object(Closure))
#19 D:\\Smart Damage Assessment System\\backend\\vendor\\laravel\\framework\\src\\Illuminate\\Database\\Eloquent\\Builder.php(811): Illuminate\\Database\\Query\\Builder->get(Array)
#20 D:\\Smart Damage Assessment System\\backend\\vendor\\laravel\\framework\\src\\Illuminate\\Database\\Eloquent\\Builder.php(793): Illuminate\\Database\\Eloquent\\Builder->getModels(Array)
#21 D:\\Smart Damage Assessment System\\backend\\vendor\\laravel\\framework\\src\\Illuminate\\Database\\Concerns\\BuildsQueries.php(343): Illuminate\\Database\\Eloquent\\Builder->get(Array)
#22 D:\\Smart Damage Assessment System\\backend\\app\\Http\\Controllers\\Api\\AuthController.php(39): Illuminate\\Database\\Eloquent\\Builder->first()
#23 D:\\Smart Damage Assessment System\\backend\\vendor\\laravel\\framework\\src\\Illuminate\\Routing\\Controller.php(54): App\\Http\\Controllers\\Api\\AuthController->login(Object(Illuminate\\Http\\Request))
#24 D:\\Smart Damage Assessment System\\backend\\vendor\\laravel\\framework\\src\\Illuminate\\Routing\\ControllerDispatcher.php(44): Illuminate\\Routing\\Controller->callAction('login', Array)
#25 D:\\Smart Damage Assessment System\\backend\\vendor\\laravel\\framework\\src\\Illuminate\\Routing\\Route.php(266): Illuminate\\Routing\\ControllerDispatcher->dispatch(Object(Illuminate\\Routing\\Route), Object(App\\Http\\Controllers\\Api\\AuthController), 'login')
#26 D:\\Smart Damage Assessment System\\backend\\vendor\\laravel\\framework\\src\\Illuminate\\Routing\\Route.php(212): Illuminate\\Routing\\Route->runController()
#27 D:\\Smart Damage Assessment System\\backend\\vendor\\laravel\\framework\\src\\Illuminate\\Routing\\Router.php(808): Illuminate\\Routing\\Route->run()
#28 D:\\Smart Damage Assessment System\\backend\\vendor\\laravel\\framework\\src\\Illuminate\\Pipeline\\Pipeline.php(170): Illuminate\\Routing\\Router->Illuminate\\Routing\\{closure}(Object(Illuminate\\Http\\Request))
#29 D:\\Smart Damage Assessment System\\backend\\vendor\\laravel\\framework\\src\\Illuminate\\Routing\\Middleware\\SubstituteBindings.php(51): Illuminate\\Pipeline\\Pipeline->Illuminate\\Pipeline\\{closure}(Object(Illuminate\\Http\\Request))
#30 D:\\Smart Damage Assessment System\\backend\\vendor\\laravel\\framework\\src\\Illuminate\\Pipeline\\Pipeline.php(209): Illuminate\\Routing\\Middleware\\SubstituteBindings->handle(Object(Illuminate\\Http\\Request), Object(Closure))
#31 D:\\Smart Damage Assessment System\\backend\\vendor\\laravel\\framework\\src\\Illuminate\\Pipeline\\Pipeline.php(127): Illuminate\\Pipeline\\Pipeline->Illuminate\\Pipeline\\{closure}(Object(Illuminate\\Http\\Request))
#32 D:\\Smart Damage Assessment System\\backend\\vendor\\laravel\\framework\\src\\Illuminate\\Routing\\Router.php(807): Illuminate\\Pipeline\\Pipeline->then(Object(Closure))
#33 D:\\Smart Damage Assessment System\\backend\\vendor\\laravel\\framework\\src\\Illuminate\\Routing\\Router.php(786): Illuminate\\Routing\\Router->runRouteWithinStack(Object(Illuminate\\Routing\\Route), Object(Illuminate\\Http\\Request))
#34 D:\\Smart Damage Assessment System\\backend\\vendor\\laravel\\framework\\src\\Illuminate\\Routing\\Router.php(750): Illuminate\\Routing\\Router->runRoute(Object(Illuminate\\Http\\Request), Object(Illuminate\\Routing\\Route))
#35 D:\\Smart Damage Assessment System\\backend\\vendor\\laravel\\framework\\src\\Illuminate\\Routing\\Router.php(739): Illuminate\\Routing\\Router->dispatchToRoute(Object(Illuminate\\Http\\Request))
#36 D:\\Smart Damage Assessment System\\backend\\vendor\\laravel\\framework\\src\\Illuminate\\Foundation\\Http\\Kernel.php(201): Illuminate\\Routing\\Router->dispatch(Object(Illuminate\\Http\\Request))
#37 D:\\Smart Damage Assessment System\\backend\\vendor\\laravel\\framework\\src\\Illuminate\\Pipeline\\Pipeline.php(170): Illuminate\\Foundation\\Http\\Kernel->Illuminate\\Foundation\\Http\\{closure}(Object(Illuminate\\Http\\Request))
#38 D:\\Smart Damage Assessment System\\backend\\vendor\\laravel\\framework\\src\\Illuminate\\Foundation\\Http\\Middleware\\TransformsRequest.php(21): Illuminate\\Pipeline\\Pipeline->Illuminate\\Pipeline\\{closure}(Object(Illuminate\\Http\\Request))
#39 D:\\Smart Damage Assessment System\\backend\\vendor\\laravel\\framework\\src\\Illuminate\\Foundation\\Http\\Middleware\\ConvertEmptyStringsToNull.php(31): Illuminate\\Foundation\\Http\\Middleware\\TransformsRequest->handle(Object(Illuminate\\Http\\Request), Object(Closure))
#40 D:\\Smart Damage Assessment System\\backend\\vendor\\laravel\\framework\\src\\Illuminate\\Pipeline\\Pipeline.php(209): Illuminate\\Foundation\\Http\\Middleware\\ConvertEmptyStringsToNull->handle(Object(Illuminate\\Http\\Request), Object(Closure))
#41 D:\\Smart Damage Assessment System\\backend\\vendor\\laravel\\framework\\src\\Illuminate\\Foundation\\Http\\Middleware\\TransformsRequest.php(21): Illuminate\\Pipeline\\Pipeline->Illuminate\\Pipeline\\{closure}(Object(Illuminate\\Http\\Request))
#42 D:\\Smart Damage Assessment System\\backend\\vendor\\laravel\\framework\\src\\Illuminate\\Foundation\\Http\\Middleware\\TrimStrings.php(51): Illuminate\\Foundation\\Http\\Middleware\\TransformsRequest->handle(Object(Illuminate\\Http\\Request), Object(Closure))
#43 D:\\Smart Damage Assessment System\\backend\\vendor\\laravel\\framework\\src\\Illuminate\\Pipeline\\Pipeline.php(209): Illuminate\\Foundation\\Http\\Middleware\\TrimStrings->handle(Object(Illuminate\\Http\\Request), Object(Closure))
#44 D:\\Smart Damage Assessment System\\backend\\vendor\\laravel\\framework\\src\\Illuminate\\Http\\Middleware\\ValidatePostSize.php(27): Illuminate\\Pipeline\\Pipeline->Illuminate\\Pipeline\\{closure}(Object(Illuminate\\Http\\Request))
#45 D:\\Smart Damage Assessment System\\backend\\vendor\\laravel\\framework\\src\\Illuminate\\Pipeline\\Pipeline.php(209): Illuminate\\Http\\Middleware\\ValidatePostSize->handle(Object(Illuminate\\Http\\Request), Object(Closure))
#46 D:\\Smart Damage Assessment System\\backend\\vendor\\laravel\\framework\\src\\Illuminate\\Foundation\\Http\\Middleware\\PreventRequestsDuringMaintenance.php(110): Illuminate\\Pipeline\\Pipeline->Illuminate\\Pipeline\\{closure}(Object(Illuminate\\Http\\Request))
#47 D:\\Smart Damage Assessment System\\backend\\vendor\\laravel\\framework\\src\\Illuminate\\Pipeline\\Pipeline.php(209): Illuminate\\Foundation\\Http\\Middleware\\PreventRequestsDuringMaintenance->handle(Object(Illuminate\\Http\\Request), Object(Closure))
#48 D:\\Smart Damage Assessment System\\backend\\vendor\\laravel\\framework\\src\\Illuminate\\Http\\Middleware\\HandleCors.php(62): Illuminate\\Pipeline\\Pipeline->Illuminate\\Pipeline\\{closure}(Object(Illuminate\\Http\\Request))
#49 D:\\Smart Damage Assessment System\\backend\\vendor\\laravel\\framework\\src\\Illuminate\\Pipeline\\Pipeline.php(209): Illuminate\\Http\\Middleware\\HandleCors->handle(Object(Illuminate\\Http\\Request), Object(Closure))
#50 D:\\Smart Damage Assessment System\\backend\\vendor\\laravel\\framework\\src\\Illuminate\\Http\\Middleware\\TrustProxies.php(58): Illuminate\\Pipeline\\Pipeline->Illuminate\\Pipeline\\{closure}(Object(Illuminate\\Http\\Request))
#51 D:\\Smart Damage Assessment System\\backend\\vendor\\laravel\\framework\\src\\Illuminate\\Pipeline\\Pipeline.php(209): Illuminate\\Http\\Middleware\\TrustProxies->handle(Object(Illuminate\\Http\\Request), Object(Closure))
#52 D:\\Smart Damage Assessment System\\backend\\vendor\\laravel\\framework\\src\\Illuminate\\Foundation\\Http\\Middleware\\InvokeDeferredCallbacks.php(22): Illuminate\\Pipeline\\Pipeline->Illuminate\\Pipeline\\{closure}(Object(Illuminate\\Http\\Request))
#53 D:\\Smart Damage Assessment System\\backend\\vendor\\laravel\\framework\\src\\Illuminate\\Pipeline\\Pipeline.php(209): Illuminate\\Foundation\\Http\\Middleware\\InvokeDeferredCallbacks->handle(Object(Illuminate\\Http\\Request), Object(Closure))
#54 D:\\Smart Damage Assessment System\\backend\\vendor\\laravel\\framework\\src\\Illuminate\\Pipeline\\Pipeline.php(127): Illuminate\\Pipeline\\Pipeline->Illuminate\\Pipeline\\{closure}(Object(Illuminate\\Http\\Request))
#55 D:\\Smart Damage Assessment System\\backend\\vendor\\laravel\\framework\\src\\Illuminate\\Foundation\\Http\\Kernel.php(176): Illuminate\\Pipeline\\Pipeline->then(Object(Closure))
#56 D:\\Smart Damage Assessment System\\backend\\vendor\\laravel\\framework\\src\\Illuminate\\Foundation\\Http\\Kernel.php(145): Illuminate\\Foundation\\Http\\Kernel->sendRequestThroughRouter(Object(Illuminate\\Http\\Request))
#57 D:\\Smart Damage Assessment System\\backend\\public\\index.php(17): Illuminate\\Foundation\\Http\\Kernel->handle(Object(Illuminate\\Http\\Request))
#58 D:\\Smart Damage Assessment System\\backend\\vendor\\laravel\\framework\\src\\Illuminate\\Foundation\\resources\\server.php(23): require_once('D:\\\\Smart Damage...')
#59 {main}
"} 
[2026-01-27 13:01:15] local.ERROR: SQLSTATE[HY000] [2002] No connection could be made because the target machine actively refused it (Connection: mysql, SQL: select * from `users` where `email` = devjana20044@gmail.com limit 1) {"exception":"[object] (Illuminate\\Database\\QueryException(code: 2002): SQLSTATE[HY000] [2002] No connection could be made because the target machine actively refused it (Connection: mysql, SQL: select * from `users` where `email` = devjana20044@gmail.com limit 1) at D:\\Smart Damage Assessment System\\backend\\vendor\\laravel\\framework\\src\\Illuminate\\Database\\Connection.php:825)
[stacktrace]
#0 D:\\Smart Damage Assessment System\\backend\\vendor\\laravel\\framework\\src\\Illuminate\\Database\\Connection.php(979): Illuminate\\Database\\Connection->runQueryCallback('select * from `...', Array, Object(Closure))
#1 D:\\Smart Damage Assessment System\\backend\\vendor\\laravel\\framework\\src\\Illuminate\\Database\\Connection.php(958): Illuminate\\Database\\Connection->tryAgainIfCausedByLostConnection(Object(Illuminate\\Database\\QueryException), 'select * from `...', Array, Object(Closure))
#2 D:\\Smart Damage Assessment System\\backend\\vendor\\laravel\\framework\\src\\Illuminate\\Database\\Connection.php(781): Illuminate\\Database\\Connection->handleQueryException(Object(Illuminate\\Database\\QueryException), 'select * from `...', Array, Object(Closure))
#3 D:\\Smart Damage Assessment System\\backend\\vendor\\laravel\\framework\\src\\Illuminate\\Database\\Connection.php(398): Illuminate\\Database\\Connection->run('select * from `...', Array, Object(Closure))
#4 D:\\Smart Damage Assessment System\\backend\\vendor\\laravel\\framework\\src\\Illuminate\\Database\\Query\\Builder.php(3106): Illuminate\\Database\\Connection->select('select * from `...', Array, true)
#5 D:\\Smart Damage Assessment System\\backend\\vendor\\laravel\\framework\\src\\Illuminate\\Database\\Query\\Builder.php(3091): Illuminate\\Database\\Query\\Builder->runSelect()
#6 D:\\Smart Damage Assessment System\\backend\\vendor\\laravel\\framework\\src\\Illuminate\\Database\\Query\\Builder.php(3676): Illuminate\\Database\\Query\\Builder->Illuminate\\Database\\Query\\{closure}()
#7 D:\\Smart Damage Assessment System\\backend\\vendor\\laravel\\framework\\src\\Illuminate\\Database\\Query\\Builder.php(3090): Illuminate\\Database\\Query\\Builder->onceWithColumns(Array, Object(Closure))
#8 D:\\Smart Damage Assessment System\\backend\\vendor\\laravel\\framework\\src\\Illuminate\\Database\\Eloquent\\Builder.php(811): Illuminate\\Database\\Query\\Builder->get(Array)
#9 D:\\Smart Damage Assessment System\\backend\\vendor\\laravel\\framework\\src\\Illuminate\\Database\\Eloquent\\Builder.php(793): Illuminate\\Database\\Eloquent\\Builder->getModels(Array)
#10 D:\\Smart Damage Assessment System\\backend\\vendor\\laravel\\framework\\src\\Illuminate\\Database\\Concerns\\BuildsQueries.php(343): Illuminate\\Database\\Eloquent\\Builder->get(Array)
#11 D:\\Smart Damage Assessment System\\backend\\app\\Http\\Controllers\\Api\\AuthController.php(39): Illuminate\\Database\\Eloquent\\Builder->first()
#12 D:\\Smart Damage Assessment System\\backend\\vendor\\laravel\\framework\\src\\Illuminate\\Routing\\Controller.php(54): App\\Http\\Controllers\\Api\\AuthController->login(Object(Illuminate\\Http\\Request))
#13 D:\\Smart Damage Assessment System\\backend\\vendor\\laravel\\framework\\src\\Illuminate\\Routing\\ControllerDispatcher.php(44): Illuminate\\Routing\\Controller->callAction('login', Array)
#14 D:\\Smart Damage Assessment System\\backend\\vendor\\laravel\\framework\\src\\Illuminate\\Routing\\Route.php(266): Illuminate\\Routing\\ControllerDispatcher->dispatch(Object(Illuminate\\Routing\\Route), Object(App\\Http\\Controllers\\Api\\AuthController), 'login')
#15 D:\\Smart Damage Assessment System\\backend\\vendor\\laravel\\framework\\src\\Illuminate\\Routing\\Route.php(212): Illuminate\\Routing\\Route->runController()
#16 D:\\Smart Damage Assessment System\\backend\\vendor\\laravel\\framework\\src\\Illuminate\\Routing\\Router.php(808): Illuminate\\Routing\\Route->run()
#17 D:\\Smart Damage Assessment System\\backend\\vendor\\laravel\\framework\\src\\Illuminate\\Pipeline\\Pipeline.php(170): Illuminate\\Routing\\Router->Illuminate\\Routing\\{closure}(Object(Illuminate\\Http\\Request))
#18 D:\\Smart Damage Assessment System\\backend\\vendor\\laravel\\framework\\src\\Illuminate\\Routing\\Middleware\\SubstituteBindings.php(51): Illuminate\\Pipeline\\Pipeline->Illuminate\\Pipeline\\{closure}(Object(Illuminate\\Http\\Request))
#19 D:\\Smart Damage Assessment System\\backend\\vendor\\laravel\\framework\\src\\Illuminate\\Pipeline\\Pipeline.php(209): Illuminate\\Routing\\Middleware\\SubstituteBindings->handle(Object(Illuminate\\Http\\Request), Object(Closure))
#20 D:\\Smart Damage Assessment System\\backend\\vendor\\laravel\\framework\\src\\Illuminate\\Pipeline\\Pipeline.php(127): Illuminate\\Pipeline\\Pipeline->Illuminate\\Pipeline\\{closure}(Object(Illuminate\\Http\\Request))
#21 D:\\Smart Damage Assessment System\\backend\\vendor\\laravel\\framework\\src\\Illuminate\\Routing\\Router.php(807): Illuminate\\Pipeline\\Pipeline->then(Object(Closure))
#22 D:\\Smart Damage Assessment System\\backend\\vendor\\laravel\\framework\\src\\Illuminate\\Routing\\Router.php(786): Illuminate\\Routing\\Router->runRouteWithinStack(Object(Illuminate\\Routing\\Route), Object(Illuminate\\Http\\Request))
#23 D:\\Smart Damage Assessment System\\backend\\vendor\\laravel\\framework\\src\\Illuminate\\Routing\\Router.php(750): Illuminate\\Routing\\Router->runRoute(Object(Illuminate\\Http\\Request), Object(Illuminate\\Routing\\Route))
#24 D:\\Smart Damage Assessment System\\backend\\vendor\\laravel\\framework\\src\\Illuminate\\Routing\\Router.php(739): Illuminate\\Routing\\Router->dispatchToRoute(Object(Illuminate\\Http\\Request))
#25 D:\\Smart Damage Assessment System\\backend\\vendor\\laravel\\framework\\src\\Illuminate\\Foundation\\Http\\Kernel.php(201): Illuminate\\Routing\\Router->dispatch(Object(Illuminate\\Http\\Request))
#26 D:\\Smart Damage Assessment System\\backend\\vendor\\laravel\\framework\\src\\Illuminate\\Pipeline\\Pipeline.php(170): Illuminate\\Foundation\\Http\\Kernel->Illuminate\\Foundation\\Http\\{closure}(Object(Illuminate\\Http\\Request))
#27 D:\\Smart Damage Assessment System\\backend\\vendor\\laravel\\framework\\src\\Illuminate\\Foundation\\Http\\Middleware\\TransformsRequest.php(21): Illuminate\\Pipeline\\Pipeline->Illuminate\\Pipeline\\{closure}(Object(Illuminate\\Http\\Request))
#28 D:\\Smart Damage Assessment System\\backend\\vendor\\laravel\\framework\\src\\Illuminate\\Foundation\\Http\\Middleware\\ConvertEmptyStringsToNull.php(31): Illuminate\\Foundation\\Http\\Middleware\\TransformsRequest->handle(Object(Illuminate\\Http\\Request), Object(Closure))
#29 D:\\Smart Damage Assessment System\\backend\\vendor\\laravel\\framework\\src\\Illuminate\\Pipeline\\Pipeline.php(209): Illuminate\\Foundation\\Http\\Middleware\\ConvertEmptyStringsToNull->handle(Object(Illuminate\\Http\\Request), Object(Closure))
#30 D:\\Smart Damage Assessment System\\backend\\vendor\\laravel\\framework\\src\\Illuminate\\Foundation\\Http\\Middleware\\TransformsRequest.php(21): Illuminate\\Pipeline\\Pipeline->Illuminate\\Pipeline\\{closure}(Object(Illuminate\\Http\\Request))
#31 D:\\Smart Damage Assessment System\\backend\\vendor\\laravel\\framework\\src\\Illuminate\\Foundation\\Http\\Middleware\\TrimStrings.php(51): Illuminate\\Foundation\\Http\\Middleware\\TransformsRequest->handle(Object(Illuminate\\Http\\Request), Object(Closure))
#32 D:\\Smart Damage Assessment System\\backend\\vendor\\laravel\\framework\\src\\Illuminate\\Pipeline\\Pipeline.php(209): Illuminate\\Foundation\\Http\\Middleware\\TrimStrings->handle(Object(Illuminate\\Http\\Request), Object(Closure))
#33 D:\\Smart Damage Assessment System\\backend\\vendor\\laravel\\framework\\src\\Illuminate\\Http\\Middleware\\ValidatePostSize.php(27): Illuminate\\Pipeline\\Pipeline->Illuminate\\Pipeline\\{closure}(Object(Illuminate\\Http\\Request))
#34 D:\\Smart Damage Assessment System\\backend\\vendor\\laravel\\framework\\src\\Illuminate\\Pipeline\\Pipeline.php(209): Illuminate\\Http\\Middleware\\ValidatePostSize->handle(Object(Illuminate\\Http\\Request), Object(Closure))
#35 D:\\Smart Damage Assessment System\\backend\\vendor\\laravel\\framework\\src\\Illuminate\\Foundation\\Http\\Middleware\\PreventRequestsDuringMaintenance.php(110): Illuminate\\Pipeline\\Pipeline->Illuminate\\Pipeline\\{closure}(Object(Illuminate\\Http\\Request))
#36 D:\\Smart Damage Assessment System\\backend\\vendor\\laravel\\framework\\src\\Illuminate\\Pipeline\\Pipeline.php(209): Illuminate\\Foundation\\Http\\Middleware\\PreventRequestsDuringMaintenance->handle(Object(Illuminate\\Http\\Request), Object(Closure))
#37 D:\\Smart Damage Assessment System\\backend\\vendor\\laravel\\framework\\src\\Illuminate\\Http\\Middleware\\HandleCors.php(62): Illuminate\\Pipeline\\Pipeline->Illuminate\\Pipeline\\{closure}(Object(Illuminate\\Http\\Request))
#38 D:\\Smart Damage Assessment System\\backend\\vendor\\laravel\\framework\\src\\Illuminate\\Pipeline\\Pipeline.php(209): Illuminate\\Http\\Middleware\\HandleCors->handle(Object(Illuminate\\Http\\Request), Object(Closure))
#39 D:\\Smart Damage Assessment System\\backend\\vendor\\laravel\\framework\\src\\Illuminate\\Http\\Middleware\\TrustProxies.php(58): Illuminate\\Pipeline\\Pipeline->Illuminate\\Pipeline\\{closure}(Object(Illuminate\\Http\\Request))
#40 D:\\Smart Damage Assessment System\\backend\\vendor\\laravel\\framework\\src\\Illuminate\\Pipeline\\Pipeline.php(209): Illuminate\\Http\\Middleware\\TrustProxies->handle(Object(Illuminate\\Http\\Request), Object(Closure))
#41 D:\\Smart Damage Assessment System\\backend\\vendor\\laravel\\framework\\src\\Illuminate\\Foundation\\Http\\Middleware\\InvokeDeferredCallbacks.php(22): Illuminate\\Pipeline\\Pipeline->Illuminate\\Pipeline\\{closure}(Object(Illuminate\\Http\\Request))
#42 D:\\Smart Damage Assessment System\\backend\\vendor\\laravel\\framework\\src\\Illuminate\\Pipeline\\Pipeline.php(209): Illuminate\\Foundation\\Http\\Middleware\\InvokeDeferredCallbacks->handle(Object(Illuminate\\Http\\Request), Object(Closure))
#43 D:\\Smart Damage Assessment System\\backend\\vendor\\laravel\\framework\\src\\Illuminate\\Pipeline\\Pipeline.php(127): Illuminate\\Pipeline\\Pipeline->Illuminate\\Pipeline\\{closure}(Object(Illuminate\\Http\\Request))
#44 D:\\Smart Damage Assessment System\\backend\\vendor\\laravel\\framework\\src\\Illuminate\\Foundation\\Http\\Kernel.php(176): Illuminate\\Pipeline\\Pipeline->then(Object(Closure))
#45 D:\\Smart Damage Assessment System\\backend\\vendor\\laravel\\framework\\src\\Illuminate\\Foundation\\Http\\Kernel.php(145): Illuminate\\Foundation\\Http\\Kernel->sendRequestThroughRouter(Object(Illuminate\\Http\\Request))
#46 D:\\Smart Damage Assessment System\\backend\\public\\index.php(17): Illuminate\\Foundation\\Http\\Kernel->handle(Object(Illuminate\\Http\\Request))
#47 D:\\Smart Damage Assessment System\\backend\\vendor\\laravel\\framework\\src\\Illuminate\\Foundation\\resources\\server.php(23): require_once('D:\\\\Smart Damage...')
#48 {main}

[previous exception] [object] (PDOException(code: 2002): SQLSTATE[HY000] [2002] No connection could be made because the target machine actively refused it at D:\\Smart Damage Assessment System\\backend\\vendor\\laravel\\framework\\src\\Illuminate\\Database\\Connectors\\Connector.php:66)
[stacktrace]
#0 D:\\Smart Damage Assessment System\\backend\\vendor\\laravel\\framework\\src\\Illuminate\\Database\\Connectors\\Connector.php(66): PDO->__construct('mysql:host=127....', 'root', Object(SensitiveParameterValue), Array)
#1 D:\\Smart Damage Assessment System\\backend\\vendor\\laravel\\framework\\src\\Illuminate\\Database\\Connectors\\Connector.php(85): Illuminate\\Database\\Connectors\\Connector->createPdoConnection('mysql:host=127....', 'root', Object(SensitiveParameterValue), Array)
#2 D:\\Smart Damage Assessment System\\backend\\vendor\\laravel\\framework\\src\\Illuminate\\Database\\Connectors\\Connector.php(48): Illuminate\\Database\\Connectors\\Connector->tryAgainIfCausedByLostConnection(Object(PDOException), 'mysql:host=127....', 'root', Object(SensitiveParameterValue), Array)
#3 D:\\Smart Damage Assessment System\\backend\\vendor\\laravel\\framework\\src\\Illuminate\\Database\\Connectors\\MySqlConnector.php(24): Illuminate\\Database\\Connectors\\Connector->createConnection('mysql:host=127....', Array, Array)
#4 D:\\Smart Damage Assessment System\\backend\\vendor\\laravel\\framework\\src\\Illuminate\\Database\\Connectors\\ConnectionFactory.php(185): Illuminate\\Database\\Connectors\\MySqlConnector->connect(Array)
#5 [internal function]: Illuminate\\Database\\Connectors\\ConnectionFactory->Illuminate\\Database\\Connectors\\{closure}()
#6 D:\\Smart Damage Assessment System\\backend\\vendor\\laravel\\framework\\src\\Illuminate\\Database\\Connection.php(1231): call_user_func(Object(Closure))
#7 D:\\Smart Damage Assessment System\\backend\\vendor\\laravel\\framework\\src\\Illuminate\\Database\\Connection.php(1267): Illuminate\\Database\\Connection->getPdo()
#8 D:\\Smart Damage Assessment System\\backend\\vendor\\laravel\\framework\\src\\Illuminate\\Database\\Connection.php(512): Illuminate\\Database\\Connection->getReadPdo()
#9 D:\\Smart Damage Assessment System\\backend\\vendor\\laravel\\framework\\src\\Illuminate\\Database\\Connection.php(407): Illuminate\\Database\\Connection->getPdoForSelect(true)
#10 D:\\Smart Damage Assessment System\\backend\\vendor\\laravel\\framework\\src\\Illuminate\\Database\\Connection.php(812): Illuminate\\Database\\Connection->Illuminate\\Database\\{closure}('select * from `...', Array)
#11 D:\\Smart Damage Assessment System\\backend\\vendor\\laravel\\framework\\src\\Illuminate\\Database\\Connection.php(979): Illuminate\\Database\\Connection->runQueryCallback('select * from `...', Array, Object(Closure))
#12 D:\\Smart Damage Assessment System\\backend\\vendor\\laravel\\framework\\src\\Illuminate\\Database\\Connection.php(958): Illuminate\\Database\\Connection->tryAgainIfCausedByLostConnection(Object(Illuminate\\Database\\QueryException), 'select * from `...', Array, Object(Closure))
#13 D:\\Smart Damage Assessment System\\backend\\vendor\\laravel\\framework\\src\\Illuminate\\Database\\Connection.php(781): Illuminate\\Database\\Connection->handleQueryException(Object(Illuminate\\Database\\QueryException), 'select * from `...', Array, Object(Closure))
#14 D:\\Smart Damage Assessment System\\backend\\vendor\\laravel\\framework\\src\\Illuminate\\Database\\Connection.php(398): Illuminate\\Database\\Connection->run('select * from `...', Array, Object(Closure))
#15 D:\\Smart Damage Assessment System\\backend\\vendor\\laravel\\framework\\src\\Illuminate\\Database\\Query\\Builder.php(3106): Illuminate\\Database\\Connection->select('select * from `...', Array, true)
#16 D:\\Smart Damage Assessment System\\backend\\vendor\\laravel\\framework\\src\\Illuminate\\Database\\Query\\Builder.php(3091): Illuminate\\Database\\Query\\Builder->runSelect()
#17 D:\\Smart Damage Assessment System\\backend\\vendor\\laravel\\framework\\src\\Illuminate\\Database\\Query\\Builder.php(3676): Illuminate\\Database\\Query\\Builder->Illuminate\\Database\\Query\\{closure}()
#18 D:\\Smart Damage Assessment System\\backend\\vendor\\laravel\\framework\\src\\Illuminate\\Database\\Query\\Builder.php(3090): Illuminate\\Database\\Query\\Builder->onceWithColumns(Array, Object(Closure))
#19 D:\\Smart Damage Assessment System\\backend\\vendor\\laravel\\framework\\src\\Illuminate\\Database\\Eloquent\\Builder.php(811): Illuminate\\Database\\Query\\Builder->get(Array)
#20 D:\\Smart Damage Assessment System\\backend\\vendor\\laravel\\framework\\src\\Illuminate\\Database\\Eloquent\\Builder.php(793): Illuminate\\Database\\Eloquent\\Builder->getModels(Array)
#21 D:\\Smart Damage Assessment System\\backend\\vendor\\laravel\\framework\\src\\Illuminate\\Database\\Concerns\\BuildsQueries.php(343): Illuminate\\Database\\Eloquent\\Builder->get(Array)
#22 D:\\Smart Damage Assessment System\\backend\\app\\Http\\Controllers\\Api\\AuthController.php(39): Illuminate\\Database\\Eloquent\\Builder->first()
#23 D:\\Smart Damage Assessment System\\backend\\vendor\\laravel\\framework\\src\\Illuminate\\Routing\\Controller.php(54): App\\Http\\Controllers\\Api\\AuthController->login(Object(Illuminate\\Http\\Request))
#24 D:\\Smart Damage Assessment System\\backend\\vendor\\laravel\\framework\\src\\Illuminate\\Routing\\ControllerDispatcher.php(44): Illuminate\\Routing\\Controller->callAction('login', Array)
#25 D:\\Smart Damage Assessment System\\backend\\vendor\\laravel\\framework\\src\\Illuminate\\Routing\\Route.php(266): Illuminate\\Routing\\ControllerDispatcher->dispatch(Object(Illuminate\\Routing\\Route), Object(App\\Http\\Controllers\\Api\\AuthController), 'login')
#26 D:\\Smart Damage Assessment System\\backend\\vendor\\laravel\\framework\\src\\Illuminate\\Routing\\Route.php(212): Illuminate\\Routing\\Route->runController()
#27 D:\\Smart Damage Assessment System\\backend\\vendor\\laravel\\framework\\src\\Illuminate\\Routing\\Router.php(808): Illuminate\\Routing\\Route->run()
#28 D:\\Smart Damage Assessment System\\backend\\vendor\\laravel\\framework\\src\\Illuminate\\Pipeline\\Pipeline.php(170): Illuminate\\Routing\\Router->Illuminate\\Routing\\{closure}(Object(Illuminate\\Http\\Request))
#29 D:\\Smart Damage Assessment System\\backend\\vendor\\laravel\\framework\\src\\Illuminate\\Routing\\Middleware\\SubstituteBindings.php(51): Illuminate\\Pipeline\\Pipeline->Illuminate\\Pipeline\\{closure}(Object(Illuminate\\Http\\Request))
#30 D:\\Smart Damage Assessment System\\backend\\vendor\\laravel\\framework\\src\\Illuminate\\Pipeline\\Pipeline.php(209): Illuminate\\Routing\\Middleware\\SubstituteBindings->handle(Object(Illuminate\\Http\\Request), Object(Closure))
#31 D:\\Smart Damage Assessment System\\backend\\vendor\\laravel\\framework\\src\\Illuminate\\Pipeline\\Pipeline.php(127): Illuminate\\Pipeline\\Pipeline->Illuminate\\Pipeline\\{closure}(Object(Illuminate\\Http\\Request))
#32 D:\\Smart Damage Assessment System\\backend\\vendor\\laravel\\framework\\src\\Illuminate\\Routing\\Router.php(807): Illuminate\\Pipeline\\Pipeline->then(Object(Closure))
#33 D:\\Smart Damage Assessment System\\backend\\vendor\\laravel\\framework\\src\\Illuminate\\Routing\\Router.php(786): Illuminate\\Routing\\Router->runRouteWithinStack(Object(Illuminate\\Routing\\Route), Object(Illuminate\\Http\\Request))
#34 D:\\Smart Damage Assessment System\\backend\\vendor\\laravel\\framework\\src\\Illuminate\\Routing\\Router.php(750): Illuminate\\Routing\\Router->runRoute(Object(Illuminate\\Http\\Request), Object(Illuminate\\Routing\\Route))
#35 D:\\Smart Damage Assessment System\\backend\\vendor\\laravel\\framework\\src\\Illuminate\\Routing\\Router.php(739): Illuminate\\Routing\\Router->dispatchToRoute(Object(Illuminate\\Http\\Request))
#36 D:\\Smart Damage Assessment System\\backend\\vendor\\laravel\\framework\\src\\Illuminate\\Foundation\\Http\\Kernel.php(201): Illuminate\\Routing\\Router->dispatch(Object(Illuminate\\Http\\Request))
#37 D:\\Smart Damage Assessment System\\backend\\vendor\\laravel\\framework\\src\\Illuminate\\Pipeline\\Pipeline.php(170): Illuminate\\Foundation\\Http\\Kernel->Illuminate\\Foundation\\Http\\{closure}(Object(Illuminate\\Http\\Request))
#38 D:\\Smart Damage Assessment System\\backend\\vendor\\laravel\\framework\\src\\Illuminate\\Foundation\\Http\\Middleware\\TransformsRequest.php(21): Illuminate\\Pipeline\\Pipeline->Illuminate\\Pipeline\\{closure}(Object(Illuminate\\Http\\Request))
#39 D:\\Smart Damage Assessment System\\backend\\vendor\\laravel\\framework\\src\\Illuminate\\Foundation\\Http\\Middleware\\ConvertEmptyStringsToNull.php(31): Illuminate\\Foundation\\Http\\Middleware\\TransformsRequest->handle(Object(Illuminate\\Http\\Request), Object(Closure))
#40 D:\\Smart Damage Assessment System\\backend\\vendor\\laravel\\framework\\src\\Illuminate\\Pipeline\\Pipeline.php(209): Illuminate\\Foundation\\Http\\Middleware\\ConvertEmptyStringsToNull->handle(Object(Illuminate\\Http\\Request), Object(Closure))
#41 D:\\Smart Damage Assessment System\\backend\\vendor\\laravel\\framework\\src\\Illuminate\\Foundation\\Http\\Middleware\\TransformsRequest.php(21): Illuminate\\Pipeline\\Pipeline->Illuminate\\Pipeline\\{closure}(Object(Illuminate\\Http\\Request))
#42 D:\\Smart Damage Assessment System\\backend\\vendor\\laravel\\framework\\src\\Illuminate\\Foundation\\Http\\Middleware\\TrimStrings.php(51): Illuminate\\Foundation\\Http\\Middleware\\TransformsRequest->handle(Object(Illuminate\\Http\\Request), Object(Closure))
#43 D:\\Smart Damage Assessment System\\backend\\vendor\\laravel\\framework\\src\\Illuminate\\Pipeline\\Pipeline.php(209): Illuminate\\Foundation\\Http\\Middleware\\TrimStrings->handle(Object(Illuminate\\Http\\Request), Object(Closure))
#44 D:\\Smart Damage Assessment System\\backend\\vendor\\laravel\\framework\\src\\Illuminate\\Http\\Middleware\\ValidatePostSize.php(27): Illuminate\\Pipeline\\Pipeline->Illuminate\\Pipeline\\{closure}(Object(Illuminate\\Http\\Request))
#45 D:\\Smart Damage Assessment System\\backend\\vendor\\laravel\\framework\\src\\Illuminate\\Pipeline\\Pipeline.php(209): Illuminate\\Http\\Middleware\\ValidatePostSize->handle(Object(Illuminate\\Http\\Request), Object(Closure))
#46 D:\\Smart Damage Assessment System\\backend\\vendor\\laravel\\framework\\src\\Illuminate\\Foundation\\Http\\Middleware\\PreventRequestsDuringMaintenance.php(110): Illuminate\\Pipeline\\Pipeline->Illuminate\\Pipeline\\{closure}(Object(Illuminate\\Http\\Request))
#47 D:\\Smart Damage Assessment System\\backend\\vendor\\laravel\\framework\\src\\Illuminate\\Pipeline\\Pipeline.php(209): Illuminate\\Foundation\\Http\\Middleware\\PreventRequestsDuringMaintenance->handle(Object(Illuminate\\Http\\Request), Object(Closure))
#48 D:\\Smart Damage Assessment System\\backend\\vendor\\laravel\\framework\\src\\Illuminate\\Http\\Middleware\\HandleCors.php(62): Illuminate\\Pipeline\\Pipeline->Illuminate\\Pipeline\\{closure}(Object(Illuminate\\Http\\Request))
#49 D:\\Smart Damage Assessment System\\backend\\vendor\\laravel\\framework\\src\\Illuminate\\Pipeline\\Pipeline.php(209): Illuminate\\Http\\Middleware\\HandleCors->handle(Object(Illuminate\\Http\\Request), Object(Closure))
#50 D:\\Smart Damage Assessment System\\backend\\vendor\\laravel\\framework\\src\\Illuminate\\Http\\Middleware\\TrustProxies.php(58): Illuminate\\Pipeline\\Pipeline->Illuminate\\Pipeline\\{closure}(Object(Illuminate\\Http\\Request))
#51 D:\\Smart Damage Assessment System\\backend\\vendor\\laravel\\framework\\src\\Illuminate\\Pipeline\\Pipeline.php(209): Illuminate\\Http\\Middleware\\TrustProxies->handle(Object(Illuminate\\Http\\Request), Object(Closure))
#52 D:\\Smart Damage Assessment System\\backend\\vendor\\laravel\\framework\\src\\Illuminate\\Foundation\\Http\\Middleware\\InvokeDeferredCallbacks.php(22): Illuminate\\Pipeline\\Pipeline->Illuminate\\Pipeline\\{closure}(Object(Illuminate\\Http\\Request))
#53 D:\\Smart Damage Assessment System\\backend\\vendor\\laravel\\framework\\src\\Illuminate\\Pipeline\\Pipeline.php(209): Illuminate\\Foundation\\Http\\Middleware\\InvokeDeferredCallbacks->handle(Object(Illuminate\\Http\\Request), Object(Closure))
#54 D:\\Smart Damage Assessment System\\backend\\vendor\\laravel\\framework\\src\\Illuminate\\Pipeline\\Pipeline.php(127): Illuminate\\Pipeline\\Pipeline->Illuminate\\Pipeline\\{closure}(Object(Illuminate\\Http\\Request))
#55 D:\\Smart Damage Assessment System\\backend\\vendor\\laravel\\framework\\src\\Illuminate\\Foundation\\Http\\Kernel.php(176): Illuminate\\Pipeline\\Pipeline->then(Object(Closure))
#56 D:\\Smart Damage Assessment System\\backend\\vendor\\laravel\\framework\\src\\Illuminate\\Foundation\\Http\\Kernel.php(145): Illuminate\\Foundation\\Http\\Kernel->sendRequestThroughRouter(Object(Illuminate\\Http\\Request))
#57 D:\\Smart Damage Assessment System\\backend\\public\\index.php(17): Illuminate\\Foundation\\Http\\Kernel->handle(Object(Illuminate\\Http\\Request))
#58 D:\\Smart Damage Assessment System\\backend\\vendor\\laravel\\framework\\src\\Illuminate\\Foundation\\resources\\server.php(23): require_once('D:\\\\Smart Damage...')
#59 {main}
"} 
[2026-01-27 13:03:22] local.ERROR: SQLSTATE[HY000] [2002] No connection could be made because the target machine actively refused it (Connection: mysql, SQL: select * from `users` where `email` = user@test.com limit 1) {"exception":"[object] (Illuminate\\Database\\QueryException(code: 2002): SQLSTATE[HY000] [2002] No connection could be made because the target machine actively refused it (Connection: mysql, SQL: select * from `users` where `email` = user@test.com limit 1) at D:\\Smart Damage Assessment System\\backend\\vendor\\laravel\\framework\\src\\Illuminate\\Database\\Connection.php:825)
[stacktrace]
#0 D:\\Smart Damage Assessment System\\backend\\vendor\\laravel\\framework\\src\\Illuminate\\Database\\Connection.php(979): Illuminate\\Database\\Connection->runQueryCallback('select * from `...', Array, Object(Closure))
#1 D:\\Smart Damage Assessment System\\backend\\vendor\\laravel\\framework\\src\\Illuminate\\Database\\Connection.php(958): Illuminate\\Database\\Connection->tryAgainIfCausedByLostConnection(Object(Illuminate\\Database\\QueryException), 'select * from `...', Array, Object(Closure))
#2 D:\\Smart Damage Assessment System\\backend\\vendor\\laravel\\framework\\src\\Illuminate\\Database\\Connection.php(781): Illuminate\\Database\\Connection->handleQueryException(Object(Illuminate\\Database\\QueryException), 'select * from `...', Array, Object(Closure))
#3 D:\\Smart Damage Assessment System\\backend\\vendor\\laravel\\framework\\src\\Illuminate\\Database\\Connection.php(398): Illuminate\\Database\\Connection->run('select * from `...', Array, Object(Closure))
#4 D:\\Smart Damage Assessment System\\backend\\vendor\\laravel\\framework\\src\\Illuminate\\Database\\Query\\Builder.php(3106): Illuminate\\Database\\Connection->select('select * from `...', Array, true)
#5 D:\\Smart Damage Assessment System\\backend\\vendor\\laravel\\framework\\src\\Illuminate\\Database\\Query\\Builder.php(3091): Illuminate\\Database\\Query\\Builder->runSelect()
#6 D:\\Smart Damage Assessment System\\backend\\vendor\\laravel\\framework\\src\\Illuminate\\Database\\Query\\Builder.php(3676): Illuminate\\Database\\Query\\Builder->Illuminate\\Database\\Query\\{closure}()
#7 D:\\Smart Damage Assessment System\\backend\\vendor\\laravel\\framework\\src\\Illuminate\\Database\\Query\\Builder.php(3090): Illuminate\\Database\\Query\\Builder->onceWithColumns(Array, Object(Closure))
#8 D:\\Smart Damage Assessment System\\backend\\vendor\\laravel\\framework\\src\\Illuminate\\Database\\Eloquent\\Builder.php(811): Illuminate\\Database\\Query\\Builder->get(Array)
#9 D:\\Smart Damage Assessment System\\backend\\vendor\\laravel\\framework\\src\\Illuminate\\Database\\Eloquent\\Builder.php(793): Illuminate\\Database\\Eloquent\\Builder->getModels(Array)
#10 D:\\Smart Damage Assessment System\\backend\\vendor\\laravel\\framework\\src\\Illuminate\\Database\\Concerns\\BuildsQueries.php(343): Illuminate\\Database\\Eloquent\\Builder->get(Array)
#11 D:\\Smart Damage Assessment System\\backend\\app\\Http\\Controllers\\Api\\AuthController.php(39): Illuminate\\Database\\Eloquent\\Builder->first()
#12 D:\\Smart Damage Assessment System\\backend\\vendor\\laravel\\framework\\src\\Illuminate\\Routing\\Controller.php(54): App\\Http\\Controllers\\Api\\AuthController->login(Object(Illuminate\\Http\\Request))
#13 D:\\Smart Damage Assessment System\\backend\\vendor\\laravel\\framework\\src\\Illuminate\\Routing\\ControllerDispatcher.php(44): Illuminate\\Routing\\Controller->callAction('login', Array)
#14 D:\\Smart Damage Assessment System\\backend\\vendor\\laravel\\framework\\src\\Illuminate\\Routing\\Route.php(266): Illuminate\\Routing\\ControllerDispatcher->dispatch(Object(Illuminate\\Routing\\Route), Object(App\\Http\\Controllers\\Api\\AuthController), 'login')
#15 D:\\Smart Damage Assessment System\\backend\\vendor\\laravel\\framework\\src\\Illuminate\\Routing\\Route.php(212): Illuminate\\Routing\\Route->runController()
#16 D:\\Smart Damage Assessment System\\backend\\vendor\\laravel\\framework\\src\\Illuminate\\Routing\\Router.php(808): Illuminate\\Routing\\Route->run()
#17 D:\\Smart Damage Assessment System\\backend\\vendor\\laravel\\framework\\src\\Illuminate\\Pipeline\\Pipeline.php(170): Illuminate\\Routing\\Router->Illuminate\\Routing\\{closure}(Object(Illuminate\\Http\\Request))
#18 D:\\Smart Damage Assessment System\\backend\\vendor\\laravel\\framework\\src\\Illuminate\\Routing\\Middleware\\SubstituteBindings.php(51): Illuminate\\Pipeline\\Pipeline->Illuminate\\Pipeline\\{closure}(Object(Illuminate\\Http\\Request))
#19 D:\\Smart Damage Assessment System\\backend\\vendor\\laravel\\framework\\src\\Illuminate\\Pipeline\\Pipeline.php(209): Illuminate\\Routing\\Middleware\\SubstituteBindings->handle(Object(Illuminate\\Http\\Request), Object(Closure))
#20 D:\\Smart Damage Assessment System\\backend\\vendor\\laravel\\framework\\src\\Illuminate\\Pipeline\\Pipeline.php(127): Illuminate\\Pipeline\\Pipeline->Illuminate\\Pipeline\\{closure}(Object(Illuminate\\Http\\Request))
#21 D:\\Smart Damage Assessment System\\backend\\vendor\\laravel\\framework\\src\\Illuminate\\Routing\\Router.php(807): Illuminate\\Pipeline\\Pipeline->then(Object(Closure))
#22 D:\\Smart Damage Assessment System\\backend\\vendor\\laravel\\framework\\src\\Illuminate\\Routing\\Router.php(786): Illuminate\\Routing\\Router->runRouteWithinStack(Object(Illuminate\\Routing\\Route), Object(Illuminate\\Http\\Request))
#23 D:\\Smart Damage Assessment System\\backend\\vendor\\laravel\\framework\\src\\Illuminate\\Routing\\Router.php(750): Illuminate\\Routing\\Router->runRoute(Object(Illuminate\\Http\\Request), Object(Illuminate\\Routing\\Route))
#24 D:\\Smart Damage Assessment System\\backend\\vendor\\laravel\\framework\\src\\Illuminate\\Routing\\Router.php(739): Illuminate\\Routing\\Router->dispatchToRoute(Object(Illuminate\\Http\\Request))
#25 D:\\Smart Damage Assessment System\\backend\\vendor\\laravel\\framework\\src\\Illuminate\\Foundation\\Http\\Kernel.php(201): Illuminate\\Routing\\Router->dispatch(Object(Illuminate\\Http\\Request))
#26 D:\\Smart Damage Assessment System\\backend\\vendor\\laravel\\framework\\src\\Illuminate\\Pipeline\\Pipeline.php(170): Illuminate\\Foundation\\Http\\Kernel->Illuminate\\Foundation\\Http\\{closure}(Object(Illuminate\\Http\\Request))
#27 D:\\Smart Damage Assessment System\\backend\\vendor\\laravel\\framework\\src\\Illuminate\\Foundation\\Http\\Middleware\\TransformsRequest.php(21): Illuminate\\Pipeline\\Pipeline->Illuminate\\Pipeline\\{closure}(Object(Illuminate\\Http\\Request))
#28 D:\\Smart Damage Assessment System\\backend\\vendor\\laravel\\framework\\src\\Illuminate\\Foundation\\Http\\Middleware\\ConvertEmptyStringsToNull.php(31): Illuminate\\Foundation\\Http\\Middleware\\TransformsRequest->handle(Object(Illuminate\\Http\\Request), Object(Closure))
#29 D:\\Smart Damage Assessment System\\backend\\vendor\\laravel\\framework\\src\\Illuminate\\Pipeline\\Pipeline.php(209): Illuminate\\Foundation\\Http\\Middleware\\ConvertEmptyStringsToNull->handle(Object(Illuminate\\Http\\Request), Object(Closure))
#30 D:\\Smart Damage Assessment System\\backend\\vendor\\laravel\\framework\\src\\Illuminate\\Foundation\\Http\\Middleware\\TransformsRequest.php(21): Illuminate\\Pipeline\\Pipeline->Illuminate\\Pipeline\\{closure}(Object(Illuminate\\Http\\Request))
#31 D:\\Smart Damage Assessment System\\backend\\vendor\\laravel\\framework\\src\\Illuminate\\Foundation\\Http\\Middleware\\TrimStrings.php(51): Illuminate\\Foundation\\Http\\Middleware\\TransformsRequest->handle(Object(Illuminate\\Http\\Request), Object(Closure))
#32 D:\\Smart Damage Assessment System\\backend\\vendor\\laravel\\framework\\src\\Illuminate\\Pipeline\\Pipeline.php(209): Illuminate\\Foundation\\Http\\Middleware\\TrimStrings->handle(Object(Illuminate\\Http\\Request), Object(Closure))
#33 D:\\Smart Damage Assessment System\\backend\\vendor\\laravel\\framework\\src\\Illuminate\\Http\\Middleware\\ValidatePostSize.php(27): Illuminate\\Pipeline\\Pipeline->Illuminate\\Pipeline\\{closure}(Object(Illuminate\\Http\\Request))
#34 D:\\Smart Damage Assessment System\\backend\\vendor\\laravel\\framework\\src\\Illuminate\\Pipeline\\Pipeline.php(209): Illuminate\\Http\\Middleware\\ValidatePostSize->handle(Object(Illuminate\\Http\\Request), Object(Closure))
#35 D:\\Smart Damage Assessment System\\backend\\vendor\\laravel\\framework\\src\\Illuminate\\Foundation\\Http\\Middleware\\PreventRequestsDuringMaintenance.php(110): Illuminate\\Pipeline\\Pipeline->Illuminate\\Pipeline\\{closure}(Object(Illuminate\\Http\\Request))
#36 D:\\Smart Damage Assessment System\\backend\\vendor\\laravel\\framework\\src\\Illuminate\\Pipeline\\Pipeline.php(209): Illuminate\\Foundation\\Http\\Middleware\\PreventRequestsDuringMaintenance->handle(Object(Illuminate\\Http\\Request), Object(Closure))
#37 D:\\Smart Damage Assessment System\\backend\\vendor\\laravel\\framework\\src\\Illuminate\\Http\\Middleware\\HandleCors.php(62): Illuminate\\Pipeline\\Pipeline->Illuminate\\Pipeline\\{closure}(Object(Illuminate\\Http\\Request))
#38 D:\\Smart Damage Assessment System\\backend\\vendor\\laravel\\framework\\src\\Illuminate\\Pipeline\\Pipeline.php(209): Illuminate\\Http\\Middleware\\HandleCors->handle(Object(Illuminate\\Http\\Request), Object(Closure))
#39 D:\\Smart Damage Assessment System\\backend\\vendor\\laravel\\framework\\src\\Illuminate\\Http\\Middleware\\TrustProxies.php(58): Illuminate\\Pipeline\\Pipeline->Illuminate\\Pipeline\\{closure}(Object(Illuminate\\Http\\Request))
#40 D:\\Smart Damage Assessment System\\backend\\vendor\\laravel\\framework\\src\\Illuminate\\Pipeline\\Pipeline.php(209): Illuminate\\Http\\Middleware\\TrustProxies->handle(Object(Illuminate\\Http\\Request), Object(Closure))
#41 D:\\Smart Damage Assessment System\\backend\\vendor\\laravel\\framework\\src\\Illuminate\\Foundation\\Http\\Middleware\\InvokeDeferredCallbacks.php(22): Illuminate\\Pipeline\\Pipeline->Illuminate\\Pipeline\\{closure}(Object(Illuminate\\Http\\Request))
#42 D:\\Smart Damage Assessment System\\backend\\vendor\\laravel\\framework\\src\\Illuminate\\Pipeline\\Pipeline.php(209): Illuminate\\Foundation\\Http\\Middleware\\InvokeDeferredCallbacks->handle(Object(Illuminate\\Http\\Request), Object(Closure))
#43 D:\\Smart Damage Assessment System\\backend\\vendor\\laravel\\framework\\src\\Illuminate\\Pipeline\\Pipeline.php(127): Illuminate\\Pipeline\\Pipeline->Illuminate\\Pipeline\\{closure}(Object(Illuminate\\Http\\Request))
#44 D:\\Smart Damage Assessment System\\backend\\vendor\\laravel\\framework\\src\\Illuminate\\Foundation\\Http\\Kernel.php(176): Illuminate\\Pipeline\\Pipeline->then(Object(Closure))
#45 D:\\Smart Damage Assessment System\\backend\\vendor\\laravel\\framework\\src\\Illuminate\\Foundation\\Http\\Kernel.php(145): Illuminate\\Foundation\\Http\\Kernel->sendRequestThroughRouter(Object(Illuminate\\Http\\Request))
#46 D:\\Smart Damage Assessment System\\backend\\public\\index.php(17): Illuminate\\Foundation\\Http\\Kernel->handle(Object(Illuminate\\Http\\Request))
#47 D:\\Smart Damage Assessment System\\backend\\vendor\\laravel\\framework\\src\\Illuminate\\Foundation\\resources\\server.php(23): require_once('D:\\\\Smart Damage...')
#48 {main}

[previous exception] [object] (PDOException(code: 2002): SQLSTATE[HY000] [2002] No connection could be made because the target machine actively refused it at D:\\Smart Damage Assessment System\\backend\\vendor\\laravel\\framework\\src\\Illuminate\\Database\\Connectors\\Connector.php:66)
[stacktrace]
#0 D:\\Smart Damage Assessment System\\backend\\vendor\\laravel\\framework\\src\\Illuminate\\Database\\Connectors\\Connector.php(66): PDO->__construct('mysql:host=127....', 'root', Object(SensitiveParameterValue), Array)
#1 D:\\Smart Damage Assessment System\\backend\\vendor\\laravel\\framework\\src\\Illuminate\\Database\\Connectors\\Connector.php(85): Illuminate\\Database\\Connectors\\Connector->createPdoConnection('mysql:host=127....', 'root', Object(SensitiveParameterValue), Array)
#2 D:\\Smart Damage Assessment System\\backend\\vendor\\laravel\\framework\\src\\Illuminate\\Database\\Connectors\\Connector.php(48): Illuminate\\Database\\Connectors\\Connector->tryAgainIfCausedByLostConnection(Object(PDOException), 'mysql:host=127....', 'root', Object(SensitiveParameterValue), Array)
#3 D:\\Smart Damage Assessment System\\backend\\vendor\\laravel\\framework\\src\\Illuminate\\Database\\Connectors\\MySqlConnector.php(24): Illuminate\\Database\\Connectors\\Connector->createConnection('mysql:host=127....', Array, Array)
#4 D:\\Smart Damage Assessment System\\backend\\vendor\\laravel\\framework\\src\\Illuminate\\Database\\Connectors\\ConnectionFactory.php(185): Illuminate\\Database\\Connectors\\MySqlConnector->connect(Array)
#5 [internal function]: Illuminate\\Database\\Connectors\\ConnectionFactory->Illuminate\\Database\\Connectors\\{closure}()
#6 D:\\Smart Damage Assessment System\\backend\\vendor\\laravel\\framework\\src\\Illuminate\\Database\\Connection.php(1231): call_user_func(Object(Closure))
#7 D:\\Smart Damage Assessment System\\backend\\vendor\\laravel\\framework\\src\\Illuminate\\Database\\Connection.php(1267): Illuminate\\Database\\Connection->getPdo()
#8 D:\\Smart Damage Assessment System\\backend\\vendor\\laravel\\framework\\src\\Illuminate\\Database\\Connection.php(512): Illuminate\\Database\\Connection->getReadPdo()
#9 D:\\Smart Damage Assessment System\\backend\\vendor\\laravel\\framework\\src\\Illuminate\\Database\\Connection.php(407): Illuminate\\Database\\Connection->getPdoForSelect(true)
#10 D:\\Smart Damage Assessment System\\backend\\vendor\\laravel\\framework\\src\\Illuminate\\Database\\Connection.php(812): Illuminate\\Database\\Connection->Illuminate\\Database\\{closure}('select * from `...', Array)
#11 D:\\Smart Damage Assessment System\\backend\\vendor\\laravel\\framework\\src\\Illuminate\\Database\\Connection.php(979): Illuminate\\Database\\Connection->runQueryCallback('select * from `...', Array, Object(Closure))
#12 D:\\Smart Damage Assessment System\\backend\\vendor\\laravel\\framework\\src\\Illuminate\\Database\\Connection.php(958): Illuminate\\Database\\Connection->tryAgainIfCausedByLostConnection(Object(Illuminate\\Database\\QueryException), 'select * from `...', Array, Object(Closure))
#13 D:\\Smart Damage Assessment System\\backend\\vendor\\laravel\\framework\\src\\Illuminate\\Database\\Connection.php(781): Illuminate\\Database\\Connection->handleQueryException(Object(Illuminate\\Database\\QueryException), 'select * from `...', Array, Object(Closure))
#14 D:\\Smart Damage Assessment System\\backend\\vendor\\laravel\\framework\\src\\Illuminate\\Database\\Connection.php(398): Illuminate\\Database\\Connection->run('select * from `...', Array, Object(Closure))
#15 D:\\Smart Damage Assessment System\\backend\\vendor\\laravel\\framework\\src\\Illuminate\\Database\\Query\\Builder.php(3106): Illuminate\\Database\\Connection->select('select * from `...', Array, true)
#16 D:\\Smart Damage Assessment System\\backend\\vendor\\laravel\\framework\\src\\Illuminate\\Database\\Query\\Builder.php(3091): Illuminate\\Database\\Query\\Builder->runSelect()
#17 D:\\Smart Damage Assessment System\\backend\\vendor\\laravel\\framework\\src\\Illuminate\\Database\\Query\\Builder.php(3676): Illuminate\\Database\\Query\\Builder->Illuminate\\Database\\Query\\{closure}()
#18 D:\\Smart Damage Assessment System\\backend\\vendor\\laravel\\framework\\src\\Illuminate\\Database\\Query\\Builder.php(3090): Illuminate\\Database\\Query\\Builder->onceWithColumns(Array, Object(Closure))
#19 D:\\Smart Damage Assessment System\\backend\\vendor\\laravel\\framework\\src\\Illuminate\\Database\\Eloquent\\Builder.php(811): Illuminate\\Database\\Query\\Builder->get(Array)
#20 D:\\Smart Damage Assessment System\\backend\\vendor\\laravel\\framework\\src\\Illuminate\\Database\\Eloquent\\Builder.php(793): Illuminate\\Database\\Eloquent\\Builder->getModels(Array)
#21 D:\\Smart Damage Assessment System\\backend\\vendor\\laravel\\framework\\src\\Illuminate\\Database\\Concerns\\BuildsQueries.php(343): Illuminate\\Database\\Eloquent\\Builder->get(Array)
#22 D:\\Smart Damage Assessment System\\backend\\app\\Http\\Controllers\\Api\\AuthController.php(39): Illuminate\\Database\\Eloquent\\Builder->first()
#23 D:\\Smart Damage Assessment System\\backend\\vendor\\laravel\\framework\\src\\Illuminate\\Routing\\Controller.php(54): App\\Http\\Controllers\\Api\\AuthController->login(Object(Illuminate\\Http\\Request))
#24 D:\\Smart Damage Assessment System\\backend\\vendor\\laravel\\framework\\src\\Illuminate\\Routing\\ControllerDispatcher.php(44): Illuminate\\Routing\\Controller->callAction('login', Array)
#25 D:\\Smart Damage Assessment System\\backend\\vendor\\laravel\\framework\\src\\Illuminate\\Routing\\Route.php(266): Illuminate\\Routing\\ControllerDispatcher->dispatch(Object(Illuminate\\Routing\\Route), Object(App\\Http\\Controllers\\Api\\AuthController), 'login')
#26 D:\\Smart Damage Assessment System\\backend\\vendor\\laravel\\framework\\src\\Illuminate\\Routing\\Route.php(212): Illuminate\\Routing\\Route->runController()
#27 D:\\Smart Damage Assessment System\\backend\\vendor\\laravel\\framework\\src\\Illuminate\\Routing\\Router.php(808): Illuminate\\Routing\\Route->run()
#28 D:\\Smart Damage Assessment System\\backend\\vendor\\laravel\\framework\\src\\Illuminate\\Pipeline\\Pipeline.php(170): Illuminate\\Routing\\Router->Illuminate\\Routing\\{closure}(Object(Illuminate\\Http\\Request))
#29 D:\\Smart Damage Assessment System\\backend\\vendor\\laravel\\framework\\src\\Illuminate\\Routing\\Middleware\\SubstituteBindings.php(51): Illuminate\\Pipeline\\Pipeline->Illuminate\\Pipeline\\{closure}(Object(Illuminate\\Http\\Request))
#30 D:\\Smart Damage Assessment System\\backend\\vendor\\laravel\\framework\\src\\Illuminate\\Pipeline\\Pipeline.php(209): Illuminate\\Routing\\Middleware\\SubstituteBindings->handle(Object(Illuminate\\Http\\Request), Object(Closure))
#31 D:\\Smart Damage Assessment System\\backend\\vendor\\laravel\\framework\\src\\Illuminate\\Pipeline\\Pipeline.php(127): Illuminate\\Pipeline\\Pipeline->Illuminate\\Pipeline\\{closure}(Object(Illuminate\\Http\\Request))
#32 D:\\Smart Damage Assessment System\\backend\\vendor\\laravel\\framework\\src\\Illuminate\\Routing\\Router.php(807): Illuminate\\Pipeline\\Pipeline->then(Object(Closure))
#33 D:\\Smart Damage Assessment System\\backend\\vendor\\laravel\\framework\\src\\Illuminate\\Routing\\Router.php(786): Illuminate\\Routing\\Router->runRouteWithinStack(Object(Illuminate\\Routing\\Route), Object(Illuminate\\Http\\Request))
#34 D:\\Smart Damage Assessment System\\backend\\vendor\\laravel\\framework\\src\\Illuminate\\Routing\\Router.php(750): Illuminate\\Routing\\Router->runRoute(Object(Illuminate\\Http\\Request), Object(Illuminate\\Routing\\Route))
#35 D:\\Smart Damage Assessment System\\backend\\vendor\\laravel\\framework\\src\\Illuminate\\Routing\\Router.php(739): Illuminate\\Routing\\Router->dispatchToRoute(Object(Illuminate\\Http\\Request))
#36 D:\\Smart Damage Assessment System\\backend\\vendor\\laravel\\framework\\src\\Illuminate\\Foundation\\Http\\Kernel.php(201): Illuminate\\Routing\\Router->dispatch(Object(Illuminate\\Http\\Request))
#37 D:\\Smart Damage Assessment System\\backend\\vendor\\laravel\\framework\\src\\Illuminate\\Pipeline\\Pipeline.php(170): Illuminate\\Foundation\\Http\\Kernel->Illuminate\\Foundation\\Http\\{closure}(Object(Illuminate\\Http\\Request))
#38 D:\\Smart Damage Assessment System\\backend\\vendor\\laravel\\framework\\src\\Illuminate\\Foundation\\Http\\Middleware\\TransformsRequest.php(21): Illuminate\\Pipeline\\Pipeline->Illuminate\\Pipeline\\{closure}(Object(Illuminate\\Http\\Request))
#39 D:\\Smart Damage Assessment System\\backend\\vendor\\laravel\\framework\\src\\Illuminate\\Foundation\\Http\\Middleware\\ConvertEmptyStringsToNull.php(31): Illuminate\\Foundation\\Http\\Middleware\\TransformsRequest->handle(Object(Illuminate\\Http\\Request), Object(Closure))
#40 D:\\Smart Damage Assessment System\\backend\\vendor\\laravel\\framework\\src\\Illuminate\\Pipeline\\Pipeline.php(209): Illuminate\\Foundation\\Http\\Middleware\\ConvertEmptyStringsToNull->handle(Object(Illuminate\\Http\\Request), Object(Closure))
#41 D:\\Smart Damage Assessment System\\backend\\vendor\\laravel\\framework\\src\\Illuminate\\Foundation\\Http\\Middleware\\TransformsRequest.php(21): Illuminate\\Pipeline\\Pipeline->Illuminate\\Pipeline\\{closure}(Object(Illuminate\\Http\\Request))
#42 D:\\Smart Damage Assessment System\\backend\\vendor\\laravel\\framework\\src\\Illuminate\\Foundation\\Http\\Middleware\\TrimStrings.php(51): Illuminate\\Foundation\\Http\\Middleware\\TransformsRequest->handle(Object(Illuminate\\Http\\Request), Object(Closure))
#43 D:\\Smart Damage Assessment System\\backend\\vendor\\laravel\\framework\\src\\Illuminate\\Pipeline\\Pipeline.php(209): Illuminate\\Foundation\\Http\\Middleware\\TrimStrings->handle(Object(Illuminate\\Http\\Request), Object(Closure))
#44 D:\\Smart Damage Assessment System\\backend\\vendor\\laravel\\framework\\src\\Illuminate\\Http\\Middleware\\ValidatePostSize.php(27): Illuminate\\Pipeline\\Pipeline->Illuminate\\Pipeline\\{closure}(Object(Illuminate\\Http\\Request))
#45 D:\\Smart Damage Assessment System\\backend\\vendor\\laravel\\framework\\src\\Illuminate\\Pipeline\\Pipeline.php(209): Illuminate\\Http\\Middleware\\ValidatePostSize->handle(Object(Illuminate\\Http\\Request), Object(Closure))
#46 D:\\Smart Damage Assessment System\\backend\\vendor\\laravel\\framework\\src\\Illuminate\\Foundation\\Http\\Middleware\\PreventRequestsDuringMaintenance.php(110): Illuminate\\Pipeline\\Pipeline->Illuminate\\Pipeline\\{closure}(Object(Illuminate\\Http\\Request))
#47 D:\\Smart Damage Assessment System\\backend\\vendor\\laravel\\framework\\src\\Illuminate\\Pipeline\\Pipeline.php(209): Illuminate\\Foundation\\Http\\Middleware\\PreventRequestsDuringMaintenance->handle(Object(Illuminate\\Http\\Request), Object(Closure))
#48 D:\\Smart Damage Assessment System\\backend\\vendor\\laravel\\framework\\src\\Illuminate\\Http\\Middleware\\HandleCors.php(62): Illuminate\\Pipeline\\Pipeline->Illuminate\\Pipeline\\{closure}(Object(Illuminate\\Http\\Request))
#49 D:\\Smart Damage Assessment System\\backend\\vendor\\laravel\\framework\\src\\Illuminate\\Pipeline\\Pipeline.php(209): Illuminate\\Http\\Middleware\\HandleCors->handle(Object(Illuminate\\Http\\Request), Object(Closure))
#50 D:\\Smart Damage Assessment System\\backend\\vendor\\laravel\\framework\\src\\Illuminate\\Http\\Middleware\\TrustProxies.php(58): Illuminate\\Pipeline\\Pipeline->Illuminate\\Pipeline\\{closure}(Object(Illuminate\\Http\\Request))
#51 D:\\Smart Damage Assessment System\\backend\\vendor\\laravel\\framework\\src\\Illuminate\\Pipeline\\Pipeline.php(209): Illuminate\\Http\\Middleware\\TrustProxies->handle(Object(Illuminate\\Http\\Request), Object(Closure))
#52 D:\\Smart Damage Assessment System\\backend\\vendor\\laravel\\framework\\src\\Illuminate\\Foundation\\Http\\Middleware\\InvokeDeferredCallbacks.php(22): Illuminate\\Pipeline\\Pipeline->Illuminate\\Pipeline\\{closure}(Object(Illuminate\\Http\\Request))
#53 D:\\Smart Damage Assessment System\\backend\\vendor\\laravel\\framework\\src\\Illuminate\\Pipeline\\Pipeline.php(209): Illuminate\\Foundation\\Http\\Middleware\\InvokeDeferredCallbacks->handle(Object(Illuminate\\Http\\Request), Object(Closure))
#54 D:\\Smart Damage Assessment System\\backend\\vendor\\laravel\\framework\\src\\Illuminate\\Pipeline\\Pipeline.php(127): Illuminate\\Pipeline\\Pipeline->Illuminate\\Pipeline\\{closure}(Object(Illuminate\\Http\\Request))
#55 D:\\Smart Damage Assessment System\\backend\\vendor\\laravel\\framework\\src\\Illuminate\\Foundation\\Http\\Kernel.php(176): Illuminate\\Pipeline\\Pipeline->then(Object(Closure))
#56 D:\\Smart Damage Assessment System\\backend\\vendor\\laravel\\framework\\src\\Illuminate\\Foundation\\Http\\Kernel.php(145): Illuminate\\Foundation\\Http\\Kernel->sendRequestThroughRouter(Object(Illuminate\\Http\\Request))
#57 D:\\Smart Damage Assessment System\\backend\\public\\index.php(17): Illuminate\\Foundation\\Http\\Kernel->handle(Object(Illuminate\\Http\\Request))
#58 D:\\Smart Damage Assessment System\\backend\\vendor\\laravel\\framework\\src\\Illuminate\\Foundation\\resources\\server.php(23): require_once('D:\\\\Smart Damage...')
#59 {main}
"} 
[2026-01-27 13:03:48] local.ERROR: SQLSTATE[HY000] [2002] No connection could be made because the target machine actively refused it (Connection: mysql, SQL: select * from `users` where `email` = user@test.com limit 1) {"exception":"[object] (Illuminate\\Database\\QueryException(code: 2002): SQLSTATE[HY000] [2002] No connection could be made because the target machine actively refused it (Connection: mysql, SQL: select * from `users` where `email` = user@test.com limit 1) at D:\\Smart Damage Assessment System\\backend\\vendor\\laravel\\framework\\src\\Illuminate\\Database\\Connection.php:825)
[stacktrace]
#0 D:\\Smart Damage Assessment System\\backend\\vendor\\laravel\\framework\\src\\Illuminate\\Database\\Connection.php(979): Illuminate\\Database\\Connection->runQueryCallback('select * from `...', Array, Object(Closure))
#1 D:\\Smart Damage Assessment System\\backend\\vendor\\laravel\\framework\\src\\Illuminate\\Database\\Connection.php(958): Illuminate\\Database\\Connection->tryAgainIfCausedByLostConnection(Object(Illuminate\\Database\\QueryException), 'select * from `...', Array, Object(Closure))
#2 D:\\Smart Damage Assessment System\\backend\\vendor\\laravel\\framework\\src\\Illuminate\\Database\\Connection.php(781): Illuminate\\Database\\Connection->handleQueryException(Object(Illuminate\\Database\\QueryException), 'select * from `...', Array, Object(Closure))
#3 D:\\Smart Damage Assessment System\\backend\\vendor\\laravel\\framework\\src\\Illuminate\\Database\\Connection.php(398): Illuminate\\Database\\Connection->run('select * from `...', Array, Object(Closure))
#4 D:\\Smart Damage Assessment System\\backend\\vendor\\laravel\\framework\\src\\Illuminate\\Database\\Query\\Builder.php(3106): Illuminate\\Database\\Connection->select('select * from `...', Array, true)
#5 D:\\Smart Damage Assessment System\\backend\\vendor\\laravel\\framework\\src\\Illuminate\\Database\\Query\\Builder.php(3091): Illuminate\\Database\\Query\\Builder->runSelect()
#6 D:\\Smart Damage Assessment System\\backend\\vendor\\laravel\\framework\\src\\Illuminate\\Database\\Query\\Builder.php(3676): Illuminate\\Database\\Query\\Builder->Illuminate\\Database\\Query\\{closure}()
#7 D:\\Smart Damage Assessment System\\backend\\vendor\\laravel\\framework\\src\\Illuminate\\Database\\Query\\Builder.php(3090): Illuminate\\Database\\Query\\Builder->onceWithColumns(Array, Object(Closure))
#8 D:\\Smart Damage Assessment System\\backend\\vendor\\laravel\\framework\\src\\Illuminate\\Database\\Eloquent\\Builder.php(811): Illuminate\\Database\\Query\\Builder->get(Array)
#9 D:\\Smart Damage Assessment System\\backend\\vendor\\laravel\\framework\\src\\Illuminate\\Database\\Eloquent\\Builder.php(793): Illuminate\\Database\\Eloquent\\Builder->getModels(Array)
#10 D:\\Smart Damage Assessment System\\backend\\vendor\\laravel\\framework\\src\\Illuminate\\Database\\Concerns\\BuildsQueries.php(343): Illuminate\\Database\\Eloquent\\Builder->get(Array)
#11 D:\\Smart Damage Assessment System\\backend\\app\\Http\\Controllers\\Api\\AuthController.php(39): Illuminate\\Database\\Eloquent\\Builder->first()
#12 D:\\Smart Damage Assessment System\\backend\\vendor\\laravel\\framework\\src\\Illuminate\\Routing\\Controller.php(54): App\\Http\\Controllers\\Api\\AuthController->login(Object(Illuminate\\Http\\Request))
#13 D:\\Smart Damage Assessment System\\backend\\vendor\\laravel\\framework\\src\\Illuminate\\Routing\\ControllerDispatcher.php(44): Illuminate\\Routing\\Controller->callAction('login', Array)
#14 D:\\Smart Damage Assessment System\\backend\\vendor\\laravel\\framework\\src\\Illuminate\\Routing\\Route.php(266): Illuminate\\Routing\\ControllerDispatcher->dispatch(Object(Illuminate\\Routing\\Route), Object(App\\Http\\Controllers\\Api\\AuthController), 'login')
#15 D:\\Smart Damage Assessment System\\backend\\vendor\\laravel\\framework\\src\\Illuminate\\Routing\\Route.php(212): Illuminate\\Routing\\Route->runController()
#16 D:\\Smart Damage Assessment System\\backend\\vendor\\laravel\\framework\\src\\Illuminate\\Routing\\Router.php(808): Illuminate\\Routing\\Route->run()
#17 D:\\Smart Damage Assessment System\\backend\\vendor\\laravel\\framework\\src\\Illuminate\\Pipeline\\Pipeline.php(170): Illuminate\\Routing\\Router->Illuminate\\Routing\\{closure}(Object(Illuminate\\Http\\Request))
#18 D:\\Smart Damage Assessment System\\backend\\vendor\\laravel\\framework\\src\\Illuminate\\Routing\\Middleware\\SubstituteBindings.php(51): Illuminate\\Pipeline\\Pipeline->Illuminate\\Pipeline\\{closure}(Object(Illuminate\\Http\\Request))
#19 D:\\Smart Damage Assessment System\\backend\\vendor\\laravel\\framework\\src\\Illuminate\\Pipeline\\Pipeline.php(209): Illuminate\\Routing\\Middleware\\SubstituteBindings->handle(Object(Illuminate\\Http\\Request), Object(Closure))
#20 D:\\Smart Damage Assessment System\\backend\\vendor\\laravel\\framework\\src\\Illuminate\\Pipeline\\Pipeline.php(127): Illuminate\\Pipeline\\Pipeline->Illuminate\\Pipeline\\{closure}(Object(Illuminate\\Http\\Request))
#21 D:\\Smart Damage Assessment System\\backend\\vendor\\laravel\\framework\\src\\Illuminate\\Routing\\Router.php(807): Illuminate\\Pipeline\\Pipeline->then(Object(Closure))
#22 D:\\Smart Damage Assessment System\\backend\\vendor\\laravel\\framework\\src\\Illuminate\\Routing\\Router.php(786): Illuminate\\Routing\\Router->runRouteWithinStack(Object(Illuminate\\Routing\\Route), Object(Illuminate\\Http\\Request))
#23 D:\\Smart Damage Assessment System\\backend\\vendor\\laravel\\framework\\src\\Illuminate\\Routing\\Router.php(750): Illuminate\\Routing\\Router->runRoute(Object(Illuminate\\Http\\Request), Object(Illuminate\\Routing\\Route))
#24 D:\\Smart Damage Assessment System\\backend\\vendor\\laravel\\framework\\src\\Illuminate\\Routing\\Router.php(739): Illuminate\\Routing\\Router->dispatchToRoute(Object(Illuminate\\Http\\Request))
#25 D:\\Smart Damage Assessment System\\backend\\vendor\\laravel\\framework\\src\\Illuminate\\Foundation\\Http\\Kernel.php(201): Illuminate\\Routing\\Router->dispatch(Object(Illuminate\\Http\\Request))
#26 D:\\Smart Damage Assessment System\\backend\\vendor\\laravel\\framework\\src\\Illuminate\\Pipeline\\Pipeline.php(170): Illuminate\\Foundation\\Http\\Kernel->Illuminate\\Foundation\\Http\\{closure}(Object(Illuminate\\Http\\Request))
#27 D:\\Smart Damage Assessment System\\backend\\vendor\\laravel\\framework\\src\\Illuminate\\Foundation\\Http\\Middleware\\TransformsRequest.php(21): Illuminate\\Pipeline\\Pipeline->Illuminate\\Pipeline\\{closure}(Object(Illuminate\\Http\\Request))
#28 D:\\Smart Damage Assessment System\\backend\\vendor\\laravel\\framework\\src\\Illuminate\\Foundation\\Http\\Middleware\\ConvertEmptyStringsToNull.php(31): Illuminate\\Foundation\\Http\\Middleware\\TransformsRequest->handle(Object(Illuminate\\Http\\Request), Object(Closure))
#29 D:\\Smart Damage Assessment System\\backend\\vendor\\laravel\\framework\\src\\Illuminate\\Pipeline\\Pipeline.php(209): Illuminate\\Foundation\\Http\\Middleware\\ConvertEmptyStringsToNull->handle(Object(Illuminate\\Http\\Request), Object(Closure))
#30 D:\\Smart Damage Assessment System\\backend\\vendor\\laravel\\framework\\src\\Illuminate\\Foundation\\Http\\Middleware\\TransformsRequest.php(21): Illuminate\\Pipeline\\Pipeline->Illuminate\\Pipeline\\{closure}(Object(Illuminate\\Http\\Request))
#31 D:\\Smart Damage Assessment System\\backend\\vendor\\laravel\\framework\\src\\Illuminate\\Foundation\\Http\\Middleware\\TrimStrings.php(51): Illuminate\\Foundation\\Http\\Middleware\\TransformsRequest->handle(Object(Illuminate\\Http\\Request), Object(Closure))
#32 D:\\Smart Damage Assessment System\\backend\\vendor\\laravel\\framework\\src\\Illuminate\\Pipeline\\Pipeline.php(209): Illuminate\\Foundation\\Http\\Middleware\\TrimStrings->handle(Object(Illuminate\\Http\\Request), Object(Closure))
#33 D:\\Smart Damage Assessment System\\backend\\vendor\\laravel\\framework\\src\\Illuminate\\Http\\Middleware\\ValidatePostSize.php(27): Illuminate\\Pipeline\\Pipeline->Illuminate\\Pipeline\\{closure}(Object(Illuminate\\Http\\Request))
#34 D:\\Smart Damage Assessment System\\backend\\vendor\\laravel\\framework\\src\\Illuminate\\Pipeline\\Pipeline.php(209): Illuminate\\Http\\Middleware\\ValidatePostSize->handle(Object(Illuminate\\Http\\Request), Object(Closure))
#35 D:\\Smart Damage Assessment System\\backend\\vendor\\laravel\\framework\\src\\Illuminate\\Foundation\\Http\\Middleware\\PreventRequestsDuringMaintenance.php(110): Illuminate\\Pipeline\\Pipeline->Illuminate\\Pipeline\\{closure}(Object(Illuminate\\Http\\Request))
#36 D:\\Smart Damage Assessment System\\backend\\vendor\\laravel\\framework\\src\\Illuminate\\Pipeline\\Pipeline.php(209): Illuminate\\Foundation\\Http\\Middleware\\PreventRequestsDuringMaintenance->handle(Object(Illuminate\\Http\\Request), Object(Closure))
#37 D:\\Smart Damage Assessment System\\backend\\vendor\\laravel\\framework\\src\\Illuminate\\Http\\Middleware\\HandleCors.php(62): Illuminate\\Pipeline\\Pipeline->Illuminate\\Pipeline\\{closure}(Object(Illuminate\\Http\\Request))
#38 D:\\Smart Damage Assessment System\\backend\\vendor\\laravel\\framework\\src\\Illuminate\\Pipeline\\Pipeline.php(209): Illuminate\\Http\\Middleware\\HandleCors->handle(Object(Illuminate\\Http\\Request), Object(Closure))
#39 D:\\Smart Damage Assessment System\\backend\\vendor\\laravel\\framework\\src\\Illuminate\\Http\\Middleware\\TrustProxies.php(58): Illuminate\\Pipeline\\Pipeline->Illuminate\\Pipeline\\{closure}(Object(Illuminate\\Http\\Request))
#40 D:\\Smart Damage Assessment System\\backend\\vendor\\laravel\\framework\\src\\Illuminate\\Pipeline\\Pipeline.php(209): Illuminate\\Http\\Middleware\\TrustProxies->handle(Object(Illuminate\\Http\\Request), Object(Closure))
#41 D:\\Smart Damage Assessment System\\backend\\vendor\\laravel\\framework\\src\\Illuminate\\Foundation\\Http\\Middleware\\InvokeDeferredCallbacks.php(22): Illuminate\\Pipeline\\Pipeline->Illuminate\\Pipeline\\{closure}(Object(Illuminate\\Http\\Request))
#42 D:\\Smart Damage Assessment System\\backend\\vendor\\laravel\\framework\\src\\Illuminate\\Pipeline\\Pipeline.php(209): Illuminate\\Foundation\\Http\\Middleware\\InvokeDeferredCallbacks->handle(Object(Illuminate\\Http\\Request), Object(Closure))
#43 D:\\Smart Damage Assessment System\\backend\\vendor\\laravel\\framework\\src\\Illuminate\\Pipeline\\Pipeline.php(127): Illuminate\\Pipeline\\Pipeline->Illuminate\\Pipeline\\{closure}(Object(Illuminate\\Http\\Request))
#44 D:\\Smart Damage Assessment System\\backend\\vendor\\laravel\\framework\\src\\Illuminate\\Foundation\\Http\\Kernel.php(176): Illuminate\\Pipeline\\Pipeline->then(Object(Closure))
#45 D:\\Smart Damage Assessment System\\backend\\vendor\\laravel\\framework\\src\\Illuminate\\Foundation\\Http\\Kernel.php(145): Illuminate\\Foundation\\Http\\Kernel->sendRequestThroughRouter(Object(Illuminate\\Http\\Request))
#46 D:\\Smart Damage Assessment System\\backend\\public\\index.php(17): Illuminate\\Foundation\\Http\\Kernel->handle(Object(Illuminate\\Http\\Request))
#47 D:\\Smart Damage Assessment System\\backend\\vendor\\laravel\\framework\\src\\Illuminate\\Foundation\\resources\\server.php(23): require_once('D:\\\\Smart Damage...')
#48 {main}

[previous exception] [object] (PDOException(code: 2002): SQLSTATE[HY000] [2002] No connection could be made because the target machine actively refused it at D:\\Smart Damage Assessment System\\backend\\vendor\\laravel\\framework\\src\\Illuminate\\Database\\Connectors\\Connector.php:66)
[stacktrace]
#0 D:\\Smart Damage Assessment System\\backend\\vendor\\laravel\\framework\\src\\Illuminate\\Database\\Connectors\\Connector.php(66): PDO->__construct('mysql:host=127....', 'root', Object(SensitiveParameterValue), Array)
#1 D:\\Smart Damage Assessment System\\backend\\vendor\\laravel\\framework\\src\\Illuminate\\Database\\Connectors\\Connector.php(85): Illuminate\\Database\\Connectors\\Connector->createPdoConnection('mysql:host=127....', 'root', Object(SensitiveParameterValue), Array)
#2 D:\\Smart Damage Assessment System\\backend\\vendor\\laravel\\framework\\src\\Illuminate\\Database\\Connectors\\Connector.php(48): Illuminate\\Database\\Connectors\\Connector->tryAgainIfCausedByLostConnection(Object(PDOException), 'mysql:host=127....', 'root', Object(SensitiveParameterValue), Array)
#3 D:\\Smart Damage Assessment System\\backend\\vendor\\laravel\\framework\\src\\Illuminate\\Database\\Connectors\\MySqlConnector.php(24): Illuminate\\Database\\Connectors\\Connector->createConnection('mysql:host=127....', Array, Array)
#4 D:\\Smart Damage Assessment System\\backend\\vendor\\laravel\\framework\\src\\Illuminate\\Database\\Connectors\\ConnectionFactory.php(185): Illuminate\\Database\\Connectors\\MySqlConnector->connect(Array)
#5 [internal function]: Illuminate\\Database\\Connectors\\ConnectionFactory->Illuminate\\Database\\Connectors\\{closure}()
#6 D:\\Smart Damage Assessment System\\backend\\vendor\\laravel\\framework\\src\\Illuminate\\Database\\Connection.php(1231): call_user_func(Object(Closure))
#7 D:\\Smart Damage Assessment System\\backend\\vendor\\laravel\\framework\\src\\Illuminate\\Database\\Connection.php(1267): Illuminate\\Database\\Connection->getPdo()
#8 D:\\Smart Damage Assessment System\\backend\\vendor\\laravel\\framework\\src\\Illuminate\\Database\\Connection.php(512): Illuminate\\Database\\Connection->getReadPdo()
#9 D:\\Smart Damage Assessment System\\backend\\vendor\\laravel\\framework\\src\\Illuminate\\Database\\Connection.php(407): Illuminate\\Database\\Connection->getPdoForSelect(true)
#10 D:\\Smart Damage Assessment System\\backend\\vendor\\laravel\\framework\\src\\Illuminate\\Database\\Connection.php(812): Illuminate\\Database\\Connection->Illuminate\\Database\\{closure}('select * from `...', Array)
#11 D:\\Smart Damage Assessment System\\backend\\vendor\\laravel\\framework\\src\\Illuminate\\Database\\Connection.php(979): Illuminate\\Database\\Connection->runQueryCallback('select * from `...', Array, Object(Closure))
#12 D:\\Smart Damage Assessment System\\backend\\vendor\\laravel\\framework\\src\\Illuminate\\Database\\Connection.php(958): Illuminate\\Database\\Connection->tryAgainIfCausedByLostConnection(Object(Illuminate\\Database\\QueryException), 'select * from `...', Array, Object(Closure))
#13 D:\\Smart Damage Assessment System\\backend\\vendor\\laravel\\framework\\src\\Illuminate\\Database\\Connection.php(781): Illuminate\\Database\\Connection->handleQueryException(Object(Illuminate\\Database\\QueryException), 'select * from `...', Array, Object(Closure))
#14 D:\\Smart Damage Assessment System\\backend\\vendor\\laravel\\framework\\src\\Illuminate\\Database\\Connection.php(398): Illuminate\\Database\\Connection->run('select * from `...', Array, Object(Closure))
#15 D:\\Smart Damage Assessment System\\backend\\vendor\\laravel\\framework\\src\\Illuminate\\Database\\Query\\Builder.php(3106): Illuminate\\Database\\Connection->select('select * from `...', Array, true)
#16 D:\\Smart Damage Assessment System\\backend\\vendor\\laravel\\framework\\src\\Illuminate\\Database\\Query\\Builder.php(3091): Illuminate\\Database\\Query\\Builder->runSelect()
#17 D:\\Smart Damage Assessment System\\backend\\vendor\\laravel\\framework\\src\\Illuminate\\Database\\Query\\Builder.php(3676): Illuminate\\Database\\Query\\Builder->Illuminate\\Database\\Query\\{closure}()
#18 D:\\Smart Damage Assessment System\\backend\\vendor\\laravel\\framework\\src\\Illuminate\\Database\\Query\\Builder.php(3090): Illuminate\\Database\\Query\\Builder->onceWithColumns(Array, Object(Closure))
#19 D:\\Smart Damage Assessment System\\backend\\vendor\\laravel\\framework\\src\\Illuminate\\Database\\Eloquent\\Builder.php(811): Illuminate\\Database\\Query\\Builder->get(Array)
#20 D:\\Smart Damage Assessment System\\backend\\vendor\\laravel\\framework\\src\\Illuminate\\Database\\Eloquent\\Builder.php(793): Illuminate\\Database\\Eloquent\\Builder->getModels(Array)
#21 D:\\Smart Damage Assessment System\\backend\\vendor\\laravel\\framework\\src\\Illuminate\\Database\\Concerns\\BuildsQueries.php(343): Illuminate\\Database\\Eloquent\\Builder->get(Array)
#22 D:\\Smart Damage Assessment System\\backend\\app\\Http\\Controllers\\Api\\AuthController.php(39): Illuminate\\Database\\Eloquent\\Builder->first()
#23 D:\\Smart Damage Assessment System\\backend\\vendor\\laravel\\framework\\src\\Illuminate\\Routing\\Controller.php(54): App\\Http\\Controllers\\Api\\AuthController->login(Object(Illuminate\\Http\\Request))
#24 D:\\Smart Damage Assessment System\\backend\\vendor\\laravel\\framework\\src\\Illuminate\\Routing\\ControllerDispatcher.php(44): Illuminate\\Routing\\Controller->callAction('login', Array)
#25 D:\\Smart Damage Assessment System\\backend\\vendor\\laravel\\framework\\src\\Illuminate\\Routing\\Route.php(266): Illuminate\\Routing\\ControllerDispatcher->dispatch(Object(Illuminate\\Routing\\Route), Object(App\\Http\\Controllers\\Api\\AuthController), 'login')
#26 D:\\Smart Damage Assessment System\\backend\\vendor\\laravel\\framework\\src\\Illuminate\\Routing\\Route.php(212): Illuminate\\Routing\\Route->runController()
#27 D:\\Smart Damage Assessment System\\backend\\vendor\\laravel\\framework\\src\\Illuminate\\Routing\\Router.php(808): Illuminate\\Routing\\Route->run()
#28 D:\\Smart Damage Assessment System\\backend\\vendor\\laravel\\framework\\src\\Illuminate\\Pipeline\\Pipeline.php(170): Illuminate\\Routing\\Router->Illuminate\\Routing\\{closure}(Object(Illuminate\\Http\\Request))
#29 D:\\Smart Damage Assessment System\\backend\\vendor\\laravel\\framework\\src\\Illuminate\\Routing\\Middleware\\SubstituteBindings.php(51): Illuminate\\Pipeline\\Pipeline->Illuminate\\Pipeline\\{closure}(Object(Illuminate\\Http\\Request))
#30 D:\\Smart Damage Assessment System\\backend\\vendor\\laravel\\framework\\src\\Illuminate\\Pipeline\\Pipeline.php(209): Illuminate\\Routing\\Middleware\\SubstituteBindings->handle(Object(Illuminate\\Http\\Request), Object(Closure))
#31 D:\\Smart Damage Assessment System\\backend\\vendor\\laravel\\framework\\src\\Illuminate\\Pipeline\\Pipeline.php(127): Illuminate\\Pipeline\\Pipeline->Illuminate\\Pipeline\\{closure}(Object(Illuminate\\Http\\Request))
#32 D:\\Smart Damage Assessment System\\backend\\vendor\\laravel\\framework\\src\\Illuminate\\Routing\\Router.php(807): Illuminate\\Pipeline\\Pipeline->then(Object(Closure))
#33 D:\\Smart Damage Assessment System\\backend\\vendor\\laravel\\framework\\src\\Illuminate\\Routing\\Router.php(786): Illuminate\\Routing\\Router->runRouteWithinStack(Object(Illuminate\\Routing\\Route), Object(Illuminate\\Http\\Request))
#34 D:\\Smart Damage Assessment System\\backend\\vendor\\laravel\\framework\\src\\Illuminate\\Routing\\Router.php(750): Illuminate\\Routing\\Router->runRoute(Object(Illuminate\\Http\\Request), Object(Illuminate\\Routing\\Route))
#35 D:\\Smart Damage Assessment System\\backend\\vendor\\laravel\\framework\\src\\Illuminate\\Routing\\Router.php(739): Illuminate\\Routing\\Router->dispatchToRoute(Object(Illuminate\\Http\\Request))
#36 D:\\Smart Damage Assessment System\\backend\\vendor\\laravel\\framework\\src\\Illuminate\\Foundation\\Http\\Kernel.php(201): Illuminate\\Routing\\Router->dispatch(Object(Illuminate\\Http\\Request))
#37 D:\\Smart Damage Assessment System\\backend\\vendor\\laravel\\framework\\src\\Illuminate\\Pipeline\\Pipeline.php(170): Illuminate\\Foundation\\Http\\Kernel->Illuminate\\Foundation\\Http\\{closure}(Object(Illuminate\\Http\\Request))
#38 D:\\Smart Damage Assessment System\\backend\\vendor\\laravel\\framework\\src\\Illuminate\\Foundation\\Http\\Middleware\\TransformsRequest.php(21): Illuminate\\Pipeline\\Pipeline->Illuminate\\Pipeline\\{closure}(Object(Illuminate\\Http\\Request))
#39 D:\\Smart Damage Assessment System\\backend\\vendor\\laravel\\framework\\src\\Illuminate\\Foundation\\Http\\Middleware\\ConvertEmptyStringsToNull.php(31): Illuminate\\Foundation\\Http\\Middleware\\TransformsRequest->handle(Object(Illuminate\\Http\\Request), Object(Closure))
#40 D:\\Smart Damage Assessment System\\backend\\vendor\\laravel\\framework\\src\\Illuminate\\Pipeline\\Pipeline.php(209): Illuminate\\Foundation\\Http\\Middleware\\ConvertEmptyStringsToNull->handle(Object(Illuminate\\Http\\Request), Object(Closure))
#41 D:\\Smart Damage Assessment System\\backend\\vendor\\laravel\\framework\\src\\Illuminate\\Foundation\\Http\\Middleware\\TransformsRequest.php(21): Illuminate\\Pipeline\\Pipeline->Illuminate\\Pipeline\\{closure}(Object(Illuminate\\Http\\Request))
#42 D:\\Smart Damage Assessment System\\backend\\vendor\\laravel\\framework\\src\\Illuminate\\Foundation\\Http\\Middleware\\TrimStrings.php(51): Illuminate\\Foundation\\Http\\Middleware\\TransformsRequest->handle(Object(Illuminate\\Http\\Request), Object(Closure))
#43 D:\\Smart Damage Assessment System\\backend\\vendor\\laravel\\framework\\src\\Illuminate\\Pipeline\\Pipeline.php(209): Illuminate\\Foundation\\Http\\Middleware\\TrimStrings->handle(Object(Illuminate\\Http\\Request), Object(Closure))
#44 D:\\Smart Damage Assessment System\\backend\\vendor\\laravel\\framework\\src\\Illuminate\\Http\\Middleware\\ValidatePostSize.php(27): Illuminate\\Pipeline\\Pipeline->Illuminate\\Pipeline\\{closure}(Object(Illuminate\\Http\\Request))
#45 D:\\Smart Damage Assessment System\\backend\\vendor\\laravel\\framework\\src\\Illuminate\\Pipeline\\Pipeline.php(209): Illuminate\\Http\\Middleware\\ValidatePostSize->handle(Object(Illuminate\\Http\\Request), Object(Closure))
#46 D:\\Smart Damage Assessment System\\backend\\vendor\\laravel\\framework\\src\\Illuminate\\Foundation\\Http\\Middleware\\PreventRequestsDuringMaintenance.php(110): Illuminate\\Pipeline\\Pipeline->Illuminate\\Pipeline\\{closure}(Object(Illuminate\\Http\\Request))
#47 D:\\Smart Damage Assessment System\\backend\\vendor\\laravel\\framework\\src\\Illuminate\\Pipeline\\Pipeline.php(209): Illuminate\\Foundation\\Http\\Middleware\\PreventRequestsDuringMaintenance->handle(Object(Illuminate\\Http\\Request), Object(Closure))
#48 D:\\Smart Damage Assessment System\\backend\\vendor\\laravel\\framework\\src\\Illuminate\\Http\\Middleware\\HandleCors.php(62): Illuminate\\Pipeline\\Pipeline->Illuminate\\Pipeline\\{closure}(Object(Illuminate\\Http\\Request))
#49 D:\\Smart Damage Assessment System\\backend\\vendor\\laravel\\framework\\src\\Illuminate\\Pipeline\\Pipeline.php(209): Illuminate\\Http\\Middleware\\HandleCors->handle(Object(Illuminate\\Http\\Request), Object(Closure))
#50 D:\\Smart Damage Assessment System\\backend\\vendor\\laravel\\framework\\src\\Illuminate\\Http\\Middleware\\TrustProxies.php(58): Illuminate\\Pipeline\\Pipeline->Illuminate\\Pipeline\\{closure}(Object(Illuminate\\Http\\Request))
#51 D:\\Smart Damage Assessment System\\backend\\vendor\\laravel\\framework\\src\\Illuminate\\Pipeline\\Pipeline.php(209): Illuminate\\Http\\Middleware\\TrustProxies->handle(Object(Illuminate\\Http\\Request), Object(Closure))
#52 D:\\Smart Damage Assessment System\\backend\\vendor\\laravel\\framework\\src\\Illuminate\\Foundation\\Http\\Middleware\\InvokeDeferredCallbacks.php(22): Illuminate\\Pipeline\\Pipeline->Illuminate\\Pipeline\\{closure}(Object(Illuminate\\Http\\Request))
#53 D:\\Smart Damage Assessment System\\backend\\vendor\\laravel\\framework\\src\\Illuminate\\Pipeline\\Pipeline.php(209): Illuminate\\Foundation\\Http\\Middleware\\InvokeDeferredCallbacks->handle(Object(Illuminate\\Http\\Request), Object(Closure))
#54 D:\\Smart Damage Assessment System\\backend\\vendor\\laravel\\framework\\src\\Illuminate\\Pipeline\\Pipeline.php(127): Illuminate\\Pipeline\\Pipeline->Illuminate\\Pipeline\\{closure}(Object(Illuminate\\Http\\Request))
#55 D:\\Smart Damage Assessment System\\backend\\vendor\\laravel\\framework\\src\\Illuminate\\Foundation\\Http\\Kernel.php(176): Illuminate\\Pipeline\\Pipeline->then(Object(Closure))
#56 D:\\Smart Damage Assessment System\\backend\\vendor\\laravel\\framework\\src\\Illuminate\\Foundation\\Http\\Kernel.php(145): Illuminate\\Foundation\\Http\\Kernel->sendRequestThroughRouter(Object(Illuminate\\Http\\Request))
#57 D:\\Smart Damage Assessment System\\backend\\public\\index.php(17): Illuminate\\Foundation\\Http\\Kernel->handle(Object(Illuminate\\Http\\Request))
#58 D:\\Smart Damage Assessment System\\backend\\vendor\\laravel\\framework\\src\\Illuminate\\Foundation\\resources\\server.php(23): require_once('D:\\\\Smart Damage...')
#59 {main}
"} 
